阶段 baselines；日志 D:\EV充电因果预测sci论文\05_实验结果\云端小实验\run_final_baselines_20260930_234456.log
== base_fcnn_s0  开始 23:44:56
23:44:58 INFO 运行 base_fcnn_s0，基线 fcnn，设备 cuda，torch 2.11.0+cu128
23:45:00 INFO 数据：T=4344 N=275 目标 utilization 训练/验证/测试起点 3001/409/841
23:45:00 INFO 模型参数 32,711；价格输入 none；损失 pinball（分位数）
23:45:07 INFO 训练 第   1 轮  训练 0.02371  验证 0.01789  4.1s
23:45:11 INFO 训练 第   2 轮  训练 0.01967  验证 0.01668  3.7s
23:45:15 INFO 训练 第   3 轮  训练 0.01877  验证 0.01610  3.7s
23:45:18 INFO 训练 第   4 轮  训练 0.01807  验证 0.01541  3.8s
23:45:22 INFO 训练 第   5 轮  训练 0.01757  验证 0.01512  3.8s
23:45:26 INFO 训练 第   6 轮  训练 0.01725  验证 0.01495  3.8s
23:45:30 INFO 训练 第   7 轮  训练 0.01700  验证 0.01479  3.9s
23:45:34 INFO 训练 第   8 轮  训练 0.01682  验证 0.01469  3.8s
23:45:38 INFO 训练 第   9 轮  训练 0.01671  验证 0.01464  3.9s
23:45:41 INFO 训练 第  10 轮  训练 0.01658  验证 0.01453  3.9s
23:45:45 INFO 训练 第  11 轮  训练 0.01646  验证 0.01445  3.8s
23:45:49 INFO 训练 第  12 轮  训练 0.01639  验证 0.01445  3.8s
23:45:53 INFO 训练 第  13 轮  训练 0.01633  验证 0.01445  3.8s
23:45:57 INFO 训练 第  14 轮  训练 0.01622  验证 0.01435  3.9s
23:46:01 INFO 训练 第  15 轮  训练 0.01615  验证 0.01431  3.8s
23:46:04 INFO 训练 第  16 轮  训练 0.01609  验证 0.01429  3.8s
23:46:08 INFO 训练 第  17 轮  训练 0.01602  验证 0.01431  3.8s
23:46:12 INFO 训练 第  18 轮  训练 0.01597  验证 0.01421  3.6s
23:46:16 INFO 训练 第  19 轮  训练 0.01590  验证 0.01421  3.7s
23:46:19 INFO 训练 第  20 轮  训练 0.01588  验证 0.01414  3.8s
23:46:23 INFO 训练 第  21 轮  训练 0.01579  验证 0.01406  3.8s
23:46:27 INFO 训练 第  22 轮  训练 0.01574  验证 0.01409  3.7s
23:46:31 INFO 训练 第  23 轮  训练 0.01570  验证 0.01399  3.7s
23:46:34 INFO 训练 第  24 轮  训练 0.01565  验证 0.01407  3.8s
23:46:38 INFO 训练 第  25 轮  训练 0.01561  验证 0.01405  3.7s
23:46:42 INFO 训练 第  26 轮  训练 0.01555  验证 0.01394  3.8s
23:46:46 INFO 训练 第  27 轮  训练 0.01553  验证 0.01394  3.7s
23:46:49 INFO 训练 第  28 轮  训练 0.01552  验证 0.01399  3.8s
23:46:53 INFO 训练 第  29 轮  训练 0.01545  验证 0.01397  3.8s
23:46:57 INFO 训练 第  30 轮  训练 0.01542  验证 0.01393  3.8s
23:47:01 INFO 训练 第  31 轮  训练 0.01538  验证 0.01377  3.8s
23:47:05 INFO 训练 第  32 轮  训练 0.01535  验证 0.01391  4.0s
23:47:09 INFO 训练 第  33 轮  训练 0.01533  验证 0.01387  4.0s
23:47:13 INFO 训练 第  34 轮  训练 0.01532  验证 0.01388  3.9s
23:47:17 INFO 训练 第  35 轮  训练 0.01530  验证 0.01383  3.9s
23:47:21 INFO 训练 第  36 轮  训练 0.01525  验证 0.01384  3.9s
23:47:24 INFO 训练 第  37 轮  训练 0.01522  验证 0.01372  3.8s
23:47:28 INFO 训练 第  38 轮  训练 0.01524  验证 0.01381  4.0s
23:47:32 INFO 训练 第  39 轮  训练 0.01518  验证 0.01378  3.9s
23:47:36 INFO 训练 第  40 轮  训练 0.01516  验证 0.01374  3.9s
23:47:40 INFO 训练 第  41 轮  训练 0.01516  验证 0.01373  3.9s
23:47:44 INFO 训练 第  42 轮  训练 0.01514  验证 0.01381  3.7s
23:47:48 INFO 训练 第  43 轮  训练 0.01511  验证 0.01373  3.7s
23:47:51 INFO 训练 第  44 轮  训练 0.01507  验证 0.01374  3.8s
23:47:55 INFO 训练 第  45 轮  训练 0.01508  验证 0.01386  3.8s
23:47:59 INFO 训练 第  46 轮  训练 0.01506  验证 0.01384  3.8s
23:48:03 INFO 训练 第  47 轮  训练 0.01505  验证 0.01365  3.7s
23:48:06 INFO 训练 第  48 轮  训练 0.01504  验证 0.01369  3.8s
23:48:10 INFO 训练 第  49 轮  训练 0.01499  验证 0.01368  3.7s
23:48:14 INFO 训练 第  50 轮  训练 0.01500  验证 0.01364  3.7s
23:48:18 INFO 训练 第  51 轮  训练 0.01498  验证 0.01360  3.8s
23:48:21 INFO 训练 第  52 轮  训练 0.01497  验证 0.01361  3.7s
23:48:25 INFO 训练 第  53 轮  训练 0.01496  验证 0.01362  3.7s
23:48:29 INFO 训练 第  54 轮  训练 0.01494  验证 0.01352  3.7s
23:48:32 INFO 训练 第  55 轮  训练 0.01493  验证 0.01363  3.8s
23:48:36 INFO 训练 第  56 轮  训练 0.01492  验证 0.01362  3.8s
23:48:40 INFO 训练 第  57 轮  训练 0.01491  验证 0.01371  3.9s
23:48:44 INFO 训练 第  58 轮  训练 0.01489  验证 0.01373  3.9s
23:48:48 INFO 训练 第  59 轮  训练 0.01488  验证 0.01365  3.7s
23:48:52 INFO 训练 第  60 轮  训练 0.01488  验证 0.01358  3.9s
23:48:55 INFO 训练 第  61 轮  训练 0.01486  验证 0.01352  3.8s
23:48:59 INFO 训练 第  62 轮  训练 0.01486  验证 0.01359  3.7s
23:49:03 INFO 训练 第  63 轮  训练 0.01484  验证 0.01370  3.8s
23:49:07 INFO 训练 第  64 轮  训练 0.01486  验证 0.01365  3.7s
23:49:10 INFO 训练 第  65 轮  训练 0.01482  验证 0.01353  3.7s
23:49:14 INFO 训练 第  66 轮  训练 0.01481  验证 0.01364  3.8s
23:49:18 INFO 训练 第  67 轮  训练 0.01481  验证 0.01360  3.8s
23:49:22 INFO 训练 第  68 轮  训练 0.01480  验证 0.01359  3.8s
23:49:26 INFO 训练 第  69 轮  训练 0.01478  验证 0.01357  3.8s
23:49:26 INFO 验证损失 15 轮未改善，提前停止
23:49:27 INFO 切换点一致性（all）：观测 β -1.180（0.393）  模型 β -0.630（0.193）
23:49:27 INFO 切换点一致性（novel）：观测 β -0.367（0.505）  模型 β -0.359（0.164）
23:49:43 INFO 测试期 MAE 0.0444  WAPE 0.227  CRPS 0.0266  PICP90 原始 0.897 / ACI 0.899；输出 D:\EV充电因果预测sci论文\05_实验结果\runs\base_fcnn_s0
== base_fcnn_s0  完成，用时 4.8 分钟
== base_lstm_s0  开始 23:49:44
23:49:47 INFO 运行 base_lstm_s0，基线 lstm，设备 cuda，torch 2.11.0+cu128
23:49:48 INFO 数据：T=4344 N=275 目标 utilization 训练/验证/测试起点 3001/409/841
23:49:48 INFO 模型参数 40,007；价格输入 none；损失 pinball（分位数）
23:49:56 INFO 训练 第   1 轮  训练 0.02437  验证 0.01803  5.3s
23:50:01 INFO 训练 第   2 轮  训练 0.02012  验证 0.01722  4.7s
23:50:06 INFO 训练 第   3 轮  训练 0.01929  验证 0.01670  4.7s
23:50:11 INFO 训练 第   4 轮  训练 0.01854  验证 0.01586  4.8s
23:50:15 INFO 训练 第   5 轮  训练 0.01786  验证 0.01535  5.0s
23:50:20 INFO 训练 第   6 轮  训练 0.01745  验证 0.01518  4.8s
23:50:25 INFO 训练 第   7 轮  训练 0.01716  验证 0.01492  4.7s
23:50:30 INFO 训练 第   8 轮  训练 0.01695  验证 0.01477  4.9s
23:50:35 INFO 训练 第   9 轮  训练 0.01679  验证 0.01472  4.9s
23:50:40 INFO 训练 第  10 轮  训练 0.01664  验证 0.01455  5.0s
23:50:45 INFO 训练 第  11 轮  训练 0.01649  验证 0.01454  4.7s
23:50:49 INFO 训练 第  12 轮  训练 0.01638  验证 0.01444  4.7s
23:50:54 INFO 训练 第  13 轮  训练 0.01629  验证 0.01445  4.7s
23:50:59 INFO 训练 第  14 轮  训练 0.01616  验证 0.01429  4.6s
23:51:03 INFO 训练 第  15 轮  训练 0.01610  验证 0.01434  4.8s
23:51:08 INFO 训练 第  16 轮  训练 0.01598  验证 0.01415  4.8s
23:51:13 INFO 训练 第  17 轮  训练 0.01589  验证 0.01423  4.8s
23:51:18 INFO 训练 第  18 轮  训练 0.01581  验证 0.01412  4.8s
23:51:23 INFO 训练 第  19 轮  训练 0.01570  验证 0.01402  4.7s
23:51:27 INFO 训练 第  20 轮  训练 0.01563  验证 0.01398  4.7s
23:51:32 INFO 训练 第  21 轮  训练 0.01555  验证 0.01400  4.8s
23:51:37 INFO 训练 第  22 轮  训练 0.01550  验证 0.01391  4.7s
23:51:42 INFO 训练 第  23 轮  训练 0.01543  验证 0.01388  4.7s
23:51:46 INFO 训练 第  24 轮  训练 0.01536  验证 0.01389  4.9s
23:51:51 INFO 训练 第  25 轮  训练 0.01531  验证 0.01408  4.8s
23:51:56 INFO 训练 第  26 轮  训练 0.01526  验证 0.01388  4.8s
23:52:01 INFO 训练 第  27 轮  训练 0.01521  验证 0.01391  4.7s
23:52:05 INFO 训练 第  28 轮  训练 0.01516  验证 0.01392  4.8s
23:52:10 INFO 训练 第  29 轮  训练 0.01511  验证 0.01381  4.9s
23:52:15 INFO 训练 第  30 轮  训练 0.01508  验证 0.01377  4.7s
23:52:20 INFO 训练 第  31 轮  训练 0.01503  验证 0.01384  4.7s
23:52:24 INFO 训练 第  32 轮  训练 0.01497  验证 0.01376  4.7s
23:52:29 INFO 训练 第  33 轮  训练 0.01494  验证 0.01369  4.8s
23:52:34 INFO 训练 第  34 轮  训练 0.01491  验证 0.01373  4.7s
23:52:39 INFO 训练 第  35 轮  训练 0.01487  验证 0.01364  4.7s
23:52:44 INFO 训练 第  36 轮  训练 0.01484  验证 0.01365  4.8s
23:52:48 INFO 训练 第  37 轮  训练 0.01480  验证 0.01361  4.8s
23:52:53 INFO 训练 第  38 轮  训练 0.01477  验证 0.01379  4.8s
23:52:58 INFO 训练 第  39 轮  训练 0.01474  验证 0.01374  4.8s
23:53:03 INFO 训练 第  40 轮  训练 0.01471  验证 0.01351  4.8s
23:53:07 INFO 训练 第  41 轮  训练 0.01470  验证 0.01362  4.7s
23:53:12 INFO 训练 第  42 轮  训练 0.01467  验证 0.01358  4.6s
23:53:17 INFO 训练 第  43 轮  训练 0.01464  验证 0.01357  4.7s
23:53:21 INFO 训练 第  44 轮  训练 0.01462  验证 0.01370  4.7s
23:53:26 INFO 训练 第  45 轮  训练 0.01461  验证 0.01363  4.7s
23:53:31 INFO 训练 第  46 轮  训练 0.01457  验证 0.01358  4.7s
23:53:36 INFO 训练 第  47 轮  训练 0.01455  验证 0.01351  4.9s
23:53:41 INFO 训练 第  48 轮  训练 0.01454  验证 0.01371  4.9s
23:53:45 INFO 训练 第  49 轮  训练 0.01450  验证 0.01362  4.6s
23:53:50 INFO 训练 第  50 轮  训练 0.01449  验证 0.01361  4.6s
23:53:55 INFO 训练 第  51 轮  训练 0.01448  验证 0.01357  4.7s
23:53:59 INFO 训练 第  52 轮  训练 0.01445  验证 0.01376  4.6s
23:54:04 INFO 训练 第  53 轮  训练 0.01445  验证 0.01345  4.7s
23:54:09 INFO 训练 第  54 轮  训练 0.01441  验证 0.01337  4.7s
23:54:13 INFO 训练 第  55 轮  训练 0.01439  验证 0.01336  4.6s
23:54:18 INFO 训练 第  56 轮  训练 0.01438  验证 0.01352  4.6s
23:54:23 INFO 训练 第  57 轮  训练 0.01436  验证 0.01364  4.7s
23:54:27 INFO 训练 第  58 轮  训练 0.01435  验证 0.01358  4.7s
23:54:32 INFO 训练 第  59 轮  训练 0.01433  验证 0.01353  4.6s
23:54:37 INFO 训练 第  60 轮  训练 0.01431  验证 0.01354  4.8s
23:54:41 INFO 训练 第  61 轮  训练 0.01430  验证 0.01338  4.8s
23:54:46 INFO 训练 第  62 轮  训练 0.01428  验证 0.01340  4.8s
23:54:51 INFO 训练 第  63 轮  训练 0.01427  验证 0.01348  5.0s
23:54:56 INFO 训练 第  64 轮  训练 0.01425  验证 0.01344  4.8s
23:55:01 INFO 训练 第  65 轮  训练 0.01423  验证 0.01349  5.0s
23:55:06 INFO 训练 第  66 轮  训练 0.01421  验证 0.01351  4.9s
23:55:11 INFO 训练 第  67 轮  训练 0.01422  验证 0.01348  4.9s
23:55:15 INFO 训练 第  68 轮  训练 0.01419  验证 0.01343  4.8s
23:55:20 INFO 训练 第  69 轮  训练 0.01417  验证 0.01330  4.9s
23:55:25 INFO 训练 第  70 轮  训练 0.01416  验证 0.01330  5.0s
23:55:30 INFO 训练 第  71 轮  训练 0.01416  验证 0.01329  4.9s
23:55:35 INFO 训练 第  72 轮  训练 0.01414  验证 0.01353  4.9s
23:55:40 INFO 训练 第  73 轮  训练 0.01413  验证 0.01349  4.7s
23:55:44 INFO 训练 第  74 轮  训练 0.01411  验证 0.01334  4.7s
23:55:49 INFO 训练 第  75 轮  训练 0.01410  验证 0.01349  4.7s
23:55:54 INFO 训练 第  76 轮  训练 0.01409  验证 0.01338  4.6s
23:55:58 INFO 训练 第  77 轮  训练 0.01408  验证 0.01348  4.6s
23:56:03 INFO 训练 第  78 轮  训练 0.01408  验证 0.01342  4.7s
23:56:08 INFO 训练 第  79 轮  训练 0.01408  验证 0.01341  4.6s
23:56:12 INFO 训练 第  80 轮  训练 0.01405  验证 0.01355  4.7s
23:56:17 INFO 训练 第  81 轮  训练 0.01407  验证 0.01334  4.9s
23:56:22 INFO 训练 第  82 轮  训练 0.01405  验证 0.01342  4.9s
23:56:27 INFO 训练 第  83 轮  训练 0.01402  验证 0.01339  5.0s
23:56:32 INFO 训练 第  84 轮  训练 0.01401  验证 0.01336  4.7s
23:56:37 INFO 训练 第  85 轮  训练 0.01400  验证 0.01341  4.7s
23:56:41 INFO 训练 第  86 轮  训练 0.01400  验证 0.01333  4.7s
23:56:41 INFO 验证损失 15 轮未改善，提前停止
23:56:43 INFO 切换点一致性（all）：观测 β -1.180（0.393）  模型 β -0.671（0.194）
23:56:43 INFO 切换点一致性（novel）：观测 β -0.367（0.505）  模型 β -0.308（0.167）
23:57:01 INFO 测试期 MAE 0.0436  WAPE 0.223  CRPS 0.0258  PICP90 原始 0.904 / ACI 0.901；输出 D:\EV充电因果预测sci论文\05_实验结果\runs\base_lstm_s0
== base_lstm_s0  完成，用时 7.3 分钟
== base_gcn_s0  开始 23:57:02
23:57:04 INFO 运行 base_gcn_s0，基线 gcn，设备 cuda，torch 2.11.0+cu128
23:57:06 INFO 数据：T=4344 N=275 目标 utilization 训练/验证/测试起点 3001/409/841
23:57:06 INFO 模型参数 1,074,616；价格输入 none；损失 pinball（分位数）
23:57:13 INFO 训练 第   1 轮  训练 0.02285  验证 0.01724  4.5s
23:57:17 INFO 训练 第   2 轮  训练 0.01847  验证 0.01607  3.9s
23:57:21 INFO 训练 第   3 轮  训练 0.01714  验证 0.01567  4.1s
23:57:25 INFO 训练 第   4 轮  训练 0.01624  验证 0.01536  4.1s
23:57:29 INFO 训练 第   5 轮  训练 0.01557  验证 0.01546  3.9s
23:57:33 INFO 训练 第   6 轮  训练 0.01507  验证 0.01541  3.8s
23:57:37 INFO 训练 第   7 轮  训练 0.01470  验证 0.01547  3.9s
23:57:41 INFO 训练 第   8 轮  训练 0.01432  验证 0.01557  3.9s
23:57:44 INFO 训练 第   9 轮  训练 0.01401  验证 0.01571  3.8s
23:57:48 INFO 训练 第  10 轮  训练 0.01375  验证 0.01576  4.0s
23:57:52 INFO 训练 第  11 轮  训练 0.01354  验证 0.01577  4.0s
23:57:57 INFO 训练 第  12 轮  训练 0.01334  验证 0.01579  4.0s
23:58:00 INFO 训练 第  13 轮  训练 0.01312  验证 0.01584  3.9s
23:58:04 INFO 训练 第  14 轮  训练 0.01295  验证 0.01591  3.9s
23:58:08 INFO 训练 第  15 轮  训练 0.01280  验证 0.01597  3.9s
23:58:12 INFO 训练 第  16 轮  训练 0.01264  验证 0.01614  3.9s
23:58:16 INFO 训练 第  17 轮  训练 0.01246  验证 0.01628  3.8s
23:58:20 INFO 训练 第  18 轮  训练 0.01250  验证 0.01615  3.9s
23:58:24 INFO 训练 第  19 轮  训练 0.01222  验证 0.01634  4.1s
23:58:24 INFO 验证损失 15 轮未改善，提前停止
23:58:25 INFO 切换点一致性（all）：观测 β -1.180（0.393）  模型 β -0.278（0.127）
23:58:26 INFO 切换点一致性（novel）：观测 β -0.367（0.505）  模型 β -0.251（0.184）
23:58:43 INFO 测试期 MAE 0.0528  WAPE 0.270  CRPS 0.0309  PICP90 原始 0.866 / ACI 0.902；输出 D:\EV充电因果预测sci论文\05_实验结果\runs\base_gcn_s0
== base_gcn_s0  完成，用时 1.7 分钟
== base_gcnlstm_s0  开始 23:58:44
23:58:46 INFO 运行 base_gcnlstm_s0，基线 gcnlstm，设备 cuda，torch 2.11.0+cu128
23:58:47 INFO 数据：T=4344 N=275 目标 utilization 训练/验证/测试起点 3001/409/841
23:58:48 INFO 模型参数 1,081,144；价格输入 none；损失 pinball（分位数）
23:58:56 INFO 训练 第   1 轮  训练 0.02297  验证 0.01731  5.1s
23:59:00 INFO 训练 第   2 轮  训练 0.01856  验证 0.01622  4.5s
23:59:05 INFO 训练 第   3 轮  训练 0.01717  验证 0.01573  4.6s
23:59:10 INFO 训练 第   4 轮  训练 0.01625  验证 0.01532  4.6s
23:59:14 INFO 训练 第   5 轮  训练 0.01557  验证 0.01524  4.6s
23:59:19 INFO 训练 第   6 轮  训练 0.01502  验证 0.01526  4.5s
23:59:24 INFO 训练 第   7 轮  训练 0.01466  验证 0.01535  4.8s
23:59:28 INFO 训练 第   8 轮  训练 0.01427  验证 0.01546  4.7s
23:59:33 INFO 训练 第   9 轮  训练 0.01397  验证 0.01560  4.6s
23:59:37 INFO 训练 第  10 轮  训练 0.01367  验证 0.01569  4.7s
23:59:42 INFO 训练 第  11 轮  训练 0.01346  验证 0.01582  4.7s
23:59:47 INFO 训练 第  12 轮  训练 0.01326  验证 0.01592  4.5s
23:59:51 INFO 训练 第  13 轮  训练 0.01303  验证 0.01585  4.6s
23:59:56 INFO 训练 第  14 轮  训练 0.01281  验证 0.01604  4.6s
00:00:00 INFO 训练 第  15 轮  训练 0.01264  验证 0.01620  4.6s
00:00:05 INFO 训练 第  16 轮  训练 0.01246  验证 0.01611  4.5s
00:00:09 INFO 训练 第  17 轮  训练 0.01234  验证 0.01631  4.6s
00:00:14 INFO 训练 第  18 轮  训练 0.01224  验证 0.01644  4.5s
00:00:19 INFO 训练 第  19 轮  训练 0.01207  验证 0.01660  4.7s
00:00:23 INFO 训练 第  20 轮  训练 0.01194  验证 0.01666  4.7s
00:00:23 INFO 验证损失 15 轮未改善，提前停止
00:00:25 INFO 切换点一致性（all）：观测 β -1.180（0.393）  模型 β -0.326（0.134）
00:00:25 INFO 切换点一致性（novel）：观测 β -0.367（0.505）  模型 β -0.157（0.130）
00:00:43 INFO 测试期 MAE 0.0518  WAPE 0.265  CRPS 0.0302  PICP90 原始 0.870 / ACI 0.902；输出 D:\EV充电因果预测sci论文\05_实验结果\runs\base_gcnlstm_s0
== base_gcnlstm_s0  完成，用时 2.0 分钟
== base_stgcn_s0  开始 00:00:44
00:00:46 INFO 运行 base_stgcn_s0，基线 stgcn，设备 cuda，torch 2.11.0+cu128
00:00:47 INFO 数据：T=4344 N=275 目标 utilization 训练/验证/测试起点 3001/409/841
00:00:47 INFO 模型参数 300,999；价格输入 none；损失 pinball（分位数）
00:01:02 INFO 训练 第   1 轮  训练 0.02290  验证 0.01797  11.9s
00:01:13 INFO 训练 第   2 轮  训练 0.01889  验证 0.01759  11.0s
00:01:25 INFO 训练 第   3 轮  训练 0.01801  验证 0.01626  11.1s
00:01:36 INFO 训练 第   4 轮  训练 0.01708  验证 0.01594  11.1s
00:01:47 INFO 训练 第   5 轮  训练 0.01644  验证 0.01591  11.2s
00:01:58 INFO 训练 第   6 轮  训练 0.01584  验证 0.01532  11.2s
00:02:09 INFO 训练 第   7 轮  训练 0.01534  验证 0.01529  11.2s
00:02:20 INFO 训练 第   8 轮  训练 0.01471  验证 0.01503  11.2s
00:02:32 INFO 训练 第   9 轮  训练 0.01422  验证 0.01509  11.2s
00:02:43 INFO 训练 第  10 轮  训练 0.01389  验证 0.01507  11.2s
00:02:54 INFO 训练 第  11 轮  训练 0.01363  验证 0.01504  11.1s
00:03:05 INFO 训练 第  12 轮  训练 0.01350  验证 0.01509  11.2s
00:03:16 INFO 训练 第  13 轮  训练 0.01330  验证 0.01523  11.2s
00:03:28 INFO 训练 第  14 轮  训练 0.01317  验证 0.01532  11.3s
00:03:39 INFO 训练 第  15 轮  训练 0.01301  验证 0.01514  11.2s
00:03:50 INFO 训练 第  16 轮  训练 0.01285  验证 0.01538  11.1s
00:04:01 INFO 训练 第  17 轮  训练 0.01271  验证 0.01544  11.1s
00:04:12 INFO 训练 第  18 轮  训练 0.01258  验证 0.01541  11.2s
00:04:24 INFO 训练 第  19 轮  训练 0.01242  验证 0.01547  11.2s
00:04:35 INFO 训练 第  20 轮  训练 0.01232  验证 0.01545  11.1s
00:04:46 INFO 训练 第  21 轮  训练 0.01217  验证 0.01552  11.2s
00:04:57 INFO 训练 第  22 轮  训练 0.01204  验证 0.01566  11.1s
00:05:08 INFO 训练 第  23 轮  训练 0.01204  验证 0.01564  11.3s
00:05:08 INFO 验证损失 15 轮未改善，提前停止
00:05:11 INFO 切换点一致性（all）：观测 β -1.180（0.393）  模型 β -0.185（0.157）
00:05:11 INFO 切换点一致性（novel）：观测 β -0.367（0.505）  模型 β -0.110（0.172）
00:05:28 INFO 测试期 MAE 0.0512  WAPE 0.262  CRPS 0.0296  PICP90 原始 0.874 / ACI 0.905；输出 D:\EV充电因果预测sci论文\05_实验结果\runs\base_stgcn_s0
== base_stgcn_s0  完成，用时 4.7 分钟
== base_astgcn_s0  开始 00:05:29
00:05:31 INFO 运行 base_astgcn_s0，基线 astgcn，设备 cuda，torch 2.11.0+cu128
00:05:32 INFO 数据：T=4344 N=275 目标 utilization 训练/验证/测试起点 3001/409/841
00:05:32 INFO 模型参数 483,447；价格输入 none；损失 pinball（分位数）
00:05:52 INFO 训练 第   1 轮  训练 0.02257  验证 0.01794  16.3s
00:06:07 INFO 训练 第   2 轮  训练 0.01966  验证 0.01698  15.6s
00:06:23 INFO 训练 第   3 轮  训练 0.01862  验证 0.01595  15.7s
00:06:39 INFO 训练 第   4 轮  训练 0.01761  验证 0.01531  15.6s
00:06:54 INFO 训练 第   5 轮  训练 0.01680  验证 0.01485  15.6s
00:07:10 INFO 训练 第   6 轮  训练 0.01627  验证 0.01478  15.7s
00:07:26 INFO 训练 第   7 轮  训练 0.01583  验证 0.01444  15.5s
00:07:41 INFO 训练 第   8 轮  训练 0.01545  验证 0.01470  15.7s
00:07:57 INFO 训练 第   9 轮  训练 0.01516  验证 0.01443  15.7s
00:08:13 INFO 训练 第  10 轮  训练 0.01487  验证 0.01453  15.7s
00:08:28 INFO 训练 第  11 轮  训练 0.01464  验证 0.01448  15.7s
00:08:44 INFO 训练 第  12 轮  训练 0.01449  验证 0.01456  15.6s
00:09:00 INFO 训练 第  13 轮  训练 0.01421  验证 0.01480  15.7s
00:09:15 INFO 训练 第  14 轮  训练 0.01408  验证 0.01440  15.8s
00:09:31 INFO 训练 第  15 轮  训练 0.01389  验证 0.01435  15.8s
00:09:47 INFO 训练 第  16 轮  训练 0.01378  验证 0.01447  15.7s
00:10:03 INFO 训练 第  17 轮  训练 0.01366  验证 0.01471  15.9s
00:10:18 INFO 训练 第  18 轮  训练 0.01346  验证 0.01458  15.6s
00:10:34 INFO 训练 第  19 轮  训练 0.01337  验证 0.01466  15.6s
00:10:50 INFO 训练 第  20 轮  训练 0.01324  验证 0.01451  15.6s
00:11:05 INFO 训练 第  21 轮  训练 0.01313  验证 0.01473  15.6s
00:11:21 INFO 训练 第  22 轮  训练 0.01301  验证 0.01457  15.6s
00:11:37 INFO 训练 第  23 轮  训练 0.01294  验证 0.01474  15.8s
00:11:52 INFO 训练 第  24 轮  训练 0.01285  验证 0.01482  15.6s
00:12:08 INFO 训练 第  25 轮  训练 0.01273  验证 0.01510  15.7s
00:12:23 INFO 训练 第  26 轮  训练 0.01262  验证 0.01469  15.5s
00:12:39 INFO 训练 第  27 轮  训练 0.01256  验证 0.01485  15.4s
00:12:55 INFO 训练 第  28 轮  训练 0.01257  验证 0.01484  15.7s
00:13:10 INFO 训练 第  29 轮  训练 0.01239  验证 0.01494  15.8s
00:13:26 INFO 训练 第  30 轮  训练 0.01231  验证 0.01510  15.6s
00:13:26 INFO 验证损失 15 轮未改善，提前停止
00:13:29 INFO 切换点一致性（all）：观测 β -1.180（0.393）  模型 β -0.417（0.177）
00:13:29 INFO 切换点一致性（novel）：观测 β -0.367（0.505）  模型 β -0.202（0.203）
00:13:48 INFO 测试期 MAE 0.0493  WAPE 0.252  CRPS 0.0287  PICP90 原始 0.872 / ACI 0.900；输出 D:\EV充电因果预测sci论文\05_实验结果\runs\base_astgcn_s0
== base_astgcn_s0  完成，用时 8.3 分钟
== base_agcrn_s0  开始 00:13:49
00:13:51 INFO 运行 base_agcrn_s0，基线 agcrn，设备 cuda，torch 2.11.0+cu128
00:13:52 INFO 数据：T=4344 N=275 目标 utilization 训练/验证/测试起点 3001/409/841
00:13:52 INFO 模型参数 812,933；价格输入 none；损失 pinball（分位数）
00:14:30 INFO 训练 第   1 轮  训练 0.02574  验证 0.01910  34.8s
00:15:05 INFO 训练 第   2 轮  训练 0.01932  验证 0.01799  34.3s
00:15:40 INFO 训练 第   3 轮  训练 0.01834  验证 0.01759  35.0s
00:16:15 INFO 训练 第   4 轮  训练 0.01737  验证 0.01670  35.0s
00:16:49 INFO 训练 第   5 轮  训练 0.01671  验证 0.01641  34.2s
00:17:24 INFO 训练 第   6 轮  训练 0.01616  验证 0.01600  34.9s
00:17:56 INFO 训练 第   7 轮  训练 0.01558  验证 0.01581  32.6s
00:18:31 INFO 训练 第   8 轮  训练 0.01503  验证 0.01533  34.2s
00:19:04 INFO 训练 第   9 轮  训练 0.01463  验证 0.01530  33.1s
00:19:36 INFO 训练 第  10 轮  训练 0.01431  验证 0.01509  32.5s
00:20:12 INFO 训练 第  11 轮  训练 0.01399  验证 0.01486  36.3s
00:20:46 INFO 训练 第  12 轮  训练 0.01373  验证 0.01477  33.5s
00:21:21 INFO 训练 第  13 轮  训练 0.01346  验证 0.01482  34.9s
00:21:55 INFO 训练 第  14 轮  训练 0.01332  验证 0.01470  34.5s
00:22:28 INFO 训练 第  15 轮  训练 0.01308  验证 0.01491  32.8s
00:23:04 INFO 训练 第  16 轮  训练 0.01290  验证 0.01487  35.3s
00:23:38 INFO 训练 第  17 轮  训练 0.01274  验证 0.01478  34.6s
00:24:12 INFO 训练 第  18 轮  训练 0.01257  验证 0.01476  33.6s
00:24:46 INFO 训练 第  19 轮  训练 0.01242  验证 0.01497  33.8s
00:25:17 INFO 训练 第  20 轮  训练 0.01227  验证 0.01487  31.9s
00:25:49 INFO 训练 第  21 轮  训练 0.01214  验证 0.01493  32.0s
00:26:24 INFO 训练 第  22 轮  训练 0.01200  验证 0.01506  34.7s
00:26:58 INFO 训练 第  23 轮  训练 0.01189  验证 0.01504  34.0s
00:27:32 INFO 训练 第  24 轮  训练 0.01178  验证 0.01527  33.6s
00:28:05 INFO 训练 第  25 轮  训练 0.01162  验证 0.01523  33.5s
00:28:40 INFO 训练 第  26 轮  训练 0.01150  验证 0.01541  34.6s
00:29:14 INFO 训练 第  27 轮  训练 0.01139  验证 0.01545  34.0s
00:29:49 INFO 训练 第  28 轮  训练 0.01125  验证 0.01563  34.9s
00:30:24 INFO 训练 第  29 轮  训练 0.01112  验证 0.01581  34.6s
00:30:24 INFO 验证损失 15 轮未改善，提前停止
00:30:30 INFO 切换点一致性（all）：观测 β -1.180（0.393）  模型 β -0.305（0.185）
00:30:30 INFO 切换点一致性（novel）：观测 β -0.367（0.505）  模型 β -0.096（0.207）
00:30:45 INFO 测试期 MAE 0.0514  WAPE 0.263  CRPS 0.0299  PICP90 原始 0.825 / ACI 0.906；输出 D:\EV充电因果预测sci论文\05_实验结果\runs\base_agcrn_s0
== base_agcrn_s0  完成，用时 17.0 分钟
== base_gwn_blind_s0  开始 00:30:46
00:30:49 INFO 运行 base_gwn_blind_s0，设备 cuda，torch 2.11.0+cu128
00:30:50 INFO 数据：T=4344 N=275 训练/验证/测试起点 3001/409/841；{'train': ('2022-09-01', '2023-01-05'), 'val': ('2023-01-06', '2023-01-23'), 'test': ('2023-01-24', '2023-02-28')}
00:30:51 INFO 模型参数 198,211；锚定方式 cut；锚定来源 fivemin_main
00:31:21 INFO 第   1 轮  训练 0.02306  验证 pinball 0.01701  分时小区平均 β +nan  27.4s
00:31:48 INFO 第   2 轮  训练 0.01837  验证 pinball 0.01619  分时小区平均 β +nan  26.6s
00:32:14 INFO 第   3 轮  训练 0.01705  验证 pinball 0.01525  分时小区平均 β +nan  26.6s
00:32:41 INFO 第   4 轮  训练 0.01578  验证 pinball 0.01431  分时小区平均 β +nan  26.7s
00:33:08 INFO 第   5 轮  训练 0.01494  验证 pinball 0.01438  分时小区平均 β +nan  26.7s
00:33:35 INFO 第   6 轮  训练 0.01434  验证 pinball 0.01411  分时小区平均 β +nan  26.8s
00:34:01 INFO 第   7 轮  训练 0.01404  验证 pinball 0.01382  分时小区平均 β +nan  26.8s
00:34:28 INFO 第   8 轮  训练 0.01384  验证 pinball 0.01363  分时小区平均 β +nan  26.7s
00:34:55 INFO 第   9 轮  训练 0.01356  验证 pinball 0.01475  分时小区平均 β +nan  26.7s
00:35:22 INFO 第  10 轮  训练 0.01340  验证 pinball 0.01365  分时小区平均 β +nan  26.7s
00:35:48 INFO 第  11 轮  训练 0.01328  验证 pinball 0.01318  分时小区平均 β +nan  26.7s
00:36:15 INFO 第  12 轮  训练 0.01306  验证 pinball 0.01299  分时小区平均 β +nan  26.6s
00:36:42 INFO 第  13 轮  训练 0.01296  验证 pinball 0.01323  分时小区平均 β +nan  26.7s
00:37:08 INFO 第  14 轮  训练 0.01288  验证 pinball 0.01327  分时小区平均 β +nan  26.6s
00:37:35 INFO 第  15 轮  训练 0.01273  验证 pinball 0.01301  分时小区平均 β +nan  26.6s
00:38:01 INFO 第  16 轮  训练 0.01258  验证 pinball 0.01289  分时小区平均 β +nan  26.6s
00:38:28 INFO 第  17 轮  训练 0.01254  验证 pinball 0.01304  分时小区平均 β +nan  26.7s
00:38:55 INFO 第  18 轮  训练 0.01238  验证 pinball 0.01312  分时小区平均 β +nan  26.7s
00:39:21 INFO 第  19 轮  训练 0.01230  验证 pinball 0.01298  分时小区平均 β +nan  26.7s
00:39:48 INFO 第  20 轮  训练 0.01223  验证 pinball 0.01302  分时小区平均 β +nan  26.6s
00:40:15 INFO 第  21 轮  训练 0.01221  验证 pinball 0.01314  分时小区平均 β +nan  26.8s
00:40:42 INFO 第  22 轮  训练 0.01209  验证 pinball 0.01311  分时小区平均 β +nan  26.6s
00:41:08 INFO 第  23 轮  训练 0.01203  验证 pinball 0.01292  分时小区平均 β +nan  26.8s
00:41:35 INFO 第  24 轮  训练 0.01202  验证 pinball 0.01307  分时小区平均 β +nan  26.7s
00:42:02 INFO 第  25 轮  训练 0.01191  验证 pinball 0.01339  分时小区平均 β +nan  26.6s
00:42:28 INFO 第  26 轮  训练 0.01188  验证 pinball 0.01328  分时小区平均 β +nan  26.6s
00:42:55 INFO 第  27 轮  训练 0.01188  验证 pinball 0.01304  分时小区平均 β +nan  26.8s
00:43:22 INFO 第  28 轮  训练 0.01180  验证 pinball 0.01283  分时小区平均 β +nan  26.7s
00:43:49 INFO 第  29 轮  训练 0.01170  验证 pinball 0.01303  分时小区平均 β +nan  26.7s
00:44:15 INFO 第  30 轮  训练 0.01167  验证 pinball 0.01328  分时小区平均 β +nan  26.7s
00:44:42 INFO 第  31 轮  训练 0.01164  验证 pinball 0.01345  分时小区平均 β +nan  26.8s
00:45:09 INFO 第  32 轮  训练 0.01163  验证 pinball 0.01343  分时小区平均 β +nan  26.7s
00:45:35 INFO 第  33 轮  训练 0.01159  验证 pinball 0.01348  分时小区平均 β +nan  26.8s
00:46:02 INFO 第  34 轮  训练 0.01148  验证 pinball 0.01318  分时小区平均 β +nan  26.7s
00:46:29 INFO 第  35 轮  训练 0.01148  验证 pinball 0.01382  分时小区平均 β +nan  26.5s
00:46:55 INFO 第  36 轮  训练 0.01143  验证 pinball 0.01327  分时小区平均 β +nan  26.7s
00:47:22 INFO 第  37 轮  训练 0.01142  验证 pinball 0.01347  分时小区平均 β +nan  26.6s
00:47:49 INFO 第  38 轮  训练 0.01132  验证 pinball 0.01378  分时小区平均 β +nan  26.7s
00:48:15 INFO 第  39 轮  训练 0.01126  验证 pinball 0.01343  分时小区平均 β +nan  26.7s
00:48:42 INFO 第  40 轮  训练 0.01129  验证 pinball 0.01342  分时小区平均 β +nan  26.7s
00:49:09 INFO 第  41 轮  训练 0.01123  验证 pinball 0.01389  分时小区平均 β +nan  26.8s
00:49:36 INFO 第  42 轮  训练 0.01118  验证 pinball 0.01373  分时小区平均 β +nan  26.8s
00:50:02 INFO 第  43 轮  训练 0.01111  验证 pinball 0.01367  分时小区平均 β +nan  26.7s
00:50:02 INFO 验证损失 15 轮未改善，提前停止
00:50:07 INFO 切换点一致性（all）：观测 β -1.180（0.393）  模型 β -0.423（0.208）
00:50:07 INFO 切换点一致性（novel）：观测 β -0.367（0.505）  模型 β -0.125（0.257）
00:50:25 INFO 测试期 MAE 0.0445  WAPE 0.228  CRPS 0.0260  PICP90 原始 0.816 / ACI 0.901；输出 D:\EV充电因果预测sci论文\05_实验结果\runs\base_gwn_blind_s0
== base_gwn_blind_s0  完成，用时 19.7 分钟
== base_staeformer_blind_s0  开始 00:50:26
00:50:28 INFO 运行 base_staeformer_blind_s0，设备 cuda，torch 2.11.0+cu128
00:50:29 INFO 数据：T=4344 N=275 训练/验证/测试起点 3001/409/841；{'train': ('2022-09-01', '2023-01-05'), 'val': ('2023-01-06', '2023-01-23'), 'test': ('2023-01-24', '2023-02-28')}
00:50:29 INFO 模型参数 1,686,391；锚定方式 cut；锚定来源 fivemin_main
Traceback (most recent call last):
  File "D:\EV充电因果预测sci论文\03_代码\scripts\train.py", line 211, in <module>
    main()
  File "D:\EV充电因果预测sci论文\03_代码\scripts\train.py", line 123, in main
    out = model(tb)
          ^^^^^^^^^
  File "D:\Program Files\Conda\envs\cpa\Lib\site-packages\torch\nn\modules\module.py", line 1779, in _wrapped_call_impl
    return self._call_impl(*args, **kwargs)
           ^^^^^^^^^^^^^^^^^^^^^^^^^^^^^^^^
  File "D:\Program Files\Conda\envs\cpa\Lib\site-packages\torch\nn\modules\module.py", line 1790, in _call_impl
    return forward_call(*args, **kwargs)
           ^^^^^^^^^^^^^^^^^^^^^^^^^^^^^
  File "D:\EV充电因果预测sci论文\03_代码\src\models\cpastgnn.py", line 93, in forward
    z = self.backbone(x, batch["cov_hist"], tod=batch.get("tod_hist"), dow=batch.get("dow_hist"))
        ^^^^^^^^^^^^^^^^^^^^^^^^^^^^^^^^^^^^^^^^^^^^^^^^^^^^^^^^^^^^^^^^^^^^^^^^^^^^^^^^^^^^^^^^^
  File "D:\Program Files\Conda\envs\cpa\Lib\site-packages\torch\nn\modules\module.py", line 1779, in _wrapped_call_impl
    return self._call_impl(*args, **kwargs)
           ^^^^^^^^^^^^^^^^^^^^^^^^^^^^^^^^
  File "D:\Program Files\Conda\envs\cpa\Lib\site-packages\torch\nn\modules\module.py", line 1790, in _call_impl
    return forward_call(*args, **kwargs)
           ^^^^^^^^^^^^^^^^^^^^^^^^^^^^^
  File "D:\EV充电因果预测sci论文\03_代码\src\models\backbones\staeformer.py", line 59, in forward
    s = blk(s)
        ^^^^^^
  File "D:\Program Files\Conda\envs\cpa\Lib\site-packages\torch\nn\modules\module.py", line 1779, in _wrapped_call_impl
    return self._call_impl(*args, **kwargs)
           ^^^^^^^^^^^^^^^^^^^^^^^^^^^^^^^^
  File "D:\Program Files\Conda\envs\cpa\Lib\site-packages\torch\nn\modules\module.py", line 1790, in _call_impl
    return forward_call(*args, **kwargs)
           ^^^^^^^^^^^^^^^^^^^^^^^^^^^^^
  File "D:\EV充电因果预测sci论文\03_代码\src\models\backbones\staeformer.py", line 22, in forward
    a, _ = self.attn(x, x, x, need_weights=False)
           ^^^^^^^^^^^^^^^^^^^^^^^^^^^^^^^^^^^^^^
  File "D:\Program Files\Conda\envs\cpa\Lib\site-packages\torch\nn\modules\module.py", line 1779, in _wrapped_call_impl
    return self._call_impl(*args, **kwargs)
           ^^^^^^^^^^^^^^^^^^^^^^^^^^^^^^^^
  File "D:\Program Files\Conda\envs\cpa\Lib\site-packages\torch\nn\modules\module.py", line 1790, in _call_impl
    return forward_call(*args, **kwargs)
           ^^^^^^^^^^^^^^^^^^^^^^^^^^^^^
  File "D:\Program Files\Conda\envs\cpa\Lib\site-packages\torch\nn\modules\activation.py", line 1492, in forward
    attn_output, attn_output_weights = F.multi_head_attention_forward(
                                       ^^^^^^^^^^^^^^^^^^^^^^^^^^^^^^^
  File "D:\Program Files\Conda\envs\cpa\Lib\site-packages\torch\nn\functional.py", line 6682, in multi_head_attention_forward
    attn_output = scaled_dot_product_attention(
                  ^^^^^^^^^^^^^^^^^^^^^^^^^^^^^
torch.OutOfMemoryError: CUDA out of memory. Tried to allocate 888.00 MiB. GPU 0 has a total capacity of 8.00 GiB of which 0 bytes is free. Of the allocated memory 13.68 GiB is allocated by PyTorch, and 544.93 MiB is reserved by PyTorch but unallocated. If reserved but unallocated memory is large try setting PYTORCH_CUDA_ALLOC_CONF=expandable_segments:True to avoid fragmentation.  See documentation for Memory Management  (https://docs.pytorch.org/docs/stable/notes/cuda.html#optimizing-memory-usage-with-pytorch-cuda-alloc-conf)
== base_staeformer_blind_s0  失败（没有 summary.json），用时 2.1 分钟
== base_stgcn_price_s0  开始 00:52:30
00:52:33 INFO 运行 base_stgcn_price_s0，基线 stgcn，设备 cuda，torch 2.11.0+cu128
00:52:34 INFO 数据：T=4344 N=275 目标 utilization 训练/验证/测试起点 3001/409/841
00:52:35 INFO 模型参数 301,511；价格输入 hist_fut；损失 pinball（分位数）
00:52:49 INFO 训练 第   1 轮  训练 0.02331  验证 0.01831  12.0s
00:53:00 INFO 训练 第   2 轮  训练 0.01897  验证 0.01801  11.1s
00:53:11 INFO 训练 第   3 轮  训练 0.01840  验证 0.01774  11.1s
00:53:22 INFO 训练 第   4 轮  训练 0.01795  验证 0.01711  11.1s
00:53:33 INFO 训练 第   5 轮  训练 0.01669  验证 0.01640  11.0s
00:53:45 INFO 训练 第   6 轮  训练 0.01586  验证 0.01598  11.1s
00:53:56 INFO 训练 第   7 轮  训练 0.01523  验证 0.01591  11.0s
00:54:07 INFO 训练 第   8 轮  训练 0.01470  验证 0.01557  11.1s
00:54:18 INFO 训练 第   9 轮  训练 0.01433  验证 0.01593  10.9s
00:54:29 INFO 训练 第  10 轮  训练 0.01407  验证 0.01585  11.1s
00:54:40 INFO 训练 第  11 轮  训练 0.01384  验证 0.01583  11.1s
00:54:51 INFO 训练 第  12 轮  训练 0.01369  验证 0.01574  11.1s
00:55:02 INFO 训练 第  13 轮  训练 0.01349  验证 0.01601  11.0s
00:55:13 INFO 训练 第  14 轮  训练 0.01337  验证 0.01586  10.9s
00:55:24 INFO 训练 第  15 轮  训练 0.01316  验证 0.01589  11.1s
00:55:35 INFO 训练 第  16 轮  训练 0.01299  验证 0.01600  11.0s
00:55:46 INFO 训练 第  17 轮  训练 0.01280  验证 0.01601  11.1s
00:55:57 INFO 训练 第  18 轮  训练 0.01263  验证 0.01621  11.0s
00:56:08 INFO 训练 第  19 轮  训练 0.01248  验证 0.01617  11.1s
00:56:19 INFO 训练 第  20 轮  训练 0.01229  验证 0.01615  11.0s
00:56:30 INFO 训练 第  21 轮  训练 0.01217  验证 0.01649  11.1s
00:56:41 INFO 训练 第  22 轮  训练 0.01200  验证 0.01638  11.0s
00:56:52 INFO 训练 第  23 轮  训练 0.01191  验证 0.01652  11.1s
00:56:52 INFO 验证损失 15 轮未改善，提前停止
00:56:56 INFO 价格响应读出（分时小区 dl_hist+dl_fut 价格 +5%）：弧弹性均值 +0.079，中位数 +0.080，为负的比例 0.31
00:56:56 INFO 切换点一致性（all）：观测 β -1.180（0.393）  模型 β -0.272（0.153）
00:56:57 INFO 切换点一致性（novel）：观测 β -0.367（0.505）  模型 β -0.234（0.214）
00:57:10 INFO 测试期 MAE 0.0550  WAPE 0.282  CRPS 0.0318  PICP90 原始 0.853 / ACI 0.904；输出 D:\EV充电因果预测sci论文\05_实验结果\runs\base_stgcn_price_s0
== base_stgcn_price_s0  完成，用时 4.7 分钟
== base_agcrn_price_s0  开始 00:57:11
00:57:13 INFO 运行 base_agcrn_price_s0，基线 agcrn，设备 cuda，torch 2.11.0+cu128
00:57:14 INFO 数据：T=4344 N=275 目标 utilization 训练/验证/测试起点 3001/409/841
00:57:14 INFO 模型参数 816,901；价格输入 hist_fut；损失 pinball（分位数）
00:57:52 INFO 训练 第   1 轮  训练 0.02582  验证 0.01887  34.4s
00:58:26 INFO 训练 第   2 轮  训练 0.01916  验证 0.01797  34.1s
00:59:01 INFO 训练 第   3 轮  训练 0.01817  验证 0.01736  35.1s
00:59:37 INFO 训练 第   4 轮  训练 0.01712  验证 0.01668  36.3s
01:00:10 INFO 训练 第   5 轮  训练 0.01643  验证 0.01617  33.1s
01:00:45 INFO 训练 第   6 轮  训练 0.01571  验证 0.01572  34.8s
01:01:19 INFO 训练 第   7 轮  训练 0.01513  验证 0.01570  33.6s
01:01:51 INFO 训练 第   8 轮  训练 0.01481  验证 0.01536  32.3s
01:02:25 INFO 训练 第   9 轮  训练 0.01448  验证 0.01525  34.0s
01:02:58 INFO 训练 第  10 轮  训练 0.01414  验证 0.01510  32.9s
01:03:32 INFO 训练 第  11 轮  训练 0.01383  验证 0.01485  34.0s
01:04:06 INFO 训练 第  12 轮  训练 0.01355  验证 0.01479  33.7s
01:04:38 INFO 训练 第  13 轮  训练 0.01328  验证 0.01487  32.9s
01:05:12 INFO 训练 第  14 轮  训练 0.01317  验证 0.01474  33.9s
01:05:44 INFO 训练 第  15 轮  训练 0.01291  验证 0.01484  32.1s
01:06:18 INFO 训练 第  16 轮  训练 0.01275  验证 0.01488  33.7s
01:06:52 INFO 训练 第  17 轮  训练 0.01261  验证 0.01487  34.3s
01:07:29 INFO 训练 第  18 轮  训练 0.01249  验证 0.01483  36.7s
01:08:06 INFO 训练 第  19 轮  训练 0.01235  验证 0.01494  36.6s
01:08:39 INFO 训练 第  20 轮  训练 0.01218  验证 0.01495  33.8s
01:09:14 INFO 训练 第  21 轮  训练 0.01206  验证 0.01494  34.7s
01:09:48 INFO 训练 第  22 轮  训练 0.01192  验证 0.01517  33.9s
01:10:23 INFO 训练 第  23 轮  训练 0.01178  验证 0.01531  34.6s
01:10:57 INFO 训练 第  24 轮  训练 0.01165  验证 0.01542  34.8s
01:11:30 INFO 训练 第  25 轮  训练 0.01151  验证 0.01550  32.9s
01:12:04 INFO 训练 第  26 轮  训练 0.01139  验证 0.01578  33.6s
01:12:38 INFO 训练 第  27 轮  训练 0.01127  验证 0.01572  34.3s
01:13:14 INFO 训练 第  28 轮  训练 0.01111  验证 0.01593  35.5s
01:13:47 INFO 训练 第  29 轮  训练 0.01098  验证 0.01608  33.5s
01:13:47 INFO 验证损失 15 轮未改善，提前停止
01:13:56 INFO 价格响应读出（分时小区 dl_hist+dl_fut 价格 +5%）：弧弹性均值 -0.009，中位数 -0.003，为负的比例 0.51
01:13:57 INFO 切换点一致性（all）：观测 β -1.180（0.393）  模型 β -0.360（0.182）
01:13:57 INFO 切换点一致性（novel）：观测 β -0.367（0.505）  模型 β -0.066（0.211）
01:14:13 INFO 测试期 MAE 0.0521  WAPE 0.266  CRPS 0.0306  PICP90 原始 0.807 / ACI 0.904；输出 D:\EV充电因果预测sci论文\05_实验结果\runs\base_agcrn_price_s0
== base_agcrn_price_s0  完成，用时 17.1 分钟
== base_fcnn_s1  开始 01:14:15
01:14:17 INFO 运行 base_fcnn_s1，基线 fcnn，设备 cuda，torch 2.11.0+cu128
01:14:19 INFO 数据：T=4344 N=275 目标 utilization 训练/验证/测试起点 3001/409/841
01:14:19 INFO 模型参数 32,711；价格输入 none；损失 pinball（分位数）
01:14:26 INFO 训练 第   1 轮  训练 0.02350  验证 0.01779  4.5s
01:14:30 INFO 训练 第   2 轮  训练 0.01980  验证 0.01704  3.9s
01:14:34 INFO 训练 第   3 轮  训练 0.01900  验证 0.01623  3.8s
01:14:38 INFO 训练 第   4 轮  训练 0.01830  验证 0.01562  3.7s
01:14:41 INFO 训练 第   5 轮  训练 0.01769  验证 0.01522  3.8s
01:14:45 INFO 训练 第   6 轮  训练 0.01729  验证 0.01492  3.9s
01:14:49 INFO 训练 第   7 轮  训练 0.01707  验证 0.01484  4.0s
01:14:53 INFO 训练 第   8 轮  训练 0.01694  验证 0.01476  3.9s
01:14:57 INFO 训练 第   9 轮  训练 0.01675  验证 0.01474  3.9s
01:15:01 INFO 训练 第  10 轮  训练 0.01664  验证 0.01462  3.9s
01:15:05 INFO 训练 第  11 轮  训练 0.01651  验证 0.01451  3.9s
01:15:09 INFO 训练 第  12 轮  训练 0.01642  验证 0.01443  3.9s
01:15:13 INFO 训练 第  13 轮  训练 0.01634  验证 0.01455  3.9s
01:15:17 INFO 训练 第  14 轮  训练 0.01626  验证 0.01437  3.9s
01:15:20 INFO 训练 第  15 轮  训练 0.01620  验证 0.01443  3.8s
01:15:24 INFO 训练 第  16 轮  训练 0.01611  验证 0.01435  3.9s
01:15:28 INFO 训练 第  17 轮  训练 0.01606  验证 0.01433  3.8s
01:15:32 INFO 训练 第  18 轮  训练 0.01599  验证 0.01416  3.8s
01:15:36 INFO 训练 第  19 轮  训练 0.01593  验证 0.01419  3.8s
01:15:39 INFO 训练 第  20 轮  训练 0.01590  验证 0.01411  3.8s
01:15:43 INFO 训练 第  21 轮  训练 0.01582  验证 0.01413  3.9s
01:15:47 INFO 训练 第  22 轮  训练 0.01578  验证 0.01413  3.9s
01:15:51 INFO 训练 第  23 轮  训练 0.01574  验证 0.01406  3.9s
01:15:55 INFO 训练 第  24 轮  训练 0.01569  验证 0.01405  3.9s
01:15:59 INFO 训练 第  25 轮  训练 0.01565  验证 0.01398  3.7s
01:16:02 INFO 训练 第  26 轮  训练 0.01560  验证 0.01395  3.8s
01:16:06 INFO 训练 第  27 轮  训练 0.01557  验证 0.01403  3.9s
01:16:10 INFO 训练 第  28 轮  训练 0.01551  验证 0.01398  3.8s
01:16:14 INFO 训练 第  29 轮  训练 0.01549  验证 0.01391  3.7s
01:16:17 INFO 训练 第  30 轮  训练 0.01545  验证 0.01401  3.8s
01:16:21 INFO 训练 第  31 轮  训练 0.01541  验证 0.01385  3.7s
01:16:25 INFO 训练 第  32 轮  训练 0.01538  验证 0.01392  3.7s
01:16:29 INFO 训练 第  33 轮  训练 0.01535  验证 0.01385  3.7s
01:16:32 INFO 训练 第  34 轮  训练 0.01531  验证 0.01394  3.7s
01:16:36 INFO 训练 第  35 轮  训练 0.01528  验证 0.01379  3.9s
01:16:40 INFO 训练 第  36 轮  训练 0.01525  验证 0.01376  3.9s
01:16:44 INFO 训练 第  37 轮  训练 0.01524  验证 0.01374  3.9s
01:16:48 INFO 训练 第  38 轮  训练 0.01520  验证 0.01385  3.7s
01:16:51 INFO 训练 第  39 轮  训练 0.01519  验证 0.01386  3.8s
01:16:55 INFO 训练 第  40 轮  训练 0.01516  验证 0.01381  3.7s
01:16:59 INFO 训练 第  41 轮  训练 0.01515  验证 0.01380  3.7s
01:17:03 INFO 训练 第  42 轮  训练 0.01512  验证 0.01381  3.7s
01:17:06 INFO 训练 第  43 轮  训练 0.01511  验证 0.01384  3.8s
01:17:10 INFO 训练 第  44 轮  训练 0.01507  验证 0.01387  3.8s
01:17:14 INFO 训练 第  45 轮  训练 0.01504  验证 0.01375  3.8s
01:17:17 INFO 训练 第  46 轮  训练 0.01504  验证 0.01371  3.7s
01:17:21 INFO 训练 第  47 轮  训练 0.01501  验证 0.01361  3.8s
01:17:25 INFO 训练 第  48 轮  训练 0.01500  验证 0.01370  3.9s
01:17:29 INFO 训练 第  49 轮  训练 0.01499  验证 0.01369  3.8s
01:17:33 INFO 训练 第  50 轮  训练 0.01497  验证 0.01383  3.8s
01:17:37 INFO 训练 第  51 轮  训练 0.01496  验证 0.01368  3.9s
01:17:41 INFO 训练 第  52 轮  训练 0.01492  验证 0.01365  3.9s
01:17:44 INFO 训练 第  53 轮  训练 0.01492  验证 0.01373  3.9s
01:17:48 INFO 训练 第  54 轮  训练 0.01492  验证 0.01380  3.8s
01:17:52 INFO 训练 第  55 轮  训练 0.01488  验证 0.01361  3.7s
01:17:56 INFO 训练 第  56 轮  训练 0.01486  验证 0.01364  3.8s
01:17:59 INFO 训练 第  57 轮  训练 0.01486  验证 0.01360  3.8s
01:18:03 INFO 训练 第  58 轮  训练 0.01484  验证 0.01359  3.6s
01:18:07 INFO 训练 第  59 轮  训练 0.01484  验证 0.01358  3.8s
01:18:11 INFO 训练 第  60 轮  训练 0.01483  验证 0.01360  3.9s
01:18:15 INFO 训练 第  61 轮  训练 0.01481  验证 0.01372  3.9s
01:18:18 INFO 训练 第  62 轮  训练 0.01479  验证 0.01355  3.7s
01:18:22 INFO 训练 第  63 轮  训练 0.01478  验证 0.01362  3.7s
01:18:26 INFO 训练 第  64 轮  训练 0.01478  验证 0.01358  3.8s
01:18:30 INFO 训练 第  65 轮  训练 0.01477  验证 0.01351  3.7s
01:18:33 INFO 训练 第  66 轮  训练 0.01474  验证 0.01367  3.7s
01:18:37 INFO 训练 第  67 轮  训练 0.01473  验证 0.01357  3.7s
01:18:41 INFO 训练 第  68 轮  训练 0.01474  验证 0.01363  3.8s
01:18:45 INFO 训练 第  69 轮  训练 0.01473  验证 0.01356  3.8s
01:18:49 INFO 训练 第  70 轮  训练 0.01472  验证 0.01351  3.8s
01:18:52 INFO 训练 第  71 轮  训练 0.01471  验证 0.01356  3.8s
01:18:56 INFO 训练 第  72 轮  训练 0.01471  验证 0.01355  3.7s
01:19:00 INFO 训练 第  73 轮  训练 0.01468  验证 0.01359  3.8s
01:19:04 INFO 训练 第  74 轮  训练 0.01467  验证 0.01345  3.9s
01:19:07 INFO 训练 第  75 轮  训练 0.01466  验证 0.01345  3.7s
01:19:11 INFO 训练 第  76 轮  训练 0.01466  验证 0.01344  3.8s
01:19:15 INFO 训练 第  77 轮  训练 0.01466  验证 0.01357  3.9s
01:19:19 INFO 训练 第  78 轮  训练 0.01465  验证 0.01353  3.8s
01:19:23 INFO 训练 第  79 轮  训练 0.01465  验证 0.01346  3.9s
01:19:27 INFO 训练 第  80 轮  训练 0.01463  验证 0.01355  3.9s
01:19:30 INFO 训练 第  81 轮  训练 0.01461  验证 0.01356  3.8s
01:19:34 INFO 训练 第  82 轮  训练 0.01462  验证 0.01354  3.7s
01:19:38 INFO 训练 第  83 轮  训练 0.01460  验证 0.01352  3.9s
01:19:42 INFO 训练 第  84 轮  训练 0.01462  验证 0.01354  3.7s
01:19:45 INFO 训练 第  85 轮  训练 0.01460  验证 0.01355  3.7s
01:19:49 INFO 训练 第  86 轮  训练 0.01459  验证 0.01350  3.8s
01:19:53 INFO 训练 第  87 轮  训练 0.01457  验证 0.01352  3.9s
01:19:57 INFO 训练 第  88 轮  训练 0.01458  验证 0.01350  3.9s
01:20:01 INFO 训练 第  89 轮  训练 0.01458  验证 0.01341  3.8s
01:20:05 INFO 训练 第  90 轮  训练 0.01455  验证 0.01356  3.8s
01:20:08 INFO 训练 第  91 轮  训练 0.01457  验证 0.01357  3.7s
01:20:12 INFO 训练 第  92 轮  训练 0.01455  验证 0.01353  3.8s
01:20:16 INFO 训练 第  93 轮  训练 0.01455  验证 0.01347  3.8s
01:20:19 INFO 训练 第  94 轮  训练 0.01458  验证 0.01356  3.7s
01:20:23 INFO 训练 第  95 轮  训练 0.01453  验证 0.01343  3.8s
01:20:27 INFO 训练 第  96 轮  训练 0.01455  验证 0.01348  3.7s
01:20:31 INFO 训练 第  97 轮  训练 0.01451  验证 0.01355  3.7s
01:20:35 INFO 训练 第  98 轮  训练 0.01452  验证 0.01354  3.8s
01:20:38 INFO 训练 第  99 轮  训练 0.01451  验证 0.01341  3.8s
01:20:42 INFO 训练 第 100 轮  训练 0.01452  验证 0.01345  3.8s
01:20:44 INFO 切换点一致性（all）：观测 β -1.180（0.393）  模型 β -0.693（0.206）
01:20:44 INFO 切换点一致性（novel）：观测 β -0.367（0.505）  模型 β -0.390（0.207）
01:21:00 INFO 测试期 MAE 0.0439  WAPE 0.225  CRPS 0.0262  PICP90 原始 0.896 / ACI 0.900；输出 D:\EV充电因果预测sci论文\05_实验结果\runs\base_fcnn_s1
== base_fcnn_s1  完成，用时 6.8 分钟
== base_lstm_s1  开始 01:21:01
01:21:12 INFO 运行 base_lstm_s1，基线 lstm，设备 cuda，torch 2.11.0+cu128
01:21:14 INFO 数据：T=4344 N=275 目标 utilization 训练/验证/测试起点 3001/409/841
01:21:14 INFO 模型参数 40,007；价格输入 none；损失 pinball（分位数）
01:21:22 INFO 训练 第   1 轮  训练 0.02465  验证 0.01808  5.1s
01:21:27 INFO 训练 第   2 轮  训练 0.02027  验证 0.01736  4.6s
01:21:31 INFO 训练 第   3 轮  训练 0.01966  验证 0.01695  4.7s
01:21:36 INFO 训练 第   4 轮  训练 0.01917  验证 0.01658  4.6s
01:21:41 INFO 训练 第   5 轮  训练 0.01861  验证 0.01594  4.6s
01:21:45 INFO 训练 第   6 轮  训练 0.01796  验证 0.01549  4.6s
01:21:50 INFO 训练 第   7 轮  训练 0.01755  验证 0.01524  4.6s
01:21:55 INFO 训练 第   8 轮  训练 0.01724  验证 0.01501  4.7s
01:21:59 INFO 训练 第   9 轮  训练 0.01703  验证 0.01483  4.7s
01:22:04 INFO 训练 第  10 轮  训练 0.01683  验证 0.01486  4.6s
01:22:08 INFO 训练 第  11 轮  训练 0.01670  验证 0.01466  4.7s
01:22:13 INFO 训练 第  12 轮  训练 0.01657  验证 0.01461  4.6s
01:22:18 INFO 训练 第  13 轮  训练 0.01645  验证 0.01453  4.6s
01:22:22 INFO 训练 第  14 轮  训练 0.01632  验证 0.01439  4.7s
01:22:27 INFO 训练 第  15 轮  训练 0.01621  验证 0.01453  4.7s
01:22:32 INFO 训练 第  16 轮  训练 0.01610  验证 0.01430  4.8s
01:22:37 INFO 训练 第  17 轮  训练 0.01599  验证 0.01417  4.9s
01:22:42 INFO 训练 第  18 轮  训练 0.01588  验证 0.01419  4.8s
01:22:47 INFO 训练 第  19 轮  训练 0.01583  验证 0.01420  4.9s
01:22:51 INFO 训练 第  20 轮  训练 0.01572  验证 0.01402  4.8s
01:22:56 INFO 训练 第  21 轮  训练 0.01565  验证 0.01410  4.7s
01:23:01 INFO 训练 第  22 轮  训练 0.01556  验证 0.01424  4.7s
01:23:06 INFO 训练 第  23 轮  训练 0.01548  验证 0.01420  4.6s
01:23:10 INFO 训练 第  24 轮  训练 0.01543  验证 0.01385  4.7s
01:23:15 INFO 训练 第  25 轮  训练 0.01535  验证 0.01379  4.7s
01:23:20 INFO 训练 第  26 轮  训练 0.01529  验证 0.01388  4.6s
01:23:24 INFO 训练 第  27 轮  训练 0.01525  验证 0.01395  4.7s
01:23:29 INFO 训练 第  28 轮  训练 0.01519  验证 0.01386  5.0s
01:23:34 INFO 训练 第  29 轮  训练 0.01512  验证 0.01381  4.8s
01:23:39 INFO 训练 第  30 轮  训练 0.01508  验证 0.01383  4.9s
01:23:44 INFO 训练 第  31 轮  训练 0.01505  验证 0.01372  4.9s
01:23:49 INFO 训练 第  32 轮  训练 0.01501  验证 0.01383  4.8s
01:23:53 INFO 训练 第  33 轮  训练 0.01495  验证 0.01364  4.7s
01:23:58 INFO 训练 第  34 轮  训练 0.01490  验证 0.01364  4.6s
01:24:03 INFO 训练 第  35 轮  训练 0.01486  验证 0.01373  4.8s
01:24:08 INFO 训练 第  36 轮  训练 0.01484  验证 0.01360  4.8s
01:24:12 INFO 训练 第  37 轮  训练 0.01479  验证 0.01381  4.9s
01:24:17 INFO 训练 第  38 轮  训练 0.01476  验证 0.01370  4.9s
01:24:22 INFO 训练 第  39 轮  训练 0.01473  验证 0.01366  4.7s
01:24:27 INFO 训练 第  40 轮  训练 0.01471  验证 0.01369  4.7s
01:24:32 INFO 训练 第  41 轮  训练 0.01466  验证 0.01347  4.9s
01:24:36 INFO 训练 第  42 轮  训练 0.01464  验证 0.01353  4.8s
01:24:41 INFO 训练 第  43 轮  训练 0.01461  验证 0.01352  4.7s
01:24:46 INFO 训练 第  44 轮  训练 0.01458  验证 0.01361  4.6s
01:24:51 INFO 训练 第  45 轮  训练 0.01456  验证 0.01359  4.8s
01:24:55 INFO 训练 第  46 轮  训练 0.01452  验证 0.01348  4.9s
01:25:00 INFO 训练 第  47 轮  训练 0.01451  验证 0.01350  4.8s
01:25:05 INFO 训练 第  48 轮  训练 0.01450  验证 0.01347  4.7s
01:25:10 INFO 训练 第  49 轮  训练 0.01447  验证 0.01355  4.7s
01:25:14 INFO 训练 第  50 轮  训练 0.01445  验证 0.01382  4.8s
01:25:19 INFO 训练 第  51 轮  训练 0.01441  验证 0.01366  4.9s
01:25:24 INFO 训练 第  52 轮  训练 0.01440  验证 0.01356  4.7s
01:25:29 INFO 训练 第  53 轮  训练 0.01438  验证 0.01344  4.8s
01:25:34 INFO 训练 第  54 轮  训练 0.01438  验证 0.01356  4.9s
01:25:39 INFO 训练 第  55 轮  训练 0.01434  验证 0.01346  4.8s
01:25:44 INFO 训练 第  56 轮  训练 0.01431  验证 0.01362  4.9s
01:25:48 INFO 训练 第  57 轮  训练 0.01430  验证 0.01348  4.7s
01:25:53 INFO 训练 第  58 轮  训练 0.01428  验证 0.01342  4.7s
01:25:58 INFO 训练 第  59 轮  训练 0.01426  验证 0.01336  4.7s
01:26:02 INFO 训练 第  60 轮  训练 0.01424  验证 0.01354  4.7s
01:26:07 INFO 训练 第  61 轮  训练 0.01423  验证 0.01351  4.7s
01:26:12 INFO 训练 第  62 轮  训练 0.01422  验证 0.01338  4.8s
01:26:17 INFO 训练 第  63 轮  训练 0.01420  验证 0.01359  4.8s
01:26:22 INFO 训练 第  64 轮  训练 0.01420  验证 0.01337  4.8s
01:26:26 INFO 训练 第  65 轮  训练 0.01417  验证 0.01350  4.9s
01:26:31 INFO 训练 第  66 轮  训练 0.01417  验证 0.01338  4.7s
01:26:36 INFO 训练 第  67 轮  训练 0.01413  验证 0.01340  4.7s
01:26:40 INFO 训练 第  68 轮  训练 0.01412  验证 0.01338  4.7s
01:26:45 INFO 训练 第  69 轮  训练 0.01411  验证 0.01334  4.8s
01:26:50 INFO 训练 第  70 轮  训练 0.01409  验证 0.01330  4.8s
01:26:55 INFO 训练 第  71 轮  训练 0.01408  验证 0.01338  4.7s
01:26:59 INFO 训练 第  72 轮  训练 0.01407  验证 0.01359  4.6s
01:27:04 INFO 训练 第  73 轮  训练 0.01407  验证 0.01339  4.7s
01:27:09 INFO 训练 第  74 轮  训练 0.01404  验证 0.01329  4.6s
01:27:13 INFO 训练 第  75 轮  训练 0.01402  验证 0.01339  4.7s
01:27:18 INFO 训练 第  76 轮  训练 0.01403  验证 0.01327  4.7s
01:27:23 INFO 训练 第  77 轮  训练 0.01401  验证 0.01329  4.7s
01:27:28 INFO 训练 第  78 轮  训练 0.01401  验证 0.01319  4.8s
01:27:33 INFO 训练 第  79 轮  训练 0.01399  验证 0.01329  4.8s
01:27:37 INFO 训练 第  80 轮  训练 0.01398  验证 0.01328  4.6s
01:27:42 INFO 训练 第  81 轮  训练 0.01398  验证 0.01354  4.7s
01:27:47 INFO 训练 第  82 轮  训练 0.01395  验证 0.01336  4.7s
01:27:51 INFO 训练 第  83 轮  训练 0.01395  验证 0.01327  4.6s
01:27:56 INFO 训练 第  84 轮  训练 0.01393  验证 0.01328  4.8s
01:28:01 INFO 训练 第  85 轮  训练 0.01394  验证 0.01337  4.8s
01:28:05 INFO 训练 第  86 轮  训练 0.01392  验证 0.01325  4.6s
01:28:10 INFO 训练 第  87 轮  训练 0.01392  验证 0.01345  4.6s
01:28:15 INFO 训练 第  88 轮  训练 0.01389  验证 0.01341  4.7s
01:28:20 INFO 训练 第  89 轮  训练 0.01389  验证 0.01326  4.7s
01:28:24 INFO 训练 第  90 轮  训练 0.01387  验证 0.01324  4.9s
01:28:29 INFO 训练 第  91 轮  训练 0.01387  验证 0.01331  4.7s
01:28:34 INFO 训练 第  92 轮  训练 0.01387  验证 0.01330  4.7s
01:28:39 INFO 训练 第  93 轮  训练 0.01386  验证 0.01349  4.8s
01:28:39 INFO 验证损失 15 轮未改善，提前停止
01:28:40 INFO 切换点一致性（all）：观测 β -1.180（0.393）  模型 β -0.610（0.207）
01:28:40 INFO 切换点一致性（novel）：观测 β -0.367（0.505）  模型 β -0.229（0.208）
01:28:56 INFO 测试期 MAE 0.0444  WAPE 0.227  CRPS 0.0261  PICP90 原始 0.892 / ACI 0.899；输出 D:\EV充电因果预测sci论文\05_实验结果\runs\base_lstm_s1
== base_lstm_s1  完成，用时 7.9 分钟
== base_gcn_s1  开始 01:28:57
01:28:59 INFO 运行 base_gcn_s1，基线 gcn，设备 cuda，torch 2.11.0+cu128
01:29:00 INFO 数据：T=4344 N=275 目标 utilization 训练/验证/测试起点 3001/409/841
01:29:01 INFO 模型参数 1,074,616；价格输入 none；损失 pinball（分位数）
01:29:08 INFO 训练 第   1 轮  训练 0.02299  验证 0.01738  4.6s
01:29:12 INFO 训练 第   2 轮  训练 0.01855  验证 0.01585  4.1s
01:29:16 INFO 训练 第   3 轮  训练 0.01737  验证 0.01535  4.0s
01:29:20 INFO 训练 第   4 轮  训练 0.01654  验证 0.01487  3.9s
01:29:24 INFO 训练 第   5 轮  训练 0.01599  验证 0.01465  3.8s
01:29:28 INFO 训练 第   6 轮  训练 0.01553  验证 0.01468  3.9s
01:29:32 INFO 训练 第   7 轮  训练 0.01518  验证 0.01464  3.8s
01:29:36 INFO 训练 第   8 轮  训练 0.01490  验证 0.01469  3.8s
01:29:40 INFO 训练 第   9 轮  训练 0.01462  验证 0.01463  4.0s
01:29:44 INFO 训练 第  10 轮  训练 0.01439  验证 0.01469  4.0s
01:29:48 INFO 训练 第  11 轮  训练 0.01417  验证 0.01465  4.1s
01:29:52 INFO 训练 第  12 轮  训练 0.01395  验证 0.01477  4.0s
01:29:56 INFO 训练 第  13 轮  训练 0.01377  验证 0.01494  4.0s
01:30:00 INFO 训练 第  14 轮  训练 0.01360  验证 0.01478  3.9s
01:30:03 INFO 训练 第  15 轮  训练 0.01346  验证 0.01489  3.9s
01:30:07 INFO 训练 第  16 轮  训练 0.01329  验证 0.01506  4.0s
01:30:11 INFO 训练 第  17 轮  训练 0.01313  验证 0.01500  4.1s
01:30:15 INFO 训练 第  18 轮  训练 0.01303  验证 0.01511  3.9s
01:30:19 INFO 训练 第  19 轮  训练 0.01286  验证 0.01510  3.9s
01:30:23 INFO 训练 第  20 轮  训练 0.01279  验证 0.01529  3.8s
01:30:27 INFO 训练 第  21 轮  训练 0.01262  验证 0.01527  3.9s
01:30:31 INFO 训练 第  22 轮  训练 0.01256  验证 0.01527  3.9s
01:30:35 INFO 训练 第  23 轮  训练 0.01241  验证 0.01528  3.9s
01:30:39 INFO 训练 第  24 轮  训练 0.01235  验证 0.01545  3.8s
01:30:39 INFO 验证损失 15 轮未改善，提前停止
01:30:40 INFO 切换点一致性（all）：观测 β -1.180（0.393）  模型 β -0.397（0.156）
01:30:40 INFO 切换点一致性（novel）：观测 β -0.367（0.505）  模型 β -0.196（0.170）
01:30:56 INFO 测试期 MAE 0.0506  WAPE 0.259  CRPS 0.0297  PICP90 原始 0.845 / ACI 0.902；输出 D:\EV充电因果预测sci论文\05_实验结果\runs\base_gcn_s1
== base_gcn_s1  完成，用时 2.0 分钟
== base_gcnlstm_s1  开始 01:30:57
01:30:59 INFO 运行 base_gcnlstm_s1，基线 gcnlstm，设备 cuda，torch 2.11.0+cu128
01:31:00 INFO 数据：T=4344 N=275 目标 utilization 训练/验证/测试起点 3001/409/841
01:31:01 INFO 模型参数 1,081,144；价格输入 none；损失 pinball（分位数）
01:31:09 INFO 训练 第   1 轮  训练 0.02282  验证 0.01753  5.4s
01:31:14 INFO 训练 第   2 轮  训练 0.01847  验证 0.01613  4.5s
01:31:19 INFO 训练 第   3 轮  训练 0.01718  验证 0.01582  4.7s
01:31:23 INFO 训练 第   4 轮  训练 0.01638  验证 0.01564  4.8s
01:31:28 INFO 训练 第   5 轮  训练 0.01575  验证 0.01566  4.6s
01:31:33 INFO 训练 第   6 轮  训练 0.01518  验证 0.01552  4.5s
01:31:37 INFO 训练 第   7 轮  训练 0.01474  验证 0.01539  4.5s
01:31:42 INFO 训练 第   8 轮  训练 0.01436  验证 0.01556  4.5s
01:31:46 INFO 训练 第   9 轮  训练 0.01407  验证 0.01567  4.5s
01:31:51 INFO 训练 第  10 轮  训练 0.01381  验证 0.01584  4.5s
01:31:55 INFO 训练 第  11 轮  训练 0.01355  验证 0.01578  4.6s
01:32:00 INFO 训练 第  12 轮  训练 0.01336  验证 0.01587  4.6s
01:32:04 INFO 训练 第  13 轮  训练 0.01317  验证 0.01604  4.5s
01:32:09 INFO 训练 第  14 轮  训练 0.01296  验证 0.01604  4.5s
01:32:13 INFO 训练 第  15 轮  训练 0.01285  验证 0.01608  4.6s
01:32:18 INFO 训练 第  16 轮  训练 0.01265  验证 0.01609  4.6s
01:32:23 INFO 训练 第  17 轮  训练 0.01250  验证 0.01634  4.7s
01:32:28 INFO 训练 第  18 轮  训练 0.01242  验证 0.01638  4.7s
01:32:32 INFO 训练 第  19 轮  训练 0.01224  验证 0.01647  4.5s
01:32:37 INFO 训练 第  20 轮  训练 0.01217  验证 0.01647  4.5s
01:32:41 INFO 训练 第  21 轮  训练 0.01201  验证 0.01647  4.5s
01:32:46 INFO 训练 第  22 轮  训练 0.01189  验证 0.01657  4.6s
01:32:46 INFO 验证损失 15 轮未改善，提前停止
01:32:47 INFO 切换点一致性（all）：观测 β -1.180（0.393）  模型 β -0.302（0.128）
01:32:47 INFO 切换点一致性（novel）：观测 β -0.367（0.505）  模型 β -0.078（0.114）
01:33:03 INFO 测试期 MAE 0.0528  WAPE 0.270  CRPS 0.0312  PICP90 原始 0.846 / ACI 0.903；输出 D:\EV充电因果预测sci论文\05_实验结果\runs\base_gcnlstm_s1
== base_gcnlstm_s1  完成，用时 2.1 分钟
== base_stgcn_s1  开始 01:33:04
01:33:06 INFO 运行 base_stgcn_s1，基线 stgcn，设备 cuda，torch 2.11.0+cu128
01:33:07 INFO 数据：T=4344 N=275 目标 utilization 训练/验证/测试起点 3001/409/841
01:33:07 INFO 模型参数 300,999；价格输入 none；损失 pinball（分位数）
01:33:22 INFO 训练 第   1 轮  训练 0.02315  验证 0.01777  11.9s
01:33:33 INFO 训练 第   2 轮  训练 0.01895  验证 0.01696  11.2s
01:33:44 INFO 训练 第   3 轮  训练 0.01826  验证 0.01650  11.1s
01:33:55 INFO 训练 第   4 轮  训练 0.01716  验证 0.01610  11.1s
01:34:06 INFO 训练 第   5 轮  训练 0.01638  验证 0.01553  11.3s
01:34:18 INFO 训练 第   6 轮  训练 0.01586  验证 0.01540  11.2s
01:34:29 INFO 训练 第   7 轮  训练 0.01537  验证 0.01503  11.2s
01:34:40 INFO 训练 第   8 轮  训练 0.01473  验证 0.01482  11.2s
01:34:51 INFO 训练 第   9 轮  训练 0.01432  验证 0.01488  11.1s
01:35:02 INFO 训练 第  10 轮  训练 0.01403  验证 0.01493  11.2s
01:35:14 INFO 训练 第  11 轮  训练 0.01384  验证 0.01494  11.2s
01:35:25 INFO 训练 第  12 轮  训练 0.01363  验证 0.01480  11.2s
01:35:36 INFO 训练 第  13 轮  训练 0.01344  验证 0.01471  11.2s
01:35:47 INFO 训练 第  14 轮  训练 0.01326  验证 0.01486  11.2s
01:35:58 INFO 训练 第  15 轮  训练 0.01312  验证 0.01494  11.2s
01:36:10 INFO 训练 第  16 轮  训练 0.01293  验证 0.01502  11.2s
01:36:21 INFO 训练 第  17 轮  训练 0.01277  验证 0.01496  11.2s
01:36:32 INFO 训练 第  18 轮  训练 0.01263  验证 0.01520  11.2s
01:36:43 INFO 训练 第  19 轮  训练 0.01243  验证 0.01512  11.2s
01:36:54 INFO 训练 第  20 轮  训练 0.01226  验证 0.01522  11.1s
01:37:05 INFO 训练 第  21 轮  训练 0.01213  验证 0.01546  11.2s
01:37:17 INFO 训练 第  22 轮  训练 0.01198  验证 0.01539  11.3s
01:37:28 INFO 训练 第  23 轮  训练 0.01188  验证 0.01535  11.1s
01:37:39 INFO 训练 第  24 轮  训练 0.01176  验证 0.01535  11.3s
01:37:50 INFO 训练 第  25 轮  训练 0.01164  验证 0.01550  11.1s
01:38:01 INFO 训练 第  26 轮  训练 0.01163  验证 0.01569  11.2s
01:38:13 INFO 训练 第  27 轮  训练 0.01143  验证 0.01575  11.2s
01:38:24 INFO 训练 第  28 轮  训练 0.01137  验证 0.01575  11.2s
01:38:24 INFO 验证损失 15 轮未改善，提前停止
01:38:26 INFO 切换点一致性（all）：观测 β -1.180（0.393）  模型 β -0.290（0.176）
01:38:27 INFO 切换点一致性（novel）：观测 β -0.367（0.505）  模型 β -0.116（0.232）
01:38:42 INFO 测试期 MAE 0.0524  WAPE 0.268  CRPS 0.0307  PICP90 原始 0.827 / ACI 0.902；输出 D:\EV充电因果预测sci论文\05_实验结果\runs\base_stgcn_s1
== base_stgcn_s1  完成，用时 5.7 分钟
== base_astgcn_s1  开始 01:38:44
01:38:46 INFO 运行 base_astgcn_s1，基线 astgcn，设备 cuda，torch 2.11.0+cu128
01:38:47 INFO 数据：T=4344 N=275 目标 utilization 训练/验证/测试起点 3001/409/841
01:38:47 INFO 模型参数 483,447；价格输入 none；损失 pinball（分位数）
01:39:06 INFO 训练 第   1 轮  训练 0.02272  验证 0.01789  16.1s
01:39:22 INFO 训练 第   2 轮  训练 0.01986  验证 0.01699  15.7s
01:39:38 INFO 训练 第   3 轮  训练 0.01905  验证 0.01639  15.7s
01:39:54 INFO 训练 第   4 轮  训练 0.01815  验证 0.01574  15.6s
01:40:09 INFO 训练 第   5 轮  训练 0.01745  验证 0.01554  15.4s
01:40:25 INFO 训练 第   6 轮  训练 0.01688  验证 0.01494  15.6s
01:40:40 INFO 训练 第   7 轮  训练 0.01645  验证 0.01502  15.7s
01:40:56 INFO 训练 第   8 轮  训练 0.01610  验证 0.01476  15.7s
01:41:12 INFO 训练 第   9 轮  训练 0.01576  验证 0.01478  15.7s
01:41:27 INFO 训练 第  10 轮  训练 0.01544  验证 0.01479  15.6s
01:41:43 INFO 训练 第  11 轮  训练 0.01522  验证 0.01473  15.6s
01:41:58 INFO 训练 第  12 轮  训练 0.01493  验证 0.01493  15.5s
01:42:14 INFO 训练 第  13 轮  训练 0.01470  验证 0.01523  15.7s
01:42:30 INFO 训练 第  14 轮  训练 0.01451  验证 0.01497  15.7s
01:42:45 INFO 训练 第  15 轮  训练 0.01432  验证 0.01495  15.6s
01:43:01 INFO 训练 第  16 轮  训练 0.01419  验证 0.01489  15.5s
01:43:16 INFO 训练 第  17 轮  训练 0.01397  验证 0.01509  15.7s
01:43:32 INFO 训练 第  18 轮  训练 0.01387  验证 0.01525  15.5s
01:43:48 INFO 训练 第  19 轮  训练 0.01372  验证 0.01525  15.5s
01:44:03 INFO 训练 第  20 轮  训练 0.01360  验证 0.01525  15.7s
01:44:19 INFO 训练 第  21 轮  训练 0.01347  验证 0.01529  15.5s
01:44:34 INFO 训练 第  22 轮  训练 0.01339  验证 0.01534  15.6s
01:44:50 INFO 训练 第  23 轮  训练 0.01329  验证 0.01534  15.5s
01:45:05 INFO 训练 第  24 轮  训练 0.01321  验证 0.01525  15.6s
01:45:21 INFO 训练 第  25 轮  训练 0.01319  验证 0.01553  15.7s
01:45:37 INFO 训练 第  26 轮  训练 0.01304  验证 0.01565  15.6s
01:45:37 INFO 验证损失 15 轮未改善，提前停止
01:45:40 INFO 切换点一致性（all）：观测 β -1.180（0.393）  模型 β -0.403（0.134）
01:45:40 INFO 切换点一致性（novel）：观测 β -0.367（0.505）  模型 β -0.080（0.115）
01:45:56 INFO 测试期 MAE 0.0503  WAPE 0.257  CRPS 0.0298  PICP90 原始 0.895 / ACI 0.899；输出 D:\EV充电因果预测sci论文\05_实验结果\runs\base_astgcn_s1
== base_astgcn_s1  完成，用时 7.2 分钟
== base_agcrn_s1  开始 01:45:58
01:46:00 INFO 运行 base_agcrn_s1，基线 agcrn，设备 cuda，torch 2.11.0+cu128
01:46:01 INFO 数据：T=4344 N=275 目标 utilization 训练/验证/测试起点 3001/409/841
01:46:01 INFO 模型参数 812,933；价格输入 none；损失 pinball（分位数）
01:46:38 INFO 训练 第   1 轮  训练 0.02593  验证 0.01936  33.7s
01:47:13 INFO 训练 第   2 轮  训练 0.01931  验证 0.01851  35.4s
01:47:48 INFO 训练 第   3 轮  训练 0.01828  验证 0.01736  35.2s
01:48:22 INFO 训练 第   4 轮  训练 0.01720  验证 0.01678  33.4s
01:48:56 INFO 训练 第   5 轮  训练 0.01647  验证 0.01618  34.5s
01:49:29 INFO 训练 第   6 轮  训练 0.01572  验证 0.01584  33.1s
01:50:04 INFO 训练 第   7 轮  训练 0.01530  验证 0.01557  34.3s
01:50:39 INFO 训练 第   8 轮  训练 0.01493  验证 0.01538  35.9s
01:51:13 INFO 训练 第   9 轮  训练 0.01465  验证 0.01520  33.1s
01:51:48 INFO 训练 第  10 轮  训练 0.01443  验证 0.01505  35.3s
01:52:22 INFO 训练 第  11 轮  训练 0.01416  验证 0.01491  34.1s
01:52:56 INFO 训练 第  12 轮  训练 0.01385  验证 0.01493  33.7s
01:53:28 INFO 训练 第  13 轮  训练 0.01356  验证 0.01480  32.3s
01:54:01 INFO 训练 第  14 轮  训练 0.01336  验证 0.01476  32.7s
01:54:34 INFO 训练 第  15 轮  训练 0.01317  验证 0.01487  33.3s
01:55:11 INFO 训练 第  16 轮  训练 0.01301  验证 0.01475  36.7s
01:55:49 INFO 训练 第  17 轮  训练 0.01280  验证 0.01479  37.9s
01:56:22 INFO 训练 第  18 轮  训练 0.01267  验证 0.01468  33.5s
01:56:55 INFO 训练 第  19 轮  训练 0.01251  验证 0.01484  33.4s
01:57:29 INFO 训练 第  20 轮  训练 0.01236  验证 0.01485  33.2s
01:58:01 INFO 训练 第  21 轮  训练 0.01224  验证 0.01495  32.5s
01:58:35 INFO 训练 第  22 轮  训练 0.01210  验证 0.01494  33.9s
01:59:09 INFO 训练 第  23 轮  训练 0.01197  验证 0.01513  34.2s
01:59:44 INFO 训练 第  24 轮  训练 0.01187  验证 0.01526  34.5s
02:00:17 INFO 训练 第  25 轮  训练 0.01172  验证 0.01522  33.1s
02:00:52 INFO 训练 第  26 轮  训练 0.01160  验证 0.01528  34.8s
02:01:27 INFO 训练 第  27 轮  训练 0.01148  验证 0.01549  35.2s
02:02:02 INFO 训练 第  28 轮  训练 0.01137  验证 0.01555  34.6s
02:02:36 INFO 训练 第  29 轮  训练 0.01124  验证 0.01571  34.0s
02:03:09 INFO 训练 第  30 轮  训练 0.01112  验证 0.01584  33.0s
02:03:42 INFO 训练 第  31 轮  训练 0.01104  验证 0.01599  33.6s
02:04:15 INFO 训练 第  32 轮  训练 0.01087  验证 0.01600  32.4s
02:04:48 INFO 训练 第  33 轮  训练 0.01074  验证 0.01628  33.4s
02:04:48 INFO 验证损失 15 轮未改善，提前停止
02:04:54 INFO 切换点一致性（all）：观测 β -1.180（0.393）  模型 β -0.309（0.174）
02:04:54 INFO 切换点一致性（novel）：观测 β -0.367（0.505）  模型 β -0.089（0.183）
02:05:09 INFO 测试期 MAE 0.0506  WAPE 0.259  CRPS 0.0295  PICP90 原始 0.823 / ACI 0.905；输出 D:\EV充电因果预测sci论文\05_实验结果\runs\base_agcrn_s1
== base_agcrn_s1  完成，用时 19.2 分钟
== base_gwn_blind_s1  开始 02:05:10
02:05:12 INFO 运行 base_gwn_blind_s1，设备 cuda，torch 2.11.0+cu128
02:05:13 INFO 数据：T=4344 N=275 训练/验证/测试起点 3001/409/841；{'train': ('2022-09-01', '2023-01-05'), 'val': ('2023-01-06', '2023-01-23'), 'test': ('2023-01-24', '2023-02-28')}
02:05:14 INFO 模型参数 198,211；锚定方式 cut；锚定来源 fivemin_main
02:05:44 INFO 第   1 轮  训练 0.02281  验证 pinball 0.01807  分时小区平均 β +nan  27.4s
02:06:11 INFO 第   2 轮  训练 0.01842  验证 pinball 0.01591  分时小区平均 β +nan  26.8s
02:06:38 INFO 第   3 轮  训练 0.01699  验证 pinball 0.01492  分时小区平均 β +nan  26.7s
02:07:05 INFO 第   4 轮  训练 0.01568  验证 pinball 0.01484  分时小区平均 β +nan  26.8s
02:07:31 INFO 第   5 轮  训练 0.01485  验证 pinball 0.01447  分时小区平均 β +nan  26.8s
02:07:58 INFO 第   6 轮  训练 0.01425  验证 pinball 0.01379  分时小区平均 β +nan  26.6s
02:08:25 INFO 第   7 轮  训练 0.01403  验证 pinball 0.01403  分时小区平均 β +nan  26.6s
02:08:51 INFO 第   8 轮  训练 0.01371  验证 pinball 0.01340  分时小区平均 β +nan  26.8s
02:09:18 INFO 第   9 轮  训练 0.01343  验证 pinball 0.01328  分时小区平均 β +nan  26.6s
02:09:45 INFO 第  10 轮  训练 0.01334  验证 pinball 0.01325  分时小区平均 β +nan  26.7s
02:10:12 INFO 第  11 轮  训练 0.01317  验证 pinball 0.01316  分时小区平均 β +nan  26.9s
02:10:38 INFO 第  12 轮  训练 0.01305  验证 pinball 0.01371  分时小区平均 β +nan  26.7s
02:11:05 INFO 第  13 轮  训练 0.01288  验证 pinball 0.01332  分时小区平均 β +nan  26.8s
02:11:32 INFO 第  14 轮  训练 0.01272  验证 pinball 0.01342  分时小区平均 β +nan  26.9s
02:11:59 INFO 第  15 轮  训练 0.01263  验证 pinball 0.01290  分时小区平均 β +nan  26.7s
02:12:25 INFO 第  16 轮  训练 0.01264  验证 pinball 0.01339  分时小区平均 β +nan  26.6s
02:12:52 INFO 第  17 轮  训练 0.01243  验证 pinball 0.01298  分时小区平均 β +nan  26.7s
02:13:19 INFO 第  18 轮  训练 0.01233  验证 pinball 0.01294  分时小区平均 β +nan  26.8s
02:13:45 INFO 第  19 轮  训练 0.01225  验证 pinball 0.01308  分时小区平均 β +nan  26.6s
02:14:12 INFO 第  20 轮  训练 0.01226  验证 pinball 0.01285  分时小区平均 β +nan  26.7s
02:14:39 INFO 第  21 轮  训练 0.01209  验证 pinball 0.01317  分时小区平均 β +nan  26.9s
02:15:06 INFO 第  22 轮  训练 0.01204  验证 pinball 0.01414  分时小区平均 β +nan  26.7s
02:15:33 INFO 第  23 轮  训练 0.01200  验证 pinball 0.01306  分时小区平均 β +nan  26.7s
02:15:59 INFO 第  24 轮  训练 0.01192  验证 pinball 0.01303  分时小区平均 β +nan  26.8s
02:16:26 INFO 第  25 轮  训练 0.01194  验证 pinball 0.01312  分时小区平均 β +nan  26.7s
02:16:53 INFO 第  26 轮  训练 0.01180  验证 pinball 0.01347  分时小区平均 β +nan  26.6s
02:17:19 INFO 第  27 轮  训练 0.01170  验证 pinball 0.01307  分时小区平均 β +nan  26.7s
02:17:46 INFO 第  28 轮  训练 0.01172  验证 pinball 0.01394  分时小区平均 β +nan  26.7s
02:18:13 INFO 第  29 轮  训练 0.01169  验证 pinball 0.01311  分时小区平均 β +nan  26.7s
02:18:39 INFO 第  30 轮  训练 0.01153  验证 pinball 0.01317  分时小区平均 β +nan  26.7s
02:19:06 INFO 第  31 轮  训练 0.01155  验证 pinball 0.01322  分时小区平均 β +nan  26.9s
02:19:33 INFO 第  32 轮  训练 0.01139  验证 pinball 0.01358  分时小区平均 β +nan  26.6s
02:20:00 INFO 第  33 轮  训练 0.01136  验证 pinball 0.01340  分时小区平均 β +nan  26.7s
02:20:27 INFO 第  34 轮  训练 0.01135  验证 pinball 0.01316  分时小区平均 β +nan  26.8s
02:20:53 INFO 第  35 轮  训练 0.01134  验证 pinball 0.01322  分时小区平均 β +nan  26.6s
02:20:53 INFO 验证损失 15 轮未改善，提前停止
02:20:58 INFO 切换点一致性（all）：观测 β -1.180（0.393）  模型 β -0.394（0.213）
02:20:58 INFO 切换点一致性（novel）：观测 β -0.367（0.505）  模型 β -0.096（0.262）
02:21:15 INFO 测试期 MAE 0.0449  WAPE 0.230  CRPS 0.0261  PICP90 原始 0.834 / ACI 0.901；输出 D:\EV充电因果预测sci论文\05_实验结果\runs\base_gwn_blind_s1
== base_gwn_blind_s1  完成，用时 16.1 分钟
== base_staeformer_blind_s1  开始 02:21:17
02:21:19 INFO 运行 base_staeformer_blind_s1，设备 cuda，torch 2.11.0+cu128
02:21:20 INFO 数据：T=4344 N=275 训练/验证/测试起点 3001/409/841；{'train': ('2022-09-01', '2023-01-05'), 'val': ('2023-01-06', '2023-01-23'), 'test': ('2023-01-24', '2023-02-28')}
02:21:20 INFO 模型参数 1,686,391；锚定方式 cut；锚定来源 fivemin_main
Traceback (most recent call last):
  File "D:\EV充电因果预测sci论文\03_代码\scripts\train.py", line 211, in <module>
    main()
  File "D:\EV充电因果预测sci论文\03_代码\scripts\train.py", line 123, in main
    out = model(tb)
          ^^^^^^^^^
  File "D:\Program Files\Conda\envs\cpa\Lib\site-packages\torch\nn\modules\module.py", line 1779, in _wrapped_call_impl
    return self._call_impl(*args, **kwargs)
           ^^^^^^^^^^^^^^^^^^^^^^^^^^^^^^^^
  File "D:\Program Files\Conda\envs\cpa\Lib\site-packages\torch\nn\modules\module.py", line 1790, in _call_impl
    return forward_call(*args, **kwargs)
           ^^^^^^^^^^^^^^^^^^^^^^^^^^^^^
  File "D:\EV充电因果预测sci论文\03_代码\src\models\cpastgnn.py", line 93, in forward
    z = self.backbone(x, batch["cov_hist"], tod=batch.get("tod_hist"), dow=batch.get("dow_hist"))
        ^^^^^^^^^^^^^^^^^^^^^^^^^^^^^^^^^^^^^^^^^^^^^^^^^^^^^^^^^^^^^^^^^^^^^^^^^^^^^^^^^^^^^^^^^
  File "D:\Program Files\Conda\envs\cpa\Lib\site-packages\torch\nn\modules\module.py", line 1779, in _wrapped_call_impl
    return self._call_impl(*args, **kwargs)
           ^^^^^^^^^^^^^^^^^^^^^^^^^^^^^^^^
  File "D:\Program Files\Conda\envs\cpa\Lib\site-packages\torch\nn\modules\module.py", line 1790, in _call_impl
    return forward_call(*args, **kwargs)
           ^^^^^^^^^^^^^^^^^^^^^^^^^^^^^
  File "D:\EV充电因果预测sci论文\03_代码\src\models\backbones\staeformer.py", line 59, in forward
    s = blk(s)
        ^^^^^^
  File "D:\Program Files\Conda\envs\cpa\Lib\site-packages\torch\nn\modules\module.py", line 1779, in _wrapped_call_impl
    return self._call_impl(*args, **kwargs)
           ^^^^^^^^^^^^^^^^^^^^^^^^^^^^^^^^
  File "D:\Program Files\Conda\envs\cpa\Lib\site-packages\torch\nn\modules\module.py", line 1790, in _call_impl
    return forward_call(*args, **kwargs)
           ^^^^^^^^^^^^^^^^^^^^^^^^^^^^^
  File "D:\EV充电因果预测sci论文\03_代码\src\models\backbones\staeformer.py", line 22, in forward
    a, _ = self.attn(x, x, x, need_weights=False)
           ^^^^^^^^^^^^^^^^^^^^^^^^^^^^^^^^^^^^^^
  File "D:\Program Files\Conda\envs\cpa\Lib\site-packages\torch\nn\modules\module.py", line 1779, in _wrapped_call_impl
    return self._call_impl(*args, **kwargs)
           ^^^^^^^^^^^^^^^^^^^^^^^^^^^^^^^^
  File "D:\Program Files\Conda\envs\cpa\Lib\site-packages\torch\nn\modules\module.py", line 1790, in _call_impl
    return forward_call(*args, **kwargs)
           ^^^^^^^^^^^^^^^^^^^^^^^^^^^^^
  File "D:\Program Files\Conda\envs\cpa\Lib\site-packages\torch\nn\modules\activation.py", line 1492, in forward
    attn_output, attn_output_weights = F.multi_head_attention_forward(
                                       ^^^^^^^^^^^^^^^^^^^^^^^^^^^^^^^
  File "D:\Program Files\Conda\envs\cpa\Lib\site-packages\torch\nn\functional.py", line 6682, in multi_head_attention_forward
    attn_output = scaled_dot_product_attention(
                  ^^^^^^^^^^^^^^^^^^^^^^^^^^^^^
torch.OutOfMemoryError: CUDA out of memory. Tried to allocate 888.00 MiB. GPU 0 has a total capacity of 8.00 GiB of which 0 bytes is free. Of the allocated memory 13.68 GiB is allocated by PyTorch, and 544.93 MiB is reserved by PyTorch but unallocated. If reserved but unallocated memory is large try setting PYTORCH_CUDA_ALLOC_CONF=expandable_segments:True to avoid fragmentation.  See documentation for Memory Management  (https://docs.pytorch.org/docs/stable/notes/cuda.html#optimizing-memory-usage-with-pytorch-cuda-alloc-conf)
== base_staeformer_blind_s1  失败（没有 summary.json），用时 3.7 分钟
== base_stgcn_price_s1  开始 02:24:57
02:25:00 INFO 运行 base_stgcn_price_s1，基线 stgcn，设备 cuda，torch 2.11.0+cu128
02:25:01 INFO 数据：T=4344 N=275 目标 utilization 训练/验证/测试起点 3001/409/841
02:25:02 INFO 模型参数 301,511；价格输入 hist_fut；损失 pinball（分位数）
02:25:16 INFO 训练 第   1 轮  训练 0.02313  验证 0.01792  11.9s
02:25:27 INFO 训练 第   2 轮  训练 0.01901  验证 0.01779  11.0s
02:25:38 INFO 训练 第   3 轮  训练 0.01847  验证 0.01717  11.1s
02:25:49 INFO 训练 第   4 轮  训练 0.01806  验证 0.01722  11.0s
02:26:00 INFO 训练 第   5 轮  训练 0.01699  验证 0.01617  11.0s
02:26:11 INFO 训练 第   6 轮  训练 0.01619  验证 0.01571  11.0s
02:26:22 INFO 训练 第   7 轮  训练 0.01569  验证 0.01559  11.1s
02:26:33 INFO 训练 第   8 轮  训练 0.01515  验证 0.01524  11.0s
02:26:44 INFO 训练 第   9 轮  训练 0.01445  验证 0.01485  11.1s
02:26:55 INFO 训练 第  10 轮  训练 0.01407  验证 0.01494  11.0s
02:27:06 INFO 训练 第  11 轮  训练 0.01385  验证 0.01490  11.1s
02:27:17 INFO 训练 第  12 轮  训练 0.01361  验证 0.01488  11.0s
02:27:29 INFO 训练 第  13 轮  训练 0.01344  验证 0.01479  11.1s
02:27:40 INFO 训练 第  14 轮  训练 0.01330  验证 0.01513  11.0s
02:27:51 INFO 训练 第  15 轮  训练 0.01313  验证 0.01515  11.0s
02:28:02 INFO 训练 第  16 轮  训练 0.01300  验证 0.01537  11.0s
02:28:13 INFO 训练 第  17 轮  训练 0.01287  验证 0.01533  11.1s
02:28:24 INFO 训练 第  18 轮  训练 0.01272  验证 0.01544  11.0s
02:28:35 INFO 训练 第  19 轮  训练 0.01257  验证 0.01553  11.1s
02:28:46 INFO 训练 第  20 轮  训练 0.01244  验证 0.01555  11.0s
02:28:57 INFO 训练 第  21 轮  训练 0.01233  验证 0.01559  11.1s
02:29:08 INFO 训练 第  22 轮  训练 0.01222  验证 0.01588  11.1s
02:29:19 INFO 训练 第  23 轮  训练 0.01208  验证 0.01571  11.0s
02:29:30 INFO 训练 第  24 轮  训练 0.01195  验证 0.01560  11.0s
02:29:41 INFO 训练 第  25 轮  训练 0.01187  验证 0.01564  11.1s
02:29:52 INFO 训练 第  26 轮  训练 0.01175  验证 0.01589  10.9s
02:30:03 INFO 训练 第  27 轮  训练 0.01158  验证 0.01587  11.0s
02:30:14 INFO 训练 第  28 轮  训练 0.01148  验证 0.01577  11.0s
02:30:14 INFO 验证损失 15 轮未改善，提前停止
02:30:18 INFO 价格响应读出（分时小区 dl_hist+dl_fut 价格 +5%）：弧弹性均值 +0.052，中位数 +0.033，为负的比例 0.44
02:30:18 INFO 切换点一致性（all）：观测 β -1.180（0.393）  模型 β -0.386（0.177）
02:30:18 INFO 切换点一致性（novel）：观测 β -0.367（0.505）  模型 β -0.296（0.217）
02:30:31 INFO 测试期 MAE 0.0525  WAPE 0.269  CRPS 0.0305  PICP90 原始 0.820 / ACI 0.902；输出 D:\EV充电因果预测sci论文\05_实验结果\runs\base_stgcn_price_s1
== base_stgcn_price_s1  完成，用时 5.6 分钟
== base_agcrn_price_s1  开始 02:30:32
02:30:34 INFO 运行 base_agcrn_price_s1，基线 agcrn，设备 cuda，torch 2.11.0+cu128
02:30:36 INFO 数据：T=4344 N=275 目标 utilization 训练/验证/测试起点 3001/409/841
02:30:36 INFO 模型参数 816,901；价格输入 hist_fut；损失 pinball（分位数）
02:31:14 INFO 训练 第   1 轮  训练 0.02558  验证 0.01922  35.2s
02:31:48 INFO 训练 第   2 轮  训练 0.01925  验证 0.01852  34.7s
02:32:23 INFO 训练 第   3 轮  训练 0.01847  验证 0.01760  34.8s
02:32:58 INFO 训练 第   4 轮  训练 0.01737  验证 0.01697  34.9s
02:33:32 INFO 训练 第   5 轮  训练 0.01668  验证 0.01629  34.1s
02:34:06 INFO 训练 第   6 轮  训练 0.01587  验证 0.01608  34.0s
02:34:40 INFO 训练 第   7 轮  训练 0.01532  验证 0.01579  33.2s
02:35:13 INFO 训练 第   8 轮  训练 0.01493  验证 0.01572  33.8s
02:35:48 INFO 训练 第   9 轮  训练 0.01467  验证 0.01544  34.4s
02:36:25 INFO 训练 第  10 轮  训练 0.01440  验证 0.01541  37.1s
02:36:59 INFO 训练 第  11 轮  训练 0.01408  验证 0.01513  34.3s
02:37:34 INFO 训练 第  12 轮  训练 0.01374  验证 0.01486  34.6s
02:38:09 INFO 训练 第  13 轮  训练 0.01347  验证 0.01486  35.1s
02:38:43 INFO 训练 第  14 轮  训练 0.01328  验证 0.01491  33.7s
02:39:18 INFO 训练 第  15 轮  训练 0.01308  验证 0.01483  35.1s
02:39:53 INFO 训练 第  16 轮  训练 0.01294  验证 0.01492  35.2s
02:40:27 INFO 训练 第  17 轮  训练 0.01275  验证 0.01481  34.2s
02:41:00 INFO 训练 第  18 轮  训练 0.01263  验证 0.01487  33.1s
02:41:35 INFO 训练 第  19 轮  训练 0.01249  验证 0.01494  34.8s
02:42:09 INFO 训练 第  20 轮  训练 0.01233  验证 0.01489  34.4s
02:42:44 INFO 训练 第  21 轮  训练 0.01220  验证 0.01510  34.2s
02:43:19 INFO 训练 第  22 轮  训练 0.01208  验证 0.01510  35.3s
02:43:54 INFO 训练 第  23 轮  训练 0.01194  验证 0.01524  35.6s
02:44:30 INFO 训练 第  24 轮  训练 0.01183  验证 0.01530  35.8s
02:45:04 INFO 训练 第  25 轮  训练 0.01171  验证 0.01541  33.8s
02:45:40 INFO 训练 第  26 轮  训练 0.01156  验证 0.01549  35.9s
02:46:14 INFO 训练 第  27 轮  训练 0.01143  验证 0.01563  33.9s
02:46:48 INFO 训练 第  28 轮  训练 0.01130  验证 0.01582  33.7s
02:47:23 INFO 训练 第  29 轮  训练 0.01118  验证 0.01579  35.0s
02:47:58 INFO 训练 第  30 轮  训练 0.01106  验证 0.01613  35.7s
02:48:33 INFO 训练 第  31 轮  训练 0.01094  验证 0.01616  34.4s
02:49:06 INFO 训练 第  32 轮  训练 0.01084  验证 0.01631  33.8s
02:49:06 INFO 验证损失 15 轮未改善，提前停止
02:49:16 INFO 价格响应读出（分时小区 dl_hist+dl_fut 价格 +5%）：弧弹性均值 +0.120，中位数 +0.111，为负的比例 0.29
02:49:17 INFO 切换点一致性（all）：观测 β -1.180（0.393）  模型 β -0.381（0.216）
02:49:17 INFO 切换点一致性（novel）：观测 β -0.367（0.505）  模型 β -0.172（0.235）
02:49:35 INFO 测试期 MAE 0.0514  WAPE 0.263  CRPS 0.0301  PICP90 原始 0.805 / ACI 0.905；输出 D:\EV充电因果预测sci论文\05_实验结果\runs\base_agcrn_price_s1
== base_agcrn_price_s1  完成，用时 19.1 分钟
== base_fcnn_s2  开始 02:49:36
02:49:38 INFO 运行 base_fcnn_s2，基线 fcnn，设备 cuda，torch 2.11.0+cu128
02:49:40 INFO 数据：T=4344 N=275 目标 utilization 训练/验证/测试起点 3001/409/841
02:49:40 INFO 模型参数 32,711；价格输入 none；损失 pinball（分位数）
02:49:47 INFO 训练 第   1 轮  训练 0.02358  验证 0.01785  4.3s
02:49:51 INFO 训练 第   2 轮  训练 0.01955  验证 0.01658  3.9s
02:49:55 INFO 训练 第   3 轮  训练 0.01861  验证 0.01586  3.7s
02:49:59 INFO 训练 第   4 轮  训练 0.01789  验证 0.01528  3.7s
02:50:02 INFO 训练 第   5 轮  训练 0.01747  验证 0.01502  3.8s
02:50:06 INFO 训练 第   6 轮  训练 0.01720  验证 0.01492  3.7s
02:50:10 INFO 训练 第   7 轮  训练 0.01694  验证 0.01477  3.7s
02:50:14 INFO 训练 第   8 轮  训练 0.01679  验证 0.01468  3.8s
02:50:17 INFO 训练 第   9 轮  训练 0.01666  验证 0.01459  3.8s
02:50:21 INFO 训练 第  10 轮  训练 0.01654  验证 0.01459  3.9s
02:50:25 INFO 训练 第  11 轮  训练 0.01647  验证 0.01455  3.8s
02:50:29 INFO 训练 第  12 轮  训练 0.01636  验证 0.01444  3.7s
02:50:33 INFO 训练 第  13 轮  训练 0.01632  验证 0.01455  3.8s
02:50:36 INFO 训练 第  14 轮  训练 0.01622  验证 0.01446  3.7s
02:50:40 INFO 训练 第  15 轮  训练 0.01615  验证 0.01429  3.8s
02:50:44 INFO 训练 第  16 轮  训练 0.01613  验证 0.01433  3.7s
02:50:48 INFO 训练 第  17 轮  训练 0.01605  验证 0.01432  3.8s
02:50:51 INFO 训练 第  18 轮  训练 0.01600  验证 0.01429  3.8s
02:50:55 INFO 训练 第  19 轮  训练 0.01593  验证 0.01431  3.9s
02:50:59 INFO 训练 第  20 轮  训练 0.01589  验证 0.01423  3.9s
02:51:03 INFO 训练 第  21 轮  训练 0.01582  验证 0.01415  4.0s
02:51:07 INFO 训练 第  22 轮  训练 0.01579  验证 0.01419  4.0s
02:51:11 INFO 训练 第  23 轮  训练 0.01574  验证 0.01407  4.0s
02:51:15 INFO 训练 第  24 轮  训练 0.01570  验证 0.01406  4.0s
02:51:19 INFO 训练 第  25 轮  训练 0.01569  验证 0.01402  4.0s
02:51:23 INFO 训练 第  26 轮  训练 0.01562  验证 0.01399  4.0s
02:51:27 INFO 训练 第  27 轮  训练 0.01556  验证 0.01399  3.9s
02:51:31 INFO 训练 第  28 轮  训练 0.01551  验证 0.01401  3.8s
02:51:35 INFO 训练 第  29 轮  训练 0.01554  验证 0.01398  3.7s
02:51:38 INFO 训练 第  30 轮  训练 0.01545  验证 0.01390  3.7s
02:51:42 INFO 训练 第  31 轮  训练 0.01542  验证 0.01394  3.8s
02:51:46 INFO 训练 第  32 轮  训练 0.01539  验证 0.01390  3.7s
02:51:50 INFO 训练 第  33 轮  训练 0.01535  验证 0.01396  3.8s
02:51:53 INFO 训练 第  34 轮  训练 0.01532  验证 0.01384  3.8s
02:51:57 INFO 训练 第  35 轮  训练 0.01531  验证 0.01383  3.9s
02:52:01 INFO 训练 第  36 轮  训练 0.01527  验证 0.01388  3.8s
02:52:05 INFO 训练 第  37 轮  训练 0.01525  验证 0.01380  3.9s
02:52:09 INFO 训练 第  38 轮  训练 0.01525  验证 0.01387  3.9s
02:52:13 INFO 训练 第  39 轮  训练 0.01521  验证 0.01374  3.8s
02:52:16 INFO 训练 第  40 轮  训练 0.01517  验证 0.01378  3.7s
02:52:20 INFO 训练 第  41 轮  训练 0.01515  验证 0.01380  3.8s
02:52:24 INFO 训练 第  42 轮  训练 0.01513  验证 0.01382  3.9s
02:52:28 INFO 训练 第  43 轮  训练 0.01512  验证 0.01378  3.8s
02:52:32 INFO 训练 第  44 轮  训练 0.01510  验证 0.01372  3.7s
02:52:35 INFO 训练 第  45 轮  训练 0.01508  验证 0.01372  3.7s
02:52:39 INFO 训练 第  46 轮  训练 0.01507  验证 0.01377  3.8s
02:52:43 INFO 训练 第  47 轮  训练 0.01504  验证 0.01378  3.8s
02:52:46 INFO 训练 第  48 轮  训练 0.01503  验证 0.01380  3.7s
02:52:50 INFO 训练 第  49 轮  训练 0.01501  验证 0.01376  3.8s
02:52:54 INFO 训练 第  50 轮  训练 0.01499  验证 0.01367  3.7s
02:52:58 INFO 训练 第  51 轮  训练 0.01498  验证 0.01364  3.8s
02:53:02 INFO 训练 第  52 轮  训练 0.01497  验证 0.01363  3.9s
02:53:06 INFO 训练 第  53 轮  训练 0.01495  验证 0.01377  3.9s
02:53:09 INFO 训练 第  54 轮  训练 0.01495  验证 0.01362  3.7s
02:53:13 INFO 训练 第  55 轮  训练 0.01492  验证 0.01360  3.7s
02:53:17 INFO 训练 第  56 轮  训练 0.01492  验证 0.01383  3.7s
02:53:21 INFO 训练 第  57 轮  训练 0.01491  验证 0.01361  3.7s
02:53:24 INFO 训练 第  58 轮  训练 0.01492  验证 0.01356  3.7s
02:53:28 INFO 训练 第  59 轮  训练 0.01488  验证 0.01356  3.7s
02:53:32 INFO 训练 第  60 轮  训练 0.01487  验证 0.01361  3.7s
02:53:36 INFO 训练 第  61 轮  训练 0.01487  验证 0.01372  3.9s
02:53:40 INFO 训练 第  62 轮  训练 0.01484  验证 0.01365  3.9s
02:53:43 INFO 训练 第  63 轮  训练 0.01484  验证 0.01358  3.7s
02:53:47 INFO 训练 第  64 轮  训练 0.01483  验证 0.01347  3.8s
02:53:51 INFO 训练 第  65 轮  训练 0.01483  验证 0.01354  3.6s
02:53:54 INFO 训练 第  66 轮  训练 0.01480  验证 0.01355  3.8s
02:53:58 INFO 训练 第  67 轮  训练 0.01479  验证 0.01360  3.7s
02:54:02 INFO 训练 第  68 轮  训练 0.01478  验证 0.01362  3.7s
02:54:06 INFO 训练 第  69 轮  训练 0.01478  验证 0.01354  3.7s
02:54:09 INFO 训练 第  70 轮  训练 0.01477  验证 0.01356  3.7s
02:54:13 INFO 训练 第  71 轮  训练 0.01476  验证 0.01351  3.6s
02:54:17 INFO 训练 第  72 轮  训练 0.01476  验证 0.01353  3.9s
02:54:21 INFO 训练 第  73 轮  训练 0.01476  验证 0.01352  3.9s
02:54:25 INFO 训练 第  74 轮  训练 0.01476  验证 0.01357  3.9s
02:54:29 INFO 训练 第  75 轮  训练 0.01474  验证 0.01355  3.9s
02:54:32 INFO 训练 第  76 轮  训练 0.01472  验证 0.01365  3.8s
02:54:36 INFO 训练 第  77 轮  训练 0.01472  验证 0.01358  3.8s
02:54:40 INFO 训练 第  78 轮  训练 0.01473  验证 0.01352  3.9s
02:54:44 INFO 训练 第  79 轮  训练 0.01468  验证 0.01346  3.8s
02:54:48 INFO 训练 第  80 轮  训练 0.01468  验证 0.01347  3.8s
02:54:51 INFO 训练 第  81 轮  训练 0.01471  验证 0.01360  3.8s
02:54:55 INFO 训练 第  82 轮  训练 0.01468  验证 0.01354  3.9s
02:54:59 INFO 训练 第  83 轮  训练 0.01468  验证 0.01352  3.8s
02:55:03 INFO 训练 第  84 轮  训练 0.01470  验证 0.01360  3.8s
02:55:07 INFO 训练 第  85 轮  训练 0.01465  验证 0.01346  3.7s
02:55:10 INFO 训练 第  86 轮  训练 0.01465  验证 0.01351  3.8s
02:55:14 INFO 训练 第  87 轮  训练 0.01466  验证 0.01353  3.8s
02:55:18 INFO 训练 第  88 轮  训练 0.01465  验证 0.01349  3.7s
02:55:22 INFO 训练 第  89 轮  训练 0.01463  验证 0.01345  3.7s
02:55:25 INFO 训练 第  90 轮  训练 0.01462  验证 0.01352  3.7s
02:55:29 INFO 训练 第  91 轮  训练 0.01462  验证 0.01355  3.8s
02:55:33 INFO 训练 第  92 轮  训练 0.01463  验证 0.01342  3.7s
02:55:37 INFO 训练 第  93 轮  训练 0.01462  验证 0.01370  3.7s
02:55:40 INFO 训练 第  94 轮  训练 0.01462  验证 0.01355  3.8s
02:55:44 INFO 训练 第  95 轮  训练 0.01461  验证 0.01350  3.7s
02:55:48 INFO 训练 第  96 轮  训练 0.01460  验证 0.01351  3.8s
02:55:52 INFO 训练 第  97 轮  训练 0.01459  验证 0.01349  3.7s
02:55:55 INFO 训练 第  98 轮  训练 0.01462  验证 0.01342  3.7s
02:55:59 INFO 训练 第  99 轮  训练 0.01457  验证 0.01340  3.8s
02:56:03 INFO 训练 第 100 轮  训练 0.01461  验证 0.01349  3.9s
02:56:04 INFO 切换点一致性（all）：观测 β -1.180（0.393）  模型 β -0.676（0.217）
02:56:05 INFO 切换点一致性（novel）：观测 β -0.367（0.505）  模型 β -0.423（0.204）
02:56:23 INFO 测试期 MAE 0.0439  WAPE 0.225  CRPS 0.0262  PICP90 原始 0.896 / ACI 0.899；输出 D:\EV充电因果预测sci论文\05_实验结果\runs\base_fcnn_s2
== base_fcnn_s2  完成，用时 6.8 分钟
== base_lstm_s2  开始 02:56:24
02:56:26 INFO 运行 base_lstm_s2，基线 lstm，设备 cuda，torch 2.11.0+cu128
02:56:27 INFO 数据：T=4344 N=275 目标 utilization 训练/验证/测试起点 3001/409/841
02:56:27 INFO 模型参数 40,007；价格输入 none；损失 pinball（分位数）
02:56:35 INFO 训练 第   1 轮  训练 0.02464  验证 0.01824  5.0s
02:56:39 INFO 训练 第   2 轮  训练 0.02015  验证 0.01735  4.6s
02:56:44 INFO 训练 第   3 轮  训练 0.01944  验证 0.01696  4.6s
02:56:49 INFO 训练 第   4 轮  训练 0.01882  验证 0.01630  4.6s
02:56:53 INFO 训练 第   5 轮  训练 0.01821  验证 0.01576  4.7s
02:56:58 INFO 训练 第   6 轮  训练 0.01770  验证 0.01535  4.6s
02:57:02 INFO 训练 第   7 轮  训练 0.01739  验证 0.01511  4.6s
02:57:07 INFO 训练 第   8 轮  训练 0.01715  验证 0.01495  4.6s
02:57:12 INFO 训练 第   9 轮  训练 0.01695  验证 0.01489  4.7s
02:57:17 INFO 训练 第  10 轮  训练 0.01677  验证 0.01473  4.8s
02:57:21 INFO 训练 第  11 轮  训练 0.01663  验证 0.01460  4.8s
02:57:26 INFO 训练 第  12 轮  训练 0.01647  验证 0.01459  4.9s
02:57:31 INFO 训练 第  13 轮  训练 0.01637  验证 0.01456  4.6s
02:57:36 INFO 训练 第  14 轮  训练 0.01629  验证 0.01449  4.8s
02:57:40 INFO 训练 第  15 轮  训练 0.01616  验证 0.01437  4.9s
02:57:45 INFO 训练 第  16 轮  训练 0.01604  验证 0.01437  4.8s
02:57:50 INFO 训练 第  17 轮  训练 0.01600  验证 0.01428  4.7s
02:57:55 INFO 训练 第  18 轮  训练 0.01591  验证 0.01426  4.6s
02:57:59 INFO 训练 第  19 轮  训练 0.01581  验证 0.01435  4.6s
02:58:04 INFO 训练 第  20 轮  训练 0.01576  验证 0.01420  4.7s
02:58:09 INFO 训练 第  21 轮  训练 0.01571  验证 0.01439  4.8s
02:58:13 INFO 训练 第  22 轮  训练 0.01562  验证 0.01405  4.6s
02:58:18 INFO 训练 第  23 轮  训练 0.01558  验证 0.01406  4.6s
02:58:23 INFO 训练 第  24 轮  训练 0.01550  验证 0.01397  4.7s
02:58:27 INFO 训练 第  25 轮  训练 0.01548  验证 0.01407  4.7s
02:58:32 INFO 训练 第  26 轮  训练 0.01540  验证 0.01398  4.7s
02:58:37 INFO 训练 第  27 轮  训练 0.01533  验证 0.01386  4.8s
02:58:42 INFO 训练 第  28 轮  训练 0.01529  验证 0.01407  4.7s
02:58:46 INFO 训练 第  29 轮  训练 0.01525  验证 0.01412  4.7s
02:58:51 INFO 训练 第  30 轮  训练 0.01522  验证 0.01387  4.9s
02:58:56 INFO 训练 第  31 轮  训练 0.01516  验证 0.01390  4.8s
02:59:01 INFO 训练 第  32 轮  训练 0.01511  验证 0.01383  5.0s
02:59:06 INFO 训练 第  33 轮  训练 0.01506  验证 0.01375  4.9s
02:59:11 INFO 训练 第  34 轮  训练 0.01504  验证 0.01401  4.9s
02:59:15 INFO 训练 第  35 轮  训练 0.01501  验证 0.01369  4.8s
02:59:20 INFO 训练 第  36 轮  训练 0.01498  验证 0.01379  4.8s
02:59:25 INFO 训练 第  37 轮  训练 0.01492  验证 0.01398  4.8s
02:59:30 INFO 训练 第  38 轮  训练 0.01489  验证 0.01379  4.7s
02:59:34 INFO 训练 第  39 轮  训练 0.01487  验证 0.01380  4.6s
02:59:39 INFO 训练 第  40 轮  训练 0.01482  验证 0.01371  4.7s
02:59:44 INFO 训练 第  41 轮  训练 0.01479  验证 0.01374  4.6s
02:59:48 INFO 训练 第  42 轮  训练 0.01477  验证 0.01363  4.7s
02:59:53 INFO 训练 第  43 轮  训练 0.01475  验证 0.01366  4.8s
02:59:58 INFO 训练 第  44 轮  训练 0.01473  验证 0.01364  4.7s
03:00:03 INFO 训练 第  45 轮  训练 0.01469  验证 0.01359  5.0s
03:00:08 INFO 训练 第  46 轮  训练 0.01466  验证 0.01369  4.8s
03:00:12 INFO 训练 第  47 轮  训练 0.01464  验证 0.01369  4.6s
03:00:17 INFO 训练 第  48 轮  训练 0.01463  验证 0.01367  4.8s
03:00:22 INFO 训练 第  49 轮  训练 0.01460  验证 0.01367  4.8s
03:00:27 INFO 训练 第  50 轮  训练 0.01457  验证 0.01378  4.7s
03:00:31 INFO 训练 第  51 轮  训练 0.01455  验证 0.01359  4.7s
03:00:36 INFO 训练 第  52 轮  训练 0.01454  验证 0.01345  4.6s
03:00:41 INFO 训练 第  53 轮  训练 0.01452  验证 0.01368  4.7s
03:00:45 INFO 训练 第  54 轮  训练 0.01450  验证 0.01356  4.9s
03:00:50 INFO 训练 第  55 轮  训练 0.01447  验证 0.01350  4.7s
03:00:55 INFO 训练 第  56 轮  训练 0.01445  验证 0.01368  4.7s
03:01:00 INFO 训练 第  57 轮  训练 0.01445  验证 0.01354  4.7s
03:01:04 INFO 训练 第  58 轮  训练 0.01445  验证 0.01361  4.7s
03:01:09 INFO 训练 第  59 轮  训练 0.01440  验证 0.01337  4.8s
03:01:14 INFO 训练 第  60 轮  训练 0.01439  验证 0.01354  4.6s
03:01:18 INFO 训练 第  61 轮  训练 0.01436  验证 0.01348  4.7s
03:01:23 INFO 训练 第  62 轮  训练 0.01435  验证 0.01338  4.8s
03:01:28 INFO 训练 第  63 轮  训练 0.01434  验证 0.01342  4.8s
03:01:33 INFO 训练 第  64 轮  训练 0.01432  验证 0.01359  4.7s
03:01:38 INFO 训练 第  65 轮  训练 0.01430  验证 0.01345  4.7s
03:01:42 INFO 训练 第  66 轮  训练 0.01430  验证 0.01358  4.6s
03:01:47 INFO 训练 第  67 轮  训练 0.01429  验证 0.01350  4.6s
03:01:51 INFO 训练 第  68 轮  训练 0.01427  验证 0.01361  4.7s
03:01:56 INFO 训练 第  69 轮  训练 0.01426  验证 0.01360  4.6s
03:02:01 INFO 训练 第  70 轮  训练 0.01424  验证 0.01356  4.6s
03:02:05 INFO 训练 第  71 轮  训练 0.01423  验证 0.01376  4.7s
03:02:10 INFO 训练 第  72 轮  训练 0.01422  验证 0.01347  4.6s
03:02:15 INFO 训练 第  73 轮  训练 0.01421  验证 0.01350  4.7s
03:02:20 INFO 训练 第  74 轮  训练 0.01424  验证 0.01343  4.9s
03:02:20 INFO 验证损失 15 轮未改善，提前停止
03:02:21 INFO 切换点一致性（all）：观测 β -1.180（0.393）  模型 β -0.668（0.212）
03:02:21 INFO 切换点一致性（novel）：观测 β -0.367（0.505）  模型 β -0.265（0.192）
03:02:39 INFO 测试期 MAE 0.0441  WAPE 0.226  CRPS 0.0262  PICP90 原始 0.887 / ACI 0.899；输出 D:\EV充电因果预测sci论文\05_实验结果\runs\base_lstm_s2
== base_lstm_s2  完成，用时 6.3 分钟
== base_gcn_s2  开始 03:02:40
03:02:42 INFO 运行 base_gcn_s2，基线 gcn，设备 cuda，torch 2.11.0+cu128
03:02:43 INFO 数据：T=4344 N=275 目标 utilization 训练/验证/测试起点 3001/409/841
03:02:43 INFO 模型参数 1,074,616；价格输入 none；损失 pinball（分位数）
03:02:51 INFO 训练 第   1 轮  训练 0.02282  验证 0.01739  4.6s
03:02:54 INFO 训练 第   2 轮  训练 0.01844  验证 0.01602  3.8s
03:02:58 INFO 训练 第   3 轮  训练 0.01721  验证 0.01567  3.9s
03:03:02 INFO 训练 第   4 轮  训练 0.01637  验证 0.01539  3.9s
03:03:06 INFO 训练 第   5 轮  训练 0.01576  验证 0.01536  3.9s
03:03:10 INFO 训练 第   6 轮  训练 0.01529  验证 0.01541  3.9s
03:03:14 INFO 训练 第   7 轮  训练 0.01489  验证 0.01533  3.8s
03:03:18 INFO 训练 第   8 轮  训练 0.01458  验证 0.01577  3.9s
03:03:22 INFO 训练 第   9 轮  训练 0.01430  验证 0.01549  3.9s
03:03:26 INFO 训练 第  10 轮  训练 0.01406  验证 0.01551  4.0s
03:03:30 INFO 训练 第  11 轮  训练 0.01381  验证 0.01584  4.1s
03:03:34 INFO 训练 第  12 轮  训练 0.01366  验证 0.01577  4.0s
03:03:38 INFO 训练 第  13 轮  训练 0.01346  验证 0.01585  4.0s
03:03:42 INFO 训练 第  14 轮  训练 0.01329  验证 0.01598  3.9s
03:03:46 INFO 训练 第  15 轮  训练 0.01313  验证 0.01614  3.9s
03:03:50 INFO 训练 第  16 轮  训练 0.01295  验证 0.01622  3.9s
03:03:53 INFO 训练 第  17 轮  训练 0.01295  验证 0.01605  3.8s
03:03:57 INFO 训练 第  18 轮  训练 0.01275  验证 0.01608  3.9s
03:04:01 INFO 训练 第  19 轮  训练 0.01261  验证 0.01648  3.9s
03:04:05 INFO 训练 第  20 轮  训练 0.01249  验证 0.01627  3.8s
03:04:09 INFO 训练 第  21 轮  训练 0.01242  验证 0.01650  4.0s
03:04:13 INFO 训练 第  22 轮  训练 0.01229  验证 0.01636  3.9s
03:04:13 INFO 验证损失 15 轮未改善，提前停止
03:04:14 INFO 切换点一致性（all）：观测 β -1.180（0.393）  模型 β -0.492（0.152）
03:04:15 INFO 切换点一致性（novel）：观测 β -0.367（0.505）  模型 β -0.372（0.165）
03:04:31 INFO 测试期 MAE 0.0534  WAPE 0.273  CRPS 0.0308  PICP90 原始 0.873 / ACI 0.901；输出 D:\EV充电因果预测sci论文\05_实验结果\runs\base_gcn_s2
== base_gcn_s2  完成，用时 1.9 分钟
== base_gcnlstm_s2  开始 03:04:32
03:04:35 INFO 运行 base_gcnlstm_s2，基线 gcnlstm，设备 cuda，torch 2.11.0+cu128
03:04:36 INFO 数据：T=4344 N=275 目标 utilization 训练/验证/测试起点 3001/409/841
03:04:36 INFO 模型参数 1,081,144；价格输入 none；损失 pinball（分位数）
03:04:44 INFO 训练 第   1 轮  训练 0.02284  验证 0.01725  5.1s
03:04:48 INFO 训练 第   2 轮  训练 0.01836  验证 0.01609  4.7s
03:04:53 INFO 训练 第   3 轮  训练 0.01694  验证 0.01578  4.5s
03:04:57 INFO 训练 第   4 轮  训练 0.01611  验证 0.01558  4.4s
03:05:02 INFO 训练 第   5 轮  训练 0.01557  验证 0.01557  4.5s
03:05:06 INFO 训练 第   6 轮  训练 0.01519  验证 0.01568  4.6s
03:05:11 INFO 训练 第   7 轮  训练 0.01479  验证 0.01578  4.5s
03:05:15 INFO 训练 第   8 轮  训练 0.01451  验证 0.01635  4.5s
03:05:20 INFO 训练 第   9 轮  训练 0.01423  验证 0.01617  4.6s
03:05:24 INFO 训练 第  10 轮  训练 0.01402  验证 0.01642  4.5s
03:05:29 INFO 训练 第  11 轮  训练 0.01384  验证 0.01637  4.6s
03:05:34 INFO 训练 第  12 轮  训练 0.01360  验证 0.01662  4.7s
03:05:38 INFO 训练 第  13 轮  训练 0.01345  验证 0.01656  4.6s
03:05:43 INFO 训练 第  14 轮  训练 0.01329  验证 0.01684  4.6s
03:05:47 INFO 训练 第  15 轮  训练 0.01314  验证 0.01704  4.5s
03:05:52 INFO 训练 第  16 轮  训练 0.01297  验证 0.01708  4.5s
03:05:56 INFO 训练 第  17 轮  训练 0.01292  验证 0.01721  4.5s
03:06:01 INFO 训练 第  18 轮  训练 0.01279  验证 0.01724  4.5s
03:06:05 INFO 训练 第  19 轮  训练 0.01262  验证 0.01728  4.5s
03:06:10 INFO 训练 第  20 轮  训练 0.01255  验证 0.01710  4.7s
03:06:10 INFO 验证损失 15 轮未改善，提前停止
03:06:12 INFO 切换点一致性（all）：观测 β -1.180（0.393）  模型 β -0.269（0.119）
03:06:12 INFO 切换点一致性（novel）：观测 β -0.367（0.505）  模型 β -0.127（0.120）
03:06:29 INFO 测试期 MAE 0.0544  WAPE 0.278  CRPS 0.0317  PICP90 原始 0.858 / ACI 0.899；输出 D:\EV充电因果预测sci论文\05_实验结果\runs\base_gcnlstm_s2
== base_gcnlstm_s2  完成，用时 2.0 分钟
== base_stgcn_s2  开始 03:06:30
03:06:32 INFO 运行 base_stgcn_s2，基线 stgcn，设备 cuda，torch 2.11.0+cu128
03:06:33 INFO 数据：T=4344 N=275 目标 utilization 训练/验证/测试起点 3001/409/841
03:06:33 INFO 模型参数 300,999；价格输入 none；损失 pinball（分位数）
03:06:48 INFO 训练 第   1 轮  训练 0.02294  验证 0.01770  12.0s
03:07:00 INFO 训练 第   2 轮  训练 0.01890  验证 0.01692  11.2s
03:07:11 INFO 训练 第   3 轮  训练 0.01811  验证 0.01633  11.1s
03:07:22 INFO 训练 第   4 轮  训练 0.01713  验证 0.01589  11.1s
03:07:33 INFO 训练 第   5 轮  训练 0.01646  验证 0.01538  11.2s
03:07:44 INFO 训练 第   6 轮  训练 0.01589  验证 0.01532  11.3s
03:07:56 INFO 训练 第   7 轮  训练 0.01511  验证 0.01486  11.1s
03:08:07 INFO 训练 第   8 轮  训练 0.01441  验证 0.01502  11.2s
03:08:18 INFO 训练 第   9 轮  训练 0.01408  验证 0.01480  11.0s
03:08:29 INFO 训练 第  10 轮  训练 0.01378  验证 0.01479  11.2s
03:08:40 INFO 训练 第  11 轮  训练 0.01358  验证 0.01473  11.0s
03:08:51 INFO 训练 第  12 轮  训练 0.01341  验证 0.01477  11.3s
03:09:02 INFO 训练 第  13 轮  训练 0.01324  验证 0.01494  11.2s
03:09:14 INFO 训练 第  14 轮  训练 0.01305  验证 0.01504  11.2s
03:09:25 INFO 训练 第  15 轮  训练 0.01293  验证 0.01535  11.0s
03:09:36 INFO 训练 第  16 轮  训练 0.01278  验证 0.01519  11.1s
03:09:47 INFO 训练 第  17 轮  训练 0.01265  验证 0.01531  11.0s
03:09:58 INFO 训练 第  18 轮  训练 0.01253  验证 0.01524  11.2s
03:10:09 INFO 训练 第  19 轮  训练 0.01236  验证 0.01549  11.2s
03:10:20 INFO 训练 第  20 轮  训练 0.01226  验证 0.01558  11.0s
03:10:31 INFO 训练 第  21 轮  训练 0.01214  验证 0.01553  11.2s
03:10:43 INFO 训练 第  22 轮  训练 0.01205  验证 0.01557  11.2s
03:10:54 INFO 训练 第  23 轮  训练 0.01193  验证 0.01593  11.2s
03:11:05 INFO 训练 第  24 轮  训练 0.01184  验证 0.01594  11.1s
03:11:16 INFO 训练 第  25 轮  训练 0.01176  验证 0.01589  11.1s
03:11:27 INFO 训练 第  26 轮  训练 0.01168  验证 0.01614  11.1s
03:11:27 INFO 验证损失 15 轮未改善，提前停止
03:11:30 INFO 切换点一致性（all）：观测 β -1.180（0.393）  模型 β -0.315（0.192）
03:11:30 INFO 切换点一致性（novel）：观测 β -0.367（0.505）  模型 β -0.262（0.250）
03:11:46 INFO 测试期 MAE 0.0520  WAPE 0.266  CRPS 0.0300  PICP90 原始 0.835 / ACI 0.902；输出 D:\EV充电因果预测sci论文\05_实验结果\runs\base_stgcn_s2
== base_stgcn_s2  完成，用时 5.3 分钟
== base_astgcn_s2  开始 03:11:47
03:11:50 INFO 运行 base_astgcn_s2，基线 astgcn，设备 cuda，torch 2.11.0+cu128
03:11:51 INFO 数据：T=4344 N=275 目标 utilization 训练/验证/测试起点 3001/409/841
03:11:51 INFO 模型参数 483,447；价格输入 none；损失 pinball（分位数）
03:12:09 INFO 训练 第   1 轮  训练 0.02264  验证 0.01776  15.6s
03:12:24 INFO 训练 第   2 轮  训练 0.01959  验证 0.01682  15.2s
03:12:39 INFO 训练 第   3 轮  训练 0.01847  验证 0.01605  15.2s
03:12:54 INFO 训练 第   4 轮  训练 0.01749  验证 0.01521  15.2s
03:13:10 INFO 训练 第   5 轮  训练 0.01683  验证 0.01508  15.2s
03:13:25 INFO 训练 第   6 轮  训练 0.01635  验证 0.01498  15.2s
03:13:40 INFO 训练 第   7 轮  训练 0.01594  验证 0.01453  15.2s
03:13:55 INFO 训练 第   8 轮  训练 0.01563  验证 0.01457  15.3s
03:14:11 INFO 训练 第   9 轮  训练 0.01538  验证 0.01446  15.3s
03:14:26 INFO 训练 第  10 轮  训练 0.01509  验证 0.01427  15.1s
03:14:41 INFO 训练 第  11 轮  训练 0.01486  验证 0.01427  15.3s
03:14:56 INFO 训练 第  12 轮  训练 0.01462  验证 0.01453  15.2s
03:15:12 INFO 训练 第  13 轮  训练 0.01444  验证 0.01418  15.3s
03:15:27 INFO 训练 第  14 轮  训练 0.01424  验证 0.01423  15.1s
03:15:42 INFO 训练 第  15 轮  训练 0.01409  验证 0.01442  15.3s
03:15:57 INFO 训练 第  16 轮  训练 0.01396  验证 0.01422  15.2s
03:16:12 INFO 训练 第  17 轮  训练 0.01382  验证 0.01450  15.2s
03:16:28 INFO 训练 第  18 轮  训练 0.01365  验证 0.01409  15.2s
03:16:43 INFO 训练 第  19 轮  训练 0.01350  验证 0.01419  15.1s
03:16:58 INFO 训练 第  20 轮  训练 0.01342  验证 0.01440  15.2s
03:17:13 INFO 训练 第  21 轮  训练 0.01329  验证 0.01483  15.2s
03:17:28 INFO 训练 第  22 轮  训练 0.01323  验证 0.01444  15.3s
03:17:44 INFO 训练 第  23 轮  训练 0.01305  验证 0.01472  15.2s
03:17:59 INFO 训练 第  24 轮  训练 0.01302  验证 0.01491  15.3s
03:18:14 INFO 训练 第  25 轮  训练 0.01299  验证 0.01423  15.3s
03:18:29 INFO 训练 第  26 轮  训练 0.01284  验证 0.01475  15.2s
03:18:45 INFO 训练 第  27 轮  训练 0.01268  验证 0.01452  15.3s
03:19:00 INFO 训练 第  28 轮  训练 0.01265  验证 0.01451  15.3s
03:19:15 INFO 训练 第  29 轮  训练 0.01261  验证 0.01472  15.3s
03:19:30 INFO 训练 第  30 轮  训练 0.01250  验证 0.01424  15.1s
03:19:46 INFO 训练 第  31 轮  训练 0.01244  验证 0.01462  15.4s
03:20:01 INFO 训练 第  32 轮  训练 0.01232  验证 0.01488  15.3s
03:20:16 INFO 训练 第  33 轮  训练 0.01232  验证 0.01486  15.2s
03:20:16 INFO 验证损失 15 轮未改善，提前停止
03:20:19 INFO 切换点一致性（all）：观测 β -1.180（0.393）  模型 β -0.500（0.189）
03:20:19 INFO 切换点一致性（novel）：观测 β -0.367（0.505）  模型 β -0.109（0.185）
03:20:31 INFO 测试期 MAE 0.0482  WAPE 0.247  CRPS 0.0286  PICP90 原始 0.868 / ACI 0.899；输出 D:\EV充电因果预测sci论文\05_实验结果\runs\base_astgcn_s2
== base_astgcn_s2  完成，用时 8.7 分钟
== base_agcrn_s2  开始 03:20:32
03:20:34 INFO 运行 base_agcrn_s2，基线 agcrn，设备 cuda，torch 2.11.0+cu128
03:20:35 INFO 数据：T=4344 N=275 目标 utilization 训练/验证/测试起点 3001/409/841
03:20:36 INFO 模型参数 812,933；价格输入 none；损失 pinball（分位数）
03:21:13 INFO 训练 第   1 轮  训练 0.02617  验证 0.01886  34.9s
03:21:47 INFO 训练 第   2 轮  训练 0.01923  验证 0.01815  33.7s
03:22:21 INFO 训练 第   3 轮  训练 0.01809  验证 0.01721  34.2s
03:22:57 INFO 训练 第   4 轮  训练 0.01727  验证 0.01666  35.4s
03:23:32 INFO 训练 第   5 轮  训练 0.01663  验证 0.01609  35.5s
03:24:07 INFO 训练 第   6 轮  训练 0.01573  验证 0.01552  34.9s
03:24:42 INFO 训练 第   7 轮  训练 0.01512  验证 0.01524  35.3s
03:25:15 INFO 训练 第   8 轮  训练 0.01477  验证 0.01521  33.0s
03:25:49 INFO 训练 第   9 轮  训练 0.01452  验证 0.01509  33.8s
03:26:25 INFO 训练 第  10 轮  训练 0.01419  验证 0.01506  35.6s
03:26:59 INFO 训练 第  11 轮  训练 0.01395  验证 0.01494  34.4s
03:27:34 INFO 训练 第  12 轮  训练 0.01373  验证 0.01487  34.5s
03:28:09 INFO 训练 第  13 轮  训练 0.01355  验证 0.01483  35.2s
03:28:42 INFO 训练 第  14 轮  训练 0.01337  验证 0.01490  33.2s
03:29:16 INFO 训练 第  15 轮  训练 0.01316  验证 0.01487  33.9s
03:29:49 INFO 训练 第  16 轮  训练 0.01298  验证 0.01492  32.7s
03:30:23 INFO 训练 第  17 轮  训练 0.01283  验证 0.01486  34.3s
03:30:58 INFO 训练 第  18 轮  训练 0.01266  验证 0.01471  35.0s
03:31:33 INFO 训练 第  19 轮  训练 0.01250  验证 0.01487  35.6s
03:32:06 INFO 训练 第  20 轮  训练 0.01237  验证 0.01501  32.3s
03:32:41 INFO 训练 第  21 轮  训练 0.01225  验证 0.01513  34.8s
03:33:14 INFO 训练 第  22 轮  训练 0.01212  验证 0.01516  33.8s
03:33:48 INFO 训练 第  23 轮  训练 0.01199  验证 0.01525  33.5s
03:34:22 INFO 训练 第  24 轮  训练 0.01187  验证 0.01540  34.4s
03:34:56 INFO 训练 第  25 轮  训练 0.01175  验证 0.01546  33.4s
03:35:30 INFO 训练 第  26 轮  训练 0.01160  验证 0.01557  34.1s
03:36:03 INFO 训练 第  27 轮  训练 0.01153  验证 0.01571  32.8s
03:36:37 INFO 训练 第  28 轮  训练 0.01137  验证 0.01580  34.6s
03:37:11 INFO 训练 第  29 轮  训练 0.01125  验证 0.01600  33.7s
03:37:46 INFO 训练 第  30 轮  训练 0.01113  验证 0.01613  34.6s
03:38:18 INFO 训练 第  31 轮  训练 0.01104  验证 0.01621  32.0s
03:38:50 INFO 训练 第  32 轮  训练 0.01089  验证 0.01624  32.4s
03:39:24 INFO 训练 第  33 轮  训练 0.01075  验证 0.01649  34.0s
03:39:24 INFO 验证损失 15 轮未改善，提前停止
03:39:29 INFO 切换点一致性（all）：观测 β -1.180（0.393）  模型 β -0.373（0.209）
03:39:30 INFO 切换点一致性（novel）：观测 β -0.367（0.505）  模型 β -0.078（0.240）
03:39:46 INFO 测试期 MAE 0.0509  WAPE 0.260  CRPS 0.0298  PICP90 原始 0.810 / ACI 0.904；输出 D:\EV充电因果预测sci论文\05_实验结果\runs\base_agcrn_s2
== base_agcrn_s2  完成，用时 19.2 分钟
== base_gwn_blind_s2  开始 03:39:47
03:39:49 INFO 运行 base_gwn_blind_s2，设备 cuda，torch 2.11.0+cu128
03:39:50 INFO 数据：T=4344 N=275 训练/验证/测试起点 3001/409/841；{'train': ('2022-09-01', '2023-01-05'), 'val': ('2023-01-06', '2023-01-23'), 'test': ('2023-01-24', '2023-02-28')}
03:39:51 INFO 模型参数 198,211；锚定方式 cut；锚定来源 fivemin_main
03:40:21 INFO 第   1 轮  训练 0.02316  验证 pinball 0.01823  分时小区平均 β +nan  27.7s
03:40:48 INFO 第   2 轮  训练 0.01844  验证 pinball 0.01582  分时小区平均 β +nan  26.7s
03:41:15 INFO 第   3 轮  训练 0.01689  验证 pinball 0.01477  分时小区平均 β +nan  26.7s
03:41:41 INFO 第   4 轮  训练 0.01551  验证 pinball 0.01445  分时小区平均 β +nan  26.7s
03:42:08 INFO 第   5 轮  训练 0.01478  验证 pinball 0.01444  分时小区平均 β +nan  26.7s
03:42:35 INFO 第   6 轮  训练 0.01440  验证 pinball 0.01394  分时小区平均 β +nan  26.7s
03:43:02 INFO 第   7 轮  训练 0.01407  验证 pinball 0.01373  分时小区平均 β +nan  26.8s
03:43:28 INFO 第   8 轮  训练 0.01377  验证 pinball 0.01372  分时小区平均 β +nan  26.7s
03:43:55 INFO 第   9 轮  训练 0.01356  验证 pinball 0.01351  分时小区平均 β +nan  26.7s
03:44:22 INFO 第  10 轮  训练 0.01343  验证 pinball 0.01363  分时小区平均 β +nan  26.6s
03:44:48 INFO 第  11 轮  训练 0.01324  验证 pinball 0.01363  分时小区平均 β +nan  26.7s
03:45:15 INFO 第  12 轮  训练 0.01303  验证 pinball 0.01320  分时小区平均 β +nan  26.7s
03:45:42 INFO 第  13 轮  训练 0.01300  验证 pinball 0.01365  分时小区平均 β +nan  26.7s
03:46:09 INFO 第  14 轮  训练 0.01285  验证 pinball 0.01388  分时小区平均 β +nan  26.7s
03:46:35 INFO 第  15 轮  训练 0.01272  验证 pinball 0.01317  分时小区平均 β +nan  26.7s
03:47:02 INFO 第  16 轮  训练 0.01262  验证 pinball 0.01406  分时小区平均 β +nan  26.9s
03:47:29 INFO 第  17 轮  训练 0.01261  验证 pinball 0.01322  分时小区平均 β +nan  26.8s
03:47:56 INFO 第  18 轮  训练 0.01244  验证 pinball 0.01319  分时小区平均 β +nan  26.7s
03:48:22 INFO 第  19 轮  训练 0.01232  验证 pinball 0.01347  分时小区平均 β +nan  26.7s
03:48:49 INFO 第  20 轮  训练 0.01227  验证 pinball 0.01371  分时小区平均 β +nan  26.6s
03:49:16 INFO 第  21 轮  训练 0.01217  验证 pinball 0.01383  分时小区平均 β +nan  26.7s
03:49:42 INFO 第  22 轮  训练 0.01213  验证 pinball 0.01328  分时小区平均 β +nan  26.8s
03:50:09 INFO 第  23 轮  训练 0.01204  验证 pinball 0.01367  分时小区平均 β +nan  26.8s
03:50:36 INFO 第  24 轮  训练 0.01193  验证 pinball 0.01324  分时小区平均 β +nan  26.7s
03:51:03 INFO 第  25 轮  训练 0.01187  验证 pinball 0.01325  分时小区平均 β +nan  26.7s
03:51:29 INFO 第  26 轮  训练 0.01188  验证 pinball 0.01361  分时小区平均 β +nan  26.6s
03:51:56 INFO 第  27 轮  训练 0.01174  验证 pinball 0.01372  分时小区平均 β +nan  26.6s
03:52:23 INFO 第  28 轮  训练 0.01171  验证 pinball 0.01361  分时小区平均 β +nan  26.7s
03:52:49 INFO 第  29 轮  训练 0.01171  验证 pinball 0.01358  分时小区平均 β +nan  26.9s
03:53:16 INFO 第  30 轮  训练 0.01156  验证 pinball 0.01465  分时小区平均 β +nan  26.8s
03:53:16 INFO 验证损失 15 轮未改善，提前停止
03:53:21 INFO 切换点一致性（all）：观测 β -1.180（0.393）  模型 β -0.465（0.176）
03:53:21 INFO 切换点一致性（novel）：观测 β -0.367（0.505）  模型 β -0.220（0.181）
03:53:38 INFO 测试期 MAE 0.0443  WAPE 0.227  CRPS 0.0255  PICP90 原始 0.857 / ACI 0.902；输出 D:\EV充电因果预测sci论文\05_实验结果\runs\base_gwn_blind_s2
== base_gwn_blind_s2  完成，用时 13.9 分钟
== base_staeformer_blind_s2  开始 03:53:40
03:53:52 INFO 运行 base_staeformer_blind_s2，设备 cuda，torch 2.11.0+cu128
03:53:53 INFO 数据：T=4344 N=275 训练/验证/测试起点 3001/409/841；{'train': ('2022-09-01', '2023-01-05'), 'val': ('2023-01-06', '2023-01-23'), 'test': ('2023-01-24', '2023-02-28')}
03:53:54 INFO 模型参数 1,686,391；锚定方式 cut；锚定来源 fivemin_main
Traceback (most recent call last):
  File "D:\EV充电因果预测sci论文\03_代码\scripts\train.py", line 211, in <module>
    main()
  File "D:\EV充电因果预测sci论文\03_代码\scripts\train.py", line 123, in main
    out = model(tb)
          ^^^^^^^^^
  File "D:\Program Files\Conda\envs\cpa\Lib\site-packages\torch\nn\modules\module.py", line 1779, in _wrapped_call_impl
    return self._call_impl(*args, **kwargs)
           ^^^^^^^^^^^^^^^^^^^^^^^^^^^^^^^^
  File "D:\Program Files\Conda\envs\cpa\Lib\site-packages\torch\nn\modules\module.py", line 1790, in _call_impl
    return forward_call(*args, **kwargs)
           ^^^^^^^^^^^^^^^^^^^^^^^^^^^^^
  File "D:\EV充电因果预测sci论文\03_代码\src\models\cpastgnn.py", line 93, in forward
    z = self.backbone(x, batch["cov_hist"], tod=batch.get("tod_hist"), dow=batch.get("dow_hist"))
        ^^^^^^^^^^^^^^^^^^^^^^^^^^^^^^^^^^^^^^^^^^^^^^^^^^^^^^^^^^^^^^^^^^^^^^^^^^^^^^^^^^^^^^^^^
  File "D:\Program Files\Conda\envs\cpa\Lib\site-packages\torch\nn\modules\module.py", line 1779, in _wrapped_call_impl
    return self._call_impl(*args, **kwargs)
           ^^^^^^^^^^^^^^^^^^^^^^^^^^^^^^^^
  File "D:\Program Files\Conda\envs\cpa\Lib\site-packages\torch\nn\modules\module.py", line 1790, in _call_impl
    return forward_call(*args, **kwargs)
           ^^^^^^^^^^^^^^^^^^^^^^^^^^^^^
  File "D:\EV充电因果预测sci论文\03_代码\src\models\backbones\staeformer.py", line 59, in forward
    s = blk(s)
        ^^^^^^
  File "D:\Program Files\Conda\envs\cpa\Lib\site-packages\torch\nn\modules\module.py", line 1779, in _wrapped_call_impl
    return self._call_impl(*args, **kwargs)
           ^^^^^^^^^^^^^^^^^^^^^^^^^^^^^^^^
  File "D:\Program Files\Conda\envs\cpa\Lib\site-packages\torch\nn\modules\module.py", line 1790, in _call_impl
    return forward_call(*args, **kwargs)
           ^^^^^^^^^^^^^^^^^^^^^^^^^^^^^
  File "D:\EV充电因果预测sci论文\03_代码\src\models\backbones\staeformer.py", line 22, in forward
    a, _ = self.attn(x, x, x, need_weights=False)
           ^^^^^^^^^^^^^^^^^^^^^^^^^^^^^^^^^^^^^^
  File "D:\Program Files\Conda\envs\cpa\Lib\site-packages\torch\nn\modules\module.py", line 1779, in _wrapped_call_impl
    return self._call_impl(*args, **kwargs)
           ^^^^^^^^^^^^^^^^^^^^^^^^^^^^^^^^
  File "D:\Program Files\Conda\envs\cpa\Lib\site-packages\torch\nn\modules\module.py", line 1790, in _call_impl
    return forward_call(*args, **kwargs)
           ^^^^^^^^^^^^^^^^^^^^^^^^^^^^^
  File "D:\Program Files\Conda\envs\cpa\Lib\site-packages\torch\nn\modules\activation.py", line 1492, in forward
    attn_output, attn_output_weights = F.multi_head_attention_forward(
                                       ^^^^^^^^^^^^^^^^^^^^^^^^^^^^^^^
  File "D:\Program Files\Conda\envs\cpa\Lib\site-packages\torch\nn\functional.py", line 6682, in multi_head_attention_forward
    attn_output = scaled_dot_product_attention(
                  ^^^^^^^^^^^^^^^^^^^^^^^^^^^^^
torch.OutOfMemoryError: CUDA out of memory. Tried to allocate 888.00 MiB. GPU 0 has a total capacity of 8.00 GiB of which 0 bytes is free. Of the allocated memory 13.68 GiB is allocated by PyTorch, and 544.93 MiB is reserved by PyTorch but unallocated. If reserved but unallocated memory is large try setting PYTORCH_CUDA_ALLOC_CONF=expandable_segments:True to avoid fragmentation.  See documentation for Memory Management  (https://docs.pytorch.org/docs/stable/notes/cuda.html#optimizing-memory-usage-with-pytorch-cuda-alloc-conf)
== base_staeformer_blind_s2  失败（没有 summary.json），用时 2.3 分钟
== base_stgcn_price_s2  开始 03:56:00
03:56:03 INFO 运行 base_stgcn_price_s2，基线 stgcn，设备 cuda，torch 2.11.0+cu128
03:56:04 INFO 数据：T=4344 N=275 目标 utilization 训练/验证/测试起点 3001/409/841
03:56:05 INFO 模型参数 301,511；价格输入 hist_fut；损失 pinball（分位数）
03:56:21 INFO 训练 第   1 轮  训练 0.02339  验证 0.01744  12.5s
03:56:32 INFO 训练 第   2 轮  训练 0.01897  验证 0.01684  11.3s
03:56:43 INFO 训练 第   3 轮  训练 0.01808  验证 0.01614  11.4s
03:56:55 INFO 训练 第   4 轮  训练 0.01703  验证 0.01551  11.4s
03:57:06 INFO 训练 第   5 轮  训练 0.01637  验证 0.01536  11.4s
03:57:18 INFO 训练 第   6 轮  训练 0.01571  验证 0.01500  11.3s
03:57:29 INFO 训练 第   7 轮  训练 0.01504  验证 0.01471  11.5s
03:57:40 INFO 训练 第   8 轮  训练 0.01439  验证 0.01433  11.3s
03:57:52 INFO 训练 第   9 轮  训练 0.01402  验证 0.01448  11.3s
03:58:03 INFO 训练 第  10 轮  训练 0.01379  验证 0.01435  11.4s
03:58:14 INFO 训练 第  11 轮  训练 0.01365  验证 0.01429  11.3s
03:58:26 INFO 训练 第  12 轮  训练 0.01341  验证 0.01430  11.4s
03:58:37 INFO 训练 第  13 轮  训练 0.01332  验证 0.01436  11.5s
03:58:49 INFO 训练 第  14 轮  训练 0.01311  验证 0.01449  11.3s
03:59:00 INFO 训练 第  15 轮  训练 0.01294  验证 0.01449  11.4s
03:59:11 INFO 训练 第  16 轮  训练 0.01279  验证 0.01450  11.5s
03:59:23 INFO 训练 第  17 轮  训练 0.01266  验证 0.01470  11.3s
03:59:34 INFO 训练 第  18 轮  训练 0.01253  验证 0.01467  11.4s
03:59:46 INFO 训练 第  19 轮  训练 0.01234  验证 0.01461  11.3s
03:59:57 INFO 训练 第  20 轮  训练 0.01222  验证 0.01484  11.3s
04:00:08 INFO 训练 第  21 轮  训练 0.01207  验证 0.01467  11.4s
04:00:20 INFO 训练 第  22 轮  训练 0.01195  验证 0.01492  11.3s
04:00:31 INFO 训练 第  23 轮  训练 0.01183  验证 0.01489  11.4s
04:00:42 INFO 训练 第  24 轮  训练 0.01175  验证 0.01524  11.4s
04:00:54 INFO 训练 第  25 轮  训练 0.01164  验证 0.01505  11.2s
04:01:05 INFO 训练 第  26 轮  训练 0.01153  验证 0.01514  11.4s
04:01:05 INFO 验证损失 15 轮未改善，提前停止
04:01:09 INFO 价格响应读出（分时小区 dl_hist+dl_fut 价格 +5%）：弧弹性均值 +0.154，中位数 +0.152，为负的比例 0.28
04:01:09 INFO 切换点一致性（all）：观测 β -1.180（0.393）  模型 β -0.422（0.195）
04:01:10 INFO 切换点一致性（novel）：观测 β -0.367（0.505）  模型 β -0.270（0.264）
04:01:25 INFO 测试期 MAE 0.0507  WAPE 0.260  CRPS 0.0291  PICP90 原始 0.857 / ACI 0.901；输出 D:\EV充电因果预测sci论文\05_实验结果\runs\base_stgcn_price_s2
== base_stgcn_price_s2  完成，用时 5.4 分钟
== base_agcrn_price_s2  开始 04:01:26
04:01:29 INFO 运行 base_agcrn_price_s2，基线 agcrn，设备 cuda，torch 2.11.0+cu128
04:01:30 INFO 数据：T=4344 N=275 目标 utilization 训练/验证/测试起点 3001/409/841
04:01:30 INFO 模型参数 816,901；价格输入 hist_fut；损失 pinball（分位数）
04:02:05 INFO 训练 第   1 轮  训练 0.02596  验证 0.01891  32.4s
04:02:37 INFO 训练 第   2 轮  训练 0.01921  验证 0.01818  32.5s
04:03:09 INFO 训练 第   3 轮  训练 0.01814  验证 0.01727  32.3s
04:03:41 INFO 训练 第   4 轮  训练 0.01716  验证 0.01658  31.8s
04:04:13 INFO 训练 第   5 轮  训练 0.01639  验证 0.01608  32.1s
04:04:46 INFO 训练 第   6 轮  训练 0.01556  验证 0.01561  32.8s
04:05:20 INFO 训练 第   7 轮  训练 0.01502  验证 0.01532  33.4s
04:05:53 INFO 训练 第   8 轮  训练 0.01466  验证 0.01530  33.6s
04:06:26 INFO 训练 第   9 轮  训练 0.01433  验证 0.01506  32.6s
04:06:58 INFO 训练 第  10 轮  训练 0.01396  验证 0.01490  32.5s
04:07:31 INFO 训练 第  11 轮  训练 0.01368  验证 0.01483  32.8s
04:08:04 INFO 训练 第  12 轮  训练 0.01345  验证 0.01474  32.7s
04:08:35 INFO 训练 第  13 轮  训练 0.01323  验证 0.01472  31.7s
04:09:07 INFO 训练 第  14 轮  训练 0.01304  验证 0.01467  31.4s
04:09:40 INFO 训练 第  15 轮  训练 0.01285  验证 0.01474  33.0s
04:10:13 INFO 训练 第  16 轮  训练 0.01269  验证 0.01469  33.3s
04:10:45 INFO 训练 第  17 轮  训练 0.01258  验证 0.01477  31.5s
04:11:18 INFO 训练 第  18 轮  训练 0.01245  验证 0.01471  33.3s
04:11:52 INFO 训练 第  19 轮  训练 0.01232  验证 0.01480  33.7s
04:12:25 INFO 训练 第  20 轮  训练 0.01217  验证 0.01488  33.4s
04:12:57 INFO 训练 第  21 轮  训练 0.01205  验证 0.01497  32.3s
04:13:29 INFO 训练 第  22 轮  训练 0.01192  验证 0.01501  31.8s
04:14:02 INFO 训练 第  23 轮  训练 0.01181  验证 0.01508  32.7s
04:14:35 INFO 训练 第  24 轮  训练 0.01169  验证 0.01520  33.3s
04:15:07 INFO 训练 第  25 轮  训练 0.01158  验证 0.01518  32.2s
04:15:39 INFO 训练 第  26 轮  训练 0.01144  验证 0.01539  31.5s
04:16:11 INFO 训练 第  27 轮  训练 0.01133  验证 0.01552  32.3s
04:16:44 INFO 训练 第  28 轮  训练 0.01120  验证 0.01564  32.8s
04:17:16 INFO 训练 第  29 轮  训练 0.01111  验证 0.01571  32.2s
04:17:16 INFO 验证损失 15 轮未改善，提前停止
04:17:24 INFO 价格响应读出（分时小区 dl_hist+dl_fut 价格 +5%）：弧弹性均值 +0.117，中位数 +0.111，为负的比例 0.24
04:17:24 INFO 切换点一致性（all）：观测 β -1.180（0.393）  模型 β -0.349（0.177）
04:17:25 INFO 切换点一致性（novel）：观测 β -0.367（0.505）  模型 β -0.113（0.183）
04:17:37 INFO 测试期 MAE 0.0505  WAPE 0.258  CRPS 0.0293  PICP90 原始 0.827 / ACI 0.905；输出 D:\EV充电因果预测sci论文\05_实验结果\runs\base_agcrn_price_s2
== base_agcrn_price_s2  完成，用时 16.2 分钟
== base_fcnn_s3  开始 04:17:37
04:17:40 INFO 运行 base_fcnn_s3，基线 fcnn，设备 cuda，torch 2.11.0+cu128
04:17:41 INFO 数据：T=4344 N=275 目标 utilization 训练/验证/测试起点 3001/409/841
04:17:41 INFO 模型参数 32,711；价格输入 none；损失 pinball（分位数）
04:17:48 INFO 训练 第   1 轮  训练 0.02345  验证 0.01791  4.1s
04:17:52 INFO 训练 第   2 轮  训练 0.01973  验证 0.01676  3.7s
04:17:56 INFO 训练 第   3 轮  训练 0.01880  验证 0.01612  3.7s
04:18:00 INFO 训练 第   4 轮  训练 0.01813  验证 0.01541  3.7s
04:18:03 INFO 训练 第   5 轮  训练 0.01763  验证 0.01523  3.9s
04:18:07 INFO 训练 第   6 轮  训练 0.01731  验证 0.01495  3.7s
04:18:11 INFO 训练 第   7 轮  训练 0.01708  验证 0.01505  3.6s
04:18:14 INFO 训练 第   8 轮  训练 0.01690  验证 0.01474  3.7s
04:18:18 INFO 训练 第   9 轮  训练 0.01675  验证 0.01465  3.7s
04:18:22 INFO 训练 第  10 轮  训练 0.01663  验证 0.01460  3.7s
04:18:26 INFO 训练 第  11 轮  训练 0.01655  验证 0.01450  3.8s
04:18:29 INFO 训练 第  12 轮  训练 0.01646  验证 0.01455  3.7s
04:18:33 INFO 训练 第  13 轮  训练 0.01634  验证 0.01447  3.8s
04:18:37 INFO 训练 第  14 轮  训练 0.01628  验证 0.01437  3.6s
04:18:41 INFO 训练 第  15 轮  训练 0.01621  验证 0.01441  3.8s
04:18:44 INFO 训练 第  16 轮  训练 0.01614  验证 0.01425  3.8s
04:18:48 INFO 训练 第  17 轮  训练 0.01609  验证 0.01431  4.0s
04:18:52 INFO 训练 第  18 轮  训练 0.01604  验证 0.01429  3.9s
04:18:56 INFO 训练 第  19 轮  训练 0.01597  验证 0.01422  3.9s
04:19:00 INFO 训练 第  20 轮  训练 0.01592  验证 0.01418  3.9s
04:19:04 INFO 训练 第  21 轮  训练 0.01587  验证 0.01416  3.9s
04:19:08 INFO 训练 第  22 轮  训练 0.01583  验证 0.01416  3.8s
04:19:12 INFO 训练 第  23 轮  训练 0.01578  验证 0.01407  4.0s
04:19:16 INFO 训练 第  24 轮  训练 0.01573  验证 0.01399  3.9s
04:19:20 INFO 训练 第  25 轮  训练 0.01568  验证 0.01400  3.8s
04:19:23 INFO 训练 第  26 轮  训练 0.01566  验证 0.01415  3.7s
04:19:27 INFO 训练 第  27 轮  训练 0.01562  验证 0.01407  3.9s
04:19:31 INFO 训练 第  28 轮  训练 0.01557  验证 0.01387  3.9s
04:19:35 INFO 训练 第  29 轮  训练 0.01554  验证 0.01402  3.7s
04:19:39 INFO 训练 第  30 轮  训练 0.01550  验证 0.01398  3.8s
04:19:42 INFO 训练 第  31 轮  训练 0.01548  验证 0.01396  3.8s
04:19:46 INFO 训练 第  32 轮  训练 0.01543  验证 0.01388  3.9s
04:19:50 INFO 训练 第  33 轮  训练 0.01541  验证 0.01385  4.0s
04:19:54 INFO 训练 第  34 轮  训练 0.01538  验证 0.01390  3.9s
04:19:58 INFO 训练 第  35 轮  训练 0.01536  验证 0.01383  3.8s
04:20:02 INFO 训练 第  36 轮  训练 0.01533  验证 0.01377  3.8s
04:20:05 INFO 训练 第  37 轮  训练 0.01532  验证 0.01381  3.6s
04:20:09 INFO 训练 第  38 轮  训练 0.01527  验证 0.01385  3.7s
04:20:13 INFO 训练 第  39 轮  训练 0.01528  验证 0.01398  3.7s
04:20:17 INFO 训练 第  40 轮  训练 0.01524  验证 0.01376  3.8s
04:20:20 INFO 训练 第  41 轮  训练 0.01522  验证 0.01378  3.8s
04:20:24 INFO 训练 第  42 轮  训练 0.01518  验证 0.01389  3.8s
04:20:28 INFO 训练 第  43 轮  训练 0.01515  验证 0.01366  4.0s
04:20:32 INFO 训练 第  44 轮  训练 0.01514  验证 0.01379  4.0s
04:20:36 INFO 训练 第  45 轮  训练 0.01514  验证 0.01370  3.9s
04:20:40 INFO 训练 第  46 轮  训练 0.01510  验证 0.01380  3.8s
04:20:43 INFO 训练 第  47 轮  训练 0.01508  验证 0.01373  3.6s
04:20:47 INFO 训练 第  48 轮  训练 0.01508  验证 0.01365  3.7s
04:20:51 INFO 训练 第  49 轮  训练 0.01505  验证 0.01366  3.8s
04:20:55 INFO 训练 第  50 轮  训练 0.01504  验证 0.01373  3.9s
04:20:59 INFO 训练 第  51 轮  训练 0.01502  验证 0.01367  3.9s
04:21:03 INFO 训练 第  52 轮  训练 0.01501  验证 0.01368  4.0s
04:21:07 INFO 训练 第  53 轮  训练 0.01498  验证 0.01360  3.9s
04:21:10 INFO 训练 第  54 轮  训练 0.01496  验证 0.01363  3.8s
04:21:14 INFO 训练 第  55 轮  训练 0.01499  验证 0.01372  3.8s
04:21:18 INFO 训练 第  56 轮  训练 0.01495  验证 0.01354  3.7s
04:21:22 INFO 训练 第  57 轮  训练 0.01494  验证 0.01370  3.8s
04:21:25 INFO 训练 第  58 轮  训练 0.01492  验证 0.01362  3.8s
04:21:29 INFO 训练 第  59 轮  训练 0.01492  验证 0.01360  3.9s
04:21:33 INFO 训练 第  60 轮  训练 0.01490  验证 0.01361  3.7s
04:21:37 INFO 训练 第  61 轮  训练 0.01488  验证 0.01356  3.9s
04:21:41 INFO 训练 第  62 轮  训练 0.01489  验证 0.01351  3.8s
04:21:44 INFO 训练 第  63 轮  训练 0.01489  验证 0.01364  3.7s
04:21:48 INFO 训练 第  64 轮  训练 0.01487  验证 0.01375  3.7s
04:21:52 INFO 训练 第  65 轮  训练 0.01486  验证 0.01364  3.7s
04:21:56 INFO 训练 第  66 轮  训练 0.01484  验证 0.01352  3.7s
04:21:59 INFO 训练 第  67 轮  训练 0.01482  验证 0.01362  3.8s
04:22:03 INFO 训练 第  68 轮  训练 0.01482  验证 0.01356  3.8s
04:22:07 INFO 训练 第  69 轮  训练 0.01479  验证 0.01353  3.9s
04:22:11 INFO 训练 第  70 轮  训练 0.01478  验证 0.01355  3.8s
04:22:15 INFO 训练 第  71 轮  训练 0.01478  验证 0.01359  3.8s
04:22:19 INFO 训练 第  72 轮  训练 0.01477  验证 0.01348  3.9s
04:22:22 INFO 训练 第  73 轮  训练 0.01477  验证 0.01352  3.9s
04:22:26 INFO 训练 第  74 轮  训练 0.01475  验证 0.01361  4.0s
04:22:30 INFO 训练 第  75 轮  训练 0.01475  验证 0.01363  3.8s
04:22:34 INFO 训练 第  76 轮  训练 0.01473  验证 0.01357  3.9s
04:22:38 INFO 训练 第  77 轮  训练 0.01470  验证 0.01357  3.7s
04:22:42 INFO 训练 第  78 轮  训练 0.01472  验证 0.01348  3.8s
04:22:46 INFO 训练 第  79 轮  训练 0.01471  验证 0.01343  3.9s
04:22:49 INFO 训练 第  80 轮  训练 0.01470  验证 0.01351  4.0s
04:22:53 INFO 训练 第  81 轮  训练 0.01470  验证 0.01349  3.9s
04:22:57 INFO 训练 第  82 轮  训练 0.01467  验证 0.01349  3.9s
04:23:01 INFO 训练 第  83 轮  训练 0.01467  验证 0.01349  3.8s
04:23:05 INFO 训练 第  84 轮  训练 0.01467  验证 0.01353  3.9s
04:23:09 INFO 训练 第  85 轮  训练 0.01466  验证 0.01352  3.8s
04:23:13 INFO 训练 第  86 轮  训练 0.01466  验证 0.01341  3.9s
04:23:17 INFO 训练 第  87 轮  训练 0.01464  验证 0.01344  3.9s
04:23:20 INFO 训练 第  88 轮  训练 0.01464  验证 0.01353  3.9s
04:23:24 INFO 训练 第  89 轮  训练 0.01463  验证 0.01354  3.8s
04:23:28 INFO 训练 第  90 轮  训练 0.01463  验证 0.01344  3.7s
04:23:32 INFO 训练 第  91 轮  训练 0.01462  验证 0.01353  4.0s
04:23:36 INFO 训练 第  92 轮  训练 0.01461  验证 0.01353  3.9s
04:23:40 INFO 训练 第  93 轮  训练 0.01462  验证 0.01343  3.7s
04:23:43 INFO 训练 第  94 轮  训练 0.01460  验证 0.01344  3.8s
04:23:47 INFO 训练 第  95 轮  训练 0.01459  验证 0.01348  3.8s
04:23:51 INFO 训练 第  96 轮  训练 0.01459  验证 0.01351  3.7s
04:23:55 INFO 训练 第  97 轮  训练 0.01459  验证 0.01336  3.9s
04:23:58 INFO 训练 第  98 轮  训练 0.01460  验证 0.01351  3.8s
04:24:02 INFO 训练 第  99 轮  训练 0.01457  验证 0.01351  3.7s
04:24:06 INFO 训练 第 100 轮  训练 0.01457  验证 0.01354  3.8s
04:24:07 INFO 切换点一致性（all）：观测 β -1.180（0.393）  模型 β -0.773（0.212）
04:24:08 INFO 切换点一致性（novel）：观测 β -0.367（0.505）  模型 β -0.372（0.168）
04:24:27 INFO 测试期 MAE 0.0434  WAPE 0.222  CRPS 0.0259  PICP90 原始 0.900 / ACI 0.900；输出 D:\EV充电因果预测sci论文\05_实验结果\runs\base_fcnn_s3
== base_fcnn_s3  完成，用时 6.8 分钟
== base_lstm_s3  开始 04:24:28
04:24:30 INFO 运行 base_lstm_s3，基线 lstm，设备 cuda，torch 2.11.0+cu128
04:24:31 INFO 数据：T=4344 N=275 目标 utilization 训练/验证/测试起点 3001/409/841
04:24:31 INFO 模型参数 40,007；价格输入 none；损失 pinball（分位数）
04:24:40 INFO 训练 第   1 轮  训练 0.02426  验证 0.01804  5.3s
04:24:44 INFO 训练 第   2 轮  训练 0.02016  验证 0.01734  4.7s
04:24:49 INFO 训练 第   3 轮  训练 0.01963  验证 0.01712  5.0s
04:24:54 INFO 训练 第   4 轮  训练 0.01931  验证 0.01693  4.7s
04:24:59 INFO 训练 第   5 轮  训练 0.01890  验证 0.01639  4.8s
04:25:04 INFO 训练 第   6 轮  训练 0.01834  验证 0.01578  4.6s
04:25:08 INFO 训练 第   7 轮  训练 0.01774  验证 0.01531  4.7s
04:25:13 INFO 训练 第   8 轮  训练 0.01728  验证 0.01504  4.8s
04:25:18 INFO 训练 第   9 轮  训练 0.01698  验证 0.01481  4.8s
04:25:22 INFO 训练 第  10 轮  训练 0.01676  验证 0.01484  4.7s
04:25:27 INFO 训练 第  11 轮  训练 0.01658  验证 0.01467  4.7s
04:25:32 INFO 训练 第  12 轮  训练 0.01645  验证 0.01461  4.7s
04:25:37 INFO 训练 第  13 轮  训练 0.01635  验证 0.01455  4.7s
04:25:41 INFO 训练 第  14 轮  训练 0.01620  验证 0.01437  4.8s
04:25:46 INFO 训练 第  15 轮  训练 0.01610  验证 0.01444  4.7s
04:25:51 INFO 训练 第  16 轮  训练 0.01597  验证 0.01427  4.9s
04:25:56 INFO 训练 第  17 轮  训练 0.01587  验证 0.01422  4.7s
04:26:00 INFO 训练 第  18 轮  训练 0.01579  验证 0.01429  4.8s
04:26:05 INFO 训练 第  19 轮  训练 0.01570  验证 0.01403  4.7s
04:26:10 INFO 训练 第  20 轮  训练 0.01560  验证 0.01413  4.6s
04:26:15 INFO 训练 第  21 轮  训练 0.01551  验证 0.01402  4.7s
04:26:19 INFO 训练 第  22 轮  训练 0.01544  验证 0.01400  4.8s
04:26:24 INFO 训练 第  23 轮  训练 0.01538  验证 0.01417  4.8s
04:26:29 INFO 训练 第  24 轮  训练 0.01529  验证 0.01397  4.8s
04:26:34 INFO 训练 第  25 轮  训练 0.01523  验证 0.01381  4.8s
04:26:38 INFO 训练 第  26 轮  训练 0.01518  验证 0.01405  4.6s
04:26:43 INFO 训练 第  27 轮  训练 0.01513  验证 0.01377  4.7s
04:26:48 INFO 训练 第  28 轮  训练 0.01507  验证 0.01381  4.8s
04:26:53 INFO 训练 第  29 轮  训练 0.01504  验证 0.01380  4.8s
04:26:58 INFO 训练 第  30 轮  训练 0.01499  验证 0.01378  4.9s
04:27:02 INFO 训练 第  31 轮  训练 0.01496  验证 0.01388  4.6s
04:27:07 INFO 训练 第  32 轮  训练 0.01491  验证 0.01384  4.6s
04:27:12 INFO 训练 第  33 轮  训练 0.01486  验证 0.01382  4.7s
04:27:16 INFO 训练 第  34 轮  训练 0.01483  验证 0.01366  4.6s
04:27:21 INFO 训练 第  35 轮  训练 0.01482  验证 0.01360  4.8s
04:27:26 INFO 训练 第  36 轮  训练 0.01476  验证 0.01368  4.9s
04:27:31 INFO 训练 第  37 轮  训练 0.01473  验证 0.01367  4.8s
04:27:36 INFO 训练 第  38 轮  训练 0.01470  验证 0.01367  4.9s
04:27:40 INFO 训练 第  39 轮  训练 0.01467  验证 0.01374  4.7s
04:27:45 INFO 训练 第  40 轮  训练 0.01463  验证 0.01368  4.8s
04:27:50 INFO 训练 第  41 轮  训练 0.01463  验证 0.01386  4.9s
04:27:55 INFO 训练 第  42 轮  训练 0.01459  验证 0.01357  4.8s
04:28:00 INFO 训练 第  43 轮  训练 0.01456  验证 0.01379  4.9s
04:28:04 INFO 训练 第  44 轮  训练 0.01455  验证 0.01362  4.9s
04:28:09 INFO 训练 第  45 轮  训练 0.01451  验证 0.01356  4.8s
04:28:14 INFO 训练 第  46 轮  训练 0.01449  验证 0.01356  4.8s
04:28:19 INFO 训练 第  47 轮  训练 0.01446  验证 0.01361  4.6s
04:28:23 INFO 训练 第  48 轮  训练 0.01445  验证 0.01342  4.7s
04:28:28 INFO 训练 第  49 轮  训练 0.01442  验证 0.01356  4.7s
04:28:33 INFO 训练 第  50 轮  训练 0.01441  验证 0.01346  4.7s
04:28:37 INFO 训练 第  51 轮  训练 0.01440  验证 0.01334  4.7s
04:28:42 INFO 训练 第  52 轮  训练 0.01437  验证 0.01343  4.9s
04:28:47 INFO 训练 第  53 轮  训练 0.01434  验证 0.01362  4.7s
04:28:52 INFO 训练 第  54 轮  训练 0.01431  验证 0.01354  4.7s
04:28:56 INFO 训练 第  55 轮  训练 0.01430  验证 0.01359  4.8s
04:29:01 INFO 训练 第  56 轮  训练 0.01429  验证 0.01349  4.7s
04:29:06 INFO 训练 第  57 轮  训练 0.01426  验证 0.01339  4.7s
04:29:11 INFO 训练 第  58 轮  训练 0.01424  验证 0.01352  4.7s
04:29:15 INFO 训练 第  59 轮  训练 0.01423  验证 0.01331  4.8s
04:29:20 INFO 训练 第  60 轮  训练 0.01422  验证 0.01338  4.9s
04:29:25 INFO 训练 第  61 轮  训练 0.01419  验证 0.01355  4.7s
04:29:30 INFO 训练 第  62 轮  训练 0.01418  验证 0.01346  4.7s
04:29:35 INFO 训练 第  63 轮  训练 0.01421  验证 0.01335  4.9s
04:29:39 INFO 训练 第  64 轮  训练 0.01415  验证 0.01333  4.8s
04:29:44 INFO 训练 第  65 轮  训练 0.01414  验证 0.01352  4.6s
04:29:49 INFO 训练 第  66 轮  训练 0.01412  验证 0.01335  4.7s
04:29:53 INFO 训练 第  67 轮  训练 0.01411  验证 0.01341  4.7s
04:29:58 INFO 训练 第  68 轮  训练 0.01411  验证 0.01343  4.7s
04:30:03 INFO 训练 第  69 轮  训练 0.01408  验证 0.01347  4.7s
04:30:08 INFO 训练 第  70 轮  训练 0.01406  验证 0.01338  4.8s
04:30:12 INFO 训练 第  71 轮  训练 0.01406  验证 0.01340  4.9s
04:30:17 INFO 训练 第  72 轮  训练 0.01405  验证 0.01346  4.7s
04:30:22 INFO 训练 第  73 轮  训练 0.01405  验证 0.01335  4.8s
04:30:27 INFO 训练 第  74 轮  训练 0.01402  验证 0.01338  4.8s
04:30:27 INFO 验证损失 15 轮未改善，提前停止
04:30:28 INFO 切换点一致性（all）：观测 β -1.180（0.393）  模型 β -0.584（0.218）
04:30:29 INFO 切换点一致性（novel）：观测 β -0.367（0.505）  模型 β -0.251（0.219）
04:30:47 INFO 测试期 MAE 0.0443  WAPE 0.227  CRPS 0.0262  PICP90 原始 0.888 / ACI 0.898；输出 D:\EV充电因果预测sci论文\05_实验结果\runs\base_lstm_s3
== base_lstm_s3  完成，用时 6.3 分钟
== base_gcn_s3  开始 04:30:47
04:30:50 INFO 运行 base_gcn_s3，基线 gcn，设备 cuda，torch 2.11.0+cu128
04:30:51 INFO 数据：T=4344 N=275 目标 utilization 训练/验证/测试起点 3001/409/841
04:30:51 INFO 模型参数 1,074,616；价格输入 none；损失 pinball（分位数）
04:30:59 INFO 训练 第   1 轮  训练 0.02274  验证 0.01699  4.8s
04:31:03 INFO 训练 第   2 轮  训练 0.01844  验证 0.01582  3.9s
04:31:07 INFO 训练 第   3 轮  训练 0.01734  验证 0.01533  3.9s
04:31:10 INFO 训练 第   4 轮  训练 0.01659  验证 0.01510  3.9s
04:31:14 INFO 训练 第   5 轮  训练 0.01607  验证 0.01485  3.9s
04:31:18 INFO 训练 第   6 轮  训练 0.01571  验证 0.01476  4.1s
04:31:22 INFO 训练 第   7 轮  训练 0.01540  验证 0.01466  4.0s
04:31:26 INFO 训练 第   8 轮  训练 0.01510  验证 0.01491  3.9s
04:31:30 INFO 训练 第   9 轮  训练 0.01487  验证 0.01475  3.9s
04:31:34 INFO 训练 第  10 轮  训练 0.01466  验证 0.01480  3.9s
04:31:38 INFO 训练 第  11 轮  训练 0.01446  验证 0.01490  3.9s
04:31:42 INFO 训练 第  12 轮  训练 0.01428  验证 0.01487  3.9s
04:31:46 INFO 训练 第  13 轮  训练 0.01410  验证 0.01502  3.9s
04:31:50 INFO 训练 第  14 轮  训练 0.01397  验证 0.01499  4.0s
04:31:54 INFO 训练 第  15 轮  训练 0.01384  验证 0.01524  3.9s
04:31:58 INFO 训练 第  16 轮  训练 0.01370  验证 0.01534  4.0s
04:32:02 INFO 训练 第  17 轮  训练 0.01359  验证 0.01513  4.1s
04:32:06 INFO 训练 第  18 轮  训练 0.01345  验证 0.01524  4.0s
04:32:10 INFO 训练 第  19 轮  训练 0.01333  验证 0.01538  4.0s
04:32:14 INFO 训练 第  20 轮  训练 0.01324  验证 0.01526  4.0s
04:32:18 INFO 训练 第  21 轮  训练 0.01315  验证 0.01543  3.9s
04:32:21 INFO 训练 第  22 轮  训练 0.01299  验证 0.01551  3.9s
04:32:21 INFO 验证损失 15 轮未改善，提前停止
04:32:23 INFO 切换点一致性（all）：观测 β -1.180（0.393）  模型 β -0.416（0.155）
04:32:23 INFO 切换点一致性（novel）：观测 β -0.367（0.505）  模型 β -0.273（0.187）
04:32:42 INFO 测试期 MAE 0.0507  WAPE 0.260  CRPS 0.0297  PICP90 原始 0.875 / ACI 0.899；输出 D:\EV充电因果预测sci论文\05_实验结果\runs\base_gcn_s3
== base_gcn_s3  完成，用时 1.9 分钟
== base_gcnlstm_s3  开始 04:32:43
04:32:46 INFO 运行 base_gcnlstm_s3，基线 gcnlstm，设备 cuda，torch 2.11.0+cu128
04:32:47 INFO 数据：T=4344 N=275 目标 utilization 训练/验证/测试起点 3001/409/841
04:32:47 INFO 模型参数 1,081,144；价格输入 none；损失 pinball（分位数）
04:32:55 INFO 训练 第   1 轮  训练 0.02313  验证 0.01765  5.3s
04:33:00 INFO 训练 第   2 轮  训练 0.01882  验证 0.01607  4.6s
04:33:05 INFO 训练 第   3 轮  训练 0.01736  验证 0.01563  4.5s
04:33:09 INFO 训练 第   4 轮  训练 0.01649  验证 0.01532  4.5s
04:33:14 INFO 训练 第   5 轮  训练 0.01589  验证 0.01552  4.5s
04:33:18 INFO 训练 第   6 轮  训练 0.01542  验证 0.01550  4.5s
04:33:23 INFO 训练 第   7 轮  训练 0.01504  验证 0.01574  4.5s
04:33:27 INFO 训练 第   8 轮  训练 0.01473  验证 0.01565  4.6s
04:33:32 INFO 训练 第   9 轮  训练 0.01440  验证 0.01581  4.5s
04:33:36 INFO 训练 第  10 轮  训练 0.01415  验证 0.01585  4.6s
04:33:41 INFO 训练 第  11 轮  训练 0.01395  验证 0.01645  4.6s
04:33:45 INFO 训练 第  12 轮  训练 0.01376  验证 0.01601  4.7s
04:33:50 INFO 训练 第  13 轮  训练 0.01354  验证 0.01635  4.7s
04:33:55 INFO 训练 第  14 轮  训练 0.01341  验证 0.01646  4.5s
04:33:59 INFO 训练 第  15 轮  训练 0.01325  验证 0.01625  4.6s
04:34:04 INFO 训练 第  16 轮  训练 0.01311  验证 0.01648  4.6s
04:34:08 INFO 训练 第  17 轮  训练 0.01293  验证 0.01678  4.5s
04:34:13 INFO 训练 第  18 轮  训练 0.01281  验证 0.01666  4.5s
04:34:18 INFO 训练 第  19 轮  训练 0.01269  验证 0.01687  4.7s
04:34:18 INFO 验证损失 15 轮未改善，提前停止
04:34:19 INFO 切换点一致性（all）：观测 β -1.180（0.393）  模型 β -0.248（0.114）
04:34:19 INFO 切换点一致性（novel）：观测 β -0.367（0.505）  模型 β -0.223（0.137）
04:34:34 INFO 测试期 MAE 0.0519  WAPE 0.266  CRPS 0.0304  PICP90 原始 0.905 / ACI 0.899；输出 D:\EV充电因果预测sci论文\05_实验结果\runs\base_gcnlstm_s3
== base_gcnlstm_s3  完成，用时 1.9 分钟
== base_stgcn_s3  开始 04:34:35
04:34:38 INFO 运行 base_stgcn_s3，基线 stgcn，设备 cuda，torch 2.11.0+cu128
04:34:39 INFO 数据：T=4344 N=275 目标 utilization 训练/验证/测试起点 3001/409/841
04:34:39 INFO 模型参数 300,999；价格输入 none；损失 pinball（分位数）
04:34:54 INFO 训练 第   1 轮  训练 0.02307  验证 0.01752  11.8s
04:35:06 INFO 训练 第   2 轮  训练 0.01901  验证 0.01715  11.1s
04:35:17 INFO 训练 第   3 轮  训练 0.01824  验证 0.01690  11.2s
04:35:28 INFO 训练 第   4 轮  训练 0.01728  验证 0.01604  11.3s
04:35:39 INFO 训练 第   5 轮  训练 0.01667  验证 0.01601  11.1s
04:35:50 INFO 训练 第   6 轮  训练 0.01613  验证 0.01556  11.1s
04:36:01 INFO 训练 第   7 轮  训练 0.01568  验证 0.01587  11.1s
04:36:13 INFO 训练 第   8 轮  训练 0.01533  验证 0.01519  11.3s
04:36:24 INFO 训练 第   9 轮  训练 0.01491  验证 0.01501  11.4s
04:36:35 INFO 训练 第  10 轮  训练 0.01445  验证 0.01533  11.1s
04:36:46 INFO 训练 第  11 轮  训练 0.01412  验证 0.01503  11.2s
04:36:58 INFO 训练 第  12 轮  训练 0.01387  验证 0.01505  11.2s
04:37:09 INFO 训练 第  13 轮  训练 0.01354  验证 0.01503  11.1s
04:37:20 INFO 训练 第  14 轮  训练 0.01335  验证 0.01507  11.0s
04:37:31 INFO 训练 第  15 轮  训练 0.01319  验证 0.01490  11.1s
04:37:42 INFO 训练 第  16 轮  训练 0.01302  验证 0.01522  11.2s
04:37:53 INFO 训练 第  17 轮  训练 0.01288  验证 0.01521  11.1s
04:38:04 INFO 训练 第  18 轮  训练 0.01275  验证 0.01527  11.2s
04:38:16 INFO 训练 第  19 轮  训练 0.01261  验证 0.01528  11.2s
04:38:27 INFO 训练 第  20 轮  训练 0.01244  验证 0.01545  11.2s
04:38:38 INFO 训练 第  21 轮  训练 0.01232  验证 0.01543  11.2s
04:38:49 INFO 训练 第  22 轮  训练 0.01215  验证 0.01540  11.2s
04:39:01 INFO 训练 第  23 轮  训练 0.01206  验证 0.01569  11.3s
04:39:12 INFO 训练 第  24 轮  训练 0.01188  验证 0.01578  11.0s
04:39:23 INFO 训练 第  25 轮  训练 0.01175  验证 0.01578  11.3s
04:39:34 INFO 训练 第  26 轮  训练 0.01162  验证 0.01585  11.2s
04:39:45 INFO 训练 第  27 轮  训练 0.01156  验证 0.01588  11.2s
04:39:56 INFO 训练 第  28 轮  训练 0.01145  验证 0.01613  11.2s
04:40:07 INFO 训练 第  29 轮  训练 0.01135  验证 0.01598  11.2s
04:40:19 INFO 训练 第  30 轮  训练 0.01126  验证 0.01603  11.2s
04:40:19 INFO 验证损失 15 轮未改善，提前停止
04:40:21 INFO 切换点一致性（all）：观测 β -1.180（0.393）  模型 β -0.300（0.168）
04:40:21 INFO 切换点一致性（novel）：观测 β -0.367（0.505）  模型 β -0.164（0.204）
04:40:38 INFO 测试期 MAE 0.0513  WAPE 0.262  CRPS 0.0297  PICP90 原始 0.830 / ACI 0.905；输出 D:\EV充电因果预测sci论文\05_实验结果\runs\base_stgcn_s3
== base_stgcn_s3  完成，用时 6.1 分钟
== base_astgcn_s3  开始 04:40:40
04:40:42 INFO 运行 base_astgcn_s3，基线 astgcn，设备 cuda，torch 2.11.0+cu128
04:40:43 INFO 数据：T=4344 N=275 目标 utilization 训练/验证/测试起点 3001/409/841
04:40:43 INFO 模型参数 483,447；价格输入 none；损失 pinball（分位数）
04:41:03 INFO 训练 第   1 轮  训练 0.02270  验证 0.01796  16.3s
04:41:18 INFO 训练 第   2 轮  训练 0.01956  验证 0.01640  15.5s
04:41:34 INFO 训练 第   3 轮  训练 0.01824  验证 0.01566  15.7s
04:41:50 INFO 训练 第   4 轮  训练 0.01748  验证 0.01536  15.6s
04:42:05 INFO 训练 第   5 轮  训练 0.01695  验证 0.01509  15.6s
04:42:21 INFO 训练 第   6 轮  训练 0.01665  验证 0.01489  15.5s
04:42:36 INFO 训练 第   7 轮  训练 0.01625  验证 0.01475  15.7s
04:42:52 INFO 训练 第   8 轮  训练 0.01590  验证 0.01462  15.7s
04:43:08 INFO 训练 第   9 轮  训练 0.01560  验证 0.01454  15.7s
04:43:23 INFO 训练 第  10 轮  训练 0.01533  验证 0.01463  15.6s
04:43:39 INFO 训练 第  11 轮  训练 0.01511  验证 0.01472  15.8s
04:43:55 INFO 训练 第  12 轮  训练 0.01491  验证 0.01453  15.7s
04:44:11 INFO 训练 第  13 轮  训练 0.01462  验证 0.01473  15.6s
04:44:26 INFO 训练 第  14 轮  训练 0.01451  验证 0.01465  15.6s
04:44:42 INFO 训练 第  15 轮  训练 0.01446  验证 0.01468  15.6s
04:44:58 INFO 训练 第  16 轮  训练 0.01416  验证 0.01465  15.6s
04:45:13 INFO 训练 第  17 轮  训练 0.01410  验证 0.01460  15.6s
04:45:29 INFO 训练 第  18 轮  训练 0.01392  验证 0.01469  15.7s
04:45:44 INFO 训练 第  19 轮  训练 0.01383  验证 0.01447  15.6s
04:46:00 INFO 训练 第  20 轮  训练 0.01370  验证 0.01478  15.5s
04:46:16 INFO 训练 第  21 轮  训练 0.01365  验证 0.01459  15.8s
04:46:31 INFO 训练 第  22 轮  训练 0.01351  验证 0.01468  15.6s
04:46:47 INFO 训练 第  23 轮  训练 0.01344  验证 0.01468  15.7s
04:47:03 INFO 训练 第  24 轮  训练 0.01335  验证 0.01468  15.8s
04:47:18 INFO 训练 第  25 轮  训练 0.01322  验证 0.01486  15.5s
04:47:34 INFO 训练 第  26 轮  训练 0.01316  验证 0.01502  15.7s
04:47:50 INFO 训练 第  27 轮  训练 0.01310  验证 0.01482  15.7s
04:48:05 INFO 训练 第  28 轮  训练 0.01298  验证 0.01488  15.7s
04:48:21 INFO 训练 第  29 轮  训练 0.01295  验证 0.01502  15.7s
04:48:37 INFO 训练 第  30 轮  训练 0.01294  验证 0.01517  15.4s
04:48:52 INFO 训练 第  31 轮  训练 0.01279  验证 0.01512  15.7s
04:49:08 INFO 训练 第  32 轮  训练 0.01272  验证 0.01508  15.6s
04:49:24 INFO 训练 第  33 轮  训练 0.01270  验证 0.01495  15.6s
04:49:39 INFO 训练 第  34 轮  训练 0.01264  验证 0.01524  15.6s
04:49:39 INFO 验证损失 15 轮未改善，提前停止
04:49:42 INFO 切换点一致性（all）：观测 β -1.180（0.393）  模型 β -0.511（0.193）
04:49:42 INFO 切换点一致性（novel）：观测 β -0.367（0.505）  模型 β -0.094（0.199）
04:49:58 INFO 测试期 MAE 0.0497  WAPE 0.254  CRPS 0.0294  PICP90 原始 0.868 / ACI 0.899；输出 D:\EV充电因果预测sci论文\05_实验结果\runs\base_astgcn_s3
== base_astgcn_s3  完成，用时 9.3 分钟
== base_agcrn_s3  开始 04:49:59
04:50:02 INFO 运行 base_agcrn_s3，基线 agcrn，设备 cuda，torch 2.11.0+cu128
04:50:03 INFO 数据：T=4344 N=275 目标 utilization 训练/验证/测试起点 3001/409/841
04:50:04 INFO 模型参数 812,933；价格输入 none；损失 pinball（分位数）
04:50:41 INFO 训练 第   1 轮  训练 0.02573  验证 0.01878  34.7s
04:51:14 INFO 训练 第   2 轮  训练 0.01928  验证 0.01821  32.6s
04:51:50 INFO 训练 第   3 轮  训练 0.01830  验证 0.01748  35.7s
04:52:26 INFO 训练 第   4 轮  训练 0.01731  验证 0.01691  36.1s
04:53:00 INFO 训练 第   5 轮  训练 0.01663  验证 0.01619  34.5s
04:53:35 INFO 训练 第   6 轮  训练 0.01587  验证 0.01590  34.5s
04:54:08 INFO 训练 第   7 轮  训练 0.01527  验证 0.01559  33.3s
04:54:43 INFO 训练 第   8 轮  训练 0.01488  验证 0.01532  34.8s
04:55:17 INFO 训练 第   9 轮  训练 0.01460  验证 0.01526  34.4s
04:55:51 INFO 训练 第  10 轮  训练 0.01434  验证 0.01502  34.0s
04:56:25 INFO 训练 第  11 轮  训练 0.01404  验证 0.01483  33.7s
04:56:57 INFO 训练 第  12 轮  训练 0.01371  验证 0.01461  32.5s
04:57:30 INFO 训练 第  13 轮  训练 0.01343  验证 0.01464  33.1s
04:58:03 INFO 训练 第  14 轮  训练 0.01321  验证 0.01464  32.4s
04:58:38 INFO 训练 第  15 轮  训练 0.01305  验证 0.01452  35.1s
04:59:13 INFO 训练 第  16 轮  训练 0.01286  验证 0.01468  34.9s
04:59:49 INFO 训练 第  17 轮  训练 0.01269  验证 0.01467  35.9s
05:00:21 INFO 训练 第  18 轮  训练 0.01257  验证 0.01469  32.6s
05:00:55 INFO 训练 第  19 轮  训练 0.01242  验证 0.01465  33.8s
05:01:29 INFO 训练 第  20 轮  训练 0.01228  验证 0.01471  33.7s
05:02:04 INFO 训练 第  21 轮  训练 0.01216  验证 0.01476  35.2s
05:02:39 INFO 训练 第  22 轮  训练 0.01206  验证 0.01485  35.5s
05:03:14 INFO 训练 第  23 轮  训练 0.01193  验证 0.01494  34.3s
05:03:48 INFO 训练 第  24 轮  训练 0.01183  验证 0.01500  34.0s
05:04:22 INFO 训练 第  25 轮  训练 0.01169  验证 0.01506  34.7s
05:04:57 INFO 训练 第  26 轮  训练 0.01155  验证 0.01511  34.4s
05:05:31 INFO 训练 第  27 轮  训练 0.01146  验证 0.01526  34.2s
05:06:04 INFO 训练 第  28 轮  训练 0.01133  验证 0.01533  33.1s
05:06:40 INFO 训练 第  29 轮  训练 0.01120  验证 0.01551  35.8s
05:07:14 INFO 训练 第  30 轮  训练 0.01111  验证 0.01547  34.5s
05:07:14 INFO 验证损失 15 轮未改善，提前停止
05:07:20 INFO 切换点一致性（all）：观测 β -1.180（0.393）  模型 β -0.274（0.187）
05:07:20 INFO 切换点一致性（novel）：观测 β -0.367（0.505）  模型 β +0.059（0.185）
05:07:37 INFO 测试期 MAE 0.0497  WAPE 0.254  CRPS 0.0288  PICP90 原始 0.834 / ACI 0.904；输出 D:\EV充电因果预测sci论文\05_实验结果\runs\base_agcrn_s3
== base_agcrn_s3  完成，用时 17.6 分钟
== base_gwn_blind_s3  开始 05:07:38
05:07:40 INFO 运行 base_gwn_blind_s3，设备 cuda，torch 2.11.0+cu128
05:07:41 INFO 数据：T=4344 N=275 训练/验证/测试起点 3001/409/841；{'train': ('2022-09-01', '2023-01-05'), 'val': ('2023-01-06', '2023-01-23'), 'test': ('2023-01-24', '2023-02-28')}
05:07:42 INFO 模型参数 198,211；锚定方式 cut；锚定来源 fivemin_main
05:08:12 INFO 第   1 轮  训练 0.02295  验证 pinball 0.01764  分时小区平均 β +nan  27.3s
05:08:39 INFO 第   2 轮  训练 0.01872  验证 pinball 0.01631  分时小区平均 β +nan  26.6s
05:09:05 INFO 第   3 轮  训练 0.01736  验证 pinball 0.01552  分时小区平均 β +nan  26.7s
05:09:32 INFO 第   4 轮  训练 0.01607  验证 pinball 0.01552  分时小区平均 β +nan  26.8s
05:09:59 INFO 第   5 轮  训练 0.01515  验证 pinball 0.01424  分时小区平均 β +nan  26.8s
05:10:26 INFO 第   6 轮  训练 0.01453  验证 pinball 0.01430  分时小区平均 β +nan  26.7s
05:10:52 INFO 第   7 轮  训练 0.01404  验证 pinball 0.01406  分时小区平均 β +nan  26.7s
05:11:19 INFO 第   8 轮  训练 0.01370  验证 pinball 0.01362  分时小区平均 β +nan  26.8s
05:11:46 INFO 第   9 轮  训练 0.01346  验证 pinball 0.01344  分时小区平均 β +nan  26.6s
05:12:12 INFO 第  10 轮  训练 0.01331  验证 pinball 0.01387  分时小区平均 β +nan  26.7s
05:12:39 INFO 第  11 轮  训练 0.01310  验证 pinball 0.01318  分时小区平均 β +nan  26.7s
05:13:06 INFO 第  12 轮  训练 0.01302  验证 pinball 0.01359  分时小区平均 β +nan  26.8s
05:13:33 INFO 第  13 轮  训练 0.01280  验证 pinball 0.01365  分时小区平均 β +nan  26.7s
05:13:59 INFO 第  14 轮  训练 0.01269  验证 pinball 0.01375  分时小区平均 β +nan  26.8s
05:14:26 INFO 第  15 轮  训练 0.01260  验证 pinball 0.01304  分时小区平均 β +nan  26.7s
05:14:53 INFO 第  16 轮  训练 0.01255  验证 pinball 0.01330  分时小区平均 β +nan  26.8s
05:15:20 INFO 第  17 轮  训练 0.01242  验证 pinball 0.01325  分时小区平均 β +nan  26.7s
05:15:46 INFO 第  18 轮  训练 0.01234  验证 pinball 0.01409  分时小区平均 β +nan  26.7s
05:16:13 INFO 第  19 轮  训练 0.01221  验证 pinball 0.01381  分时小区平均 β +nan  26.8s
05:16:40 INFO 第  20 轮  训练 0.01216  验证 pinball 0.01333  分时小区平均 β +nan  26.7s
05:17:07 INFO 第  21 轮  训练 0.01221  验证 pinball 0.01309  分时小区平均 β +nan  26.9s
05:17:34 INFO 第  22 轮  训练 0.01202  验证 pinball 0.01375  分时小区平均 β +nan  26.8s
05:18:00 INFO 第  23 轮  训练 0.01201  验证 pinball 0.01311  分时小区平均 β +nan  26.8s
05:18:27 INFO 第  24 轮  训练 0.01190  验证 pinball 0.01345  分时小区平均 β +nan  27.0s
05:18:54 INFO 第  25 轮  训练 0.01185  验证 pinball 0.01368  分时小区平均 β +nan  26.8s
05:19:21 INFO 第  26 轮  训练 0.01175  验证 pinball 0.01347  分时小区平均 β +nan  26.6s
05:19:48 INFO 第  27 轮  训练 0.01173  验证 pinball 0.01357  分时小区平均 β +nan  26.8s
05:20:14 INFO 第  28 轮  训练 0.01168  验证 pinball 0.01421  分时小区平均 β +nan  26.7s
05:20:41 INFO 第  29 轮  训练 0.01163  验证 pinball 0.01333  分时小区平均 β +nan  26.8s
05:21:08 INFO 第  30 轮  训练 0.01155  验证 pinball 0.01343  分时小区平均 β +nan  26.8s
05:21:08 INFO 验证损失 15 轮未改善，提前停止
05:21:13 INFO 切换点一致性（all）：观测 β -1.180（0.393）  模型 β -0.447（0.206）
05:21:13 INFO 切换点一致性（novel）：观测 β -0.367（0.505）  模型 β -0.209（0.225）
05:21:31 INFO 测试期 MAE 0.0444  WAPE 0.227  CRPS 0.0257  PICP90 原始 0.843 / ACI 0.900；输出 D:\EV充电因果预测sci论文\05_实验结果\runs\base_gwn_blind_s3
== base_gwn_blind_s3  完成，用时 13.9 分钟
== base_staeformer_blind_s3  开始 05:21:33
05:21:35 INFO 运行 base_staeformer_blind_s3，设备 cuda，torch 2.11.0+cu128
05:21:36 INFO 数据：T=4344 N=275 训练/验证/测试起点 3001/409/841；{'train': ('2022-09-01', '2023-01-05'), 'val': ('2023-01-06', '2023-01-23'), 'test': ('2023-01-24', '2023-02-28')}
05:21:36 INFO 模型参数 1,686,391；锚定方式 cut；锚定来源 fivemin_main
Traceback (most recent call last):
  File "D:\EV充电因果预测sci论文\03_代码\scripts\train.py", line 211, in <module>
    main()
  File "D:\EV充电因果预测sci论文\03_代码\scripts\train.py", line 123, in main
    out = model(tb)
          ^^^^^^^^^
  File "D:\Program Files\Conda\envs\cpa\Lib\site-packages\torch\nn\modules\module.py", line 1779, in _wrapped_call_impl
    return self._call_impl(*args, **kwargs)
           ^^^^^^^^^^^^^^^^^^^^^^^^^^^^^^^^
  File "D:\Program Files\Conda\envs\cpa\Lib\site-packages\torch\nn\modules\module.py", line 1790, in _call_impl
    return forward_call(*args, **kwargs)
           ^^^^^^^^^^^^^^^^^^^^^^^^^^^^^
  File "D:\EV充电因果预测sci论文\03_代码\src\models\cpastgnn.py", line 93, in forward
    z = self.backbone(x, batch["cov_hist"], tod=batch.get("tod_hist"), dow=batch.get("dow_hist"))
        ^^^^^^^^^^^^^^^^^^^^^^^^^^^^^^^^^^^^^^^^^^^^^^^^^^^^^^^^^^^^^^^^^^^^^^^^^^^^^^^^^^^^^^^^^
  File "D:\Program Files\Conda\envs\cpa\Lib\site-packages\torch\nn\modules\module.py", line 1779, in _wrapped_call_impl
    return self._call_impl(*args, **kwargs)
           ^^^^^^^^^^^^^^^^^^^^^^^^^^^^^^^^
  File "D:\Program Files\Conda\envs\cpa\Lib\site-packages\torch\nn\modules\module.py", line 1790, in _call_impl
    return forward_call(*args, **kwargs)
           ^^^^^^^^^^^^^^^^^^^^^^^^^^^^^
  File "D:\EV充电因果预测sci论文\03_代码\src\models\backbones\staeformer.py", line 59, in forward
    s = blk(s)
        ^^^^^^
  File "D:\Program Files\Conda\envs\cpa\Lib\site-packages\torch\nn\modules\module.py", line 1779, in _wrapped_call_impl
    return self._call_impl(*args, **kwargs)
           ^^^^^^^^^^^^^^^^^^^^^^^^^^^^^^^^
  File "D:\Program Files\Conda\envs\cpa\Lib\site-packages\torch\nn\modules\module.py", line 1790, in _call_impl
    return forward_call(*args, **kwargs)
           ^^^^^^^^^^^^^^^^^^^^^^^^^^^^^
  File "D:\EV充电因果预测sci论文\03_代码\src\models\backbones\staeformer.py", line 22, in forward
    a, _ = self.attn(x, x, x, need_weights=False)
           ^^^^^^^^^^^^^^^^^^^^^^^^^^^^^^^^^^^^^^
  File "D:\Program Files\Conda\envs\cpa\Lib\site-packages\torch\nn\modules\module.py", line 1779, in _wrapped_call_impl
    return self._call_impl(*args, **kwargs)
           ^^^^^^^^^^^^^^^^^^^^^^^^^^^^^^^^
  File "D:\Program Files\Conda\envs\cpa\Lib\site-packages\torch\nn\modules\module.py", line 1790, in _call_impl
    return forward_call(*args, **kwargs)
           ^^^^^^^^^^^^^^^^^^^^^^^^^^^^^
  File "D:\Program Files\Conda\envs\cpa\Lib\site-packages\torch\nn\modules\activation.py", line 1492, in forward
    attn_output, attn_output_weights = F.multi_head_attention_forward(
                                       ^^^^^^^^^^^^^^^^^^^^^^^^^^^^^^^
  File "D:\Program Files\Conda\envs\cpa\Lib\site-packages\torch\nn\functional.py", line 6682, in multi_head_attention_forward
    attn_output = scaled_dot_product_attention(
                  ^^^^^^^^^^^^^^^^^^^^^^^^^^^^^
torch.OutOfMemoryError: CUDA out of memory. Tried to allocate 888.00 MiB. GPU 0 has a total capacity of 8.00 GiB of which 0 bytes is free. Of the allocated memory 13.68 GiB is allocated by PyTorch, and 544.93 MiB is reserved by PyTorch but unallocated. If reserved but unallocated memory is large try setting PYTORCH_CUDA_ALLOC_CONF=expandable_segments:True to avoid fragmentation.  See documentation for Memory Management  (https://docs.pytorch.org/docs/stable/notes/cuda.html#optimizing-memory-usage-with-pytorch-cuda-alloc-conf)
== base_staeformer_blind_s3  失败（没有 summary.json），用时 3.3 分钟
== base_stgcn_price_s3  开始 05:24:48
05:24:52 INFO 运行 base_stgcn_price_s3，基线 stgcn，设备 cuda，torch 2.11.0+cu128
05:24:53 INFO 数据：T=4344 N=275 目标 utilization 训练/验证/测试起点 3001/409/841
05:24:53 INFO 模型参数 301,511；价格输入 hist_fut；损失 pinball（分位数）
05:25:09 INFO 训练 第   1 轮  训练 0.02270  验证 0.01811  12.3s
05:25:20 INFO 训练 第   2 轮  训练 0.01892  验证 0.01698  11.4s
05:25:31 INFO 训练 第   3 轮  训练 0.01817  验证 0.01695  11.5s
05:25:43 INFO 训练 第   4 轮  训练 0.01719  验证 0.01600  11.5s
05:25:54 INFO 训练 第   5 轮  训练 0.01667  验证 0.01587  11.3s
05:26:06 INFO 训练 第   6 轮  训练 0.01617  验证 0.01568  11.3s
05:26:17 INFO 训练 第   7 轮  训练 0.01550  验证 0.01580  11.5s
05:26:28 INFO 训练 第   8 轮  训练 0.01485  验证 0.01501  11.5s
05:26:40 INFO 训练 第   9 轮  训练 0.01429  验证 0.01490  11.4s
05:26:51 INFO 训练 第  10 轮  训练 0.01387  验证 0.01502  11.3s
05:27:03 INFO 训练 第  11 轮  训练 0.01367  验证 0.01492  11.4s
05:27:14 INFO 训练 第  12 轮  训练 0.01347  验证 0.01514  11.5s
05:27:25 INFO 训练 第  13 轮  训练 0.01323  验证 0.01496  11.2s
05:27:37 INFO 训练 第  14 轮  训练 0.01308  验证 0.01492  11.4s
05:27:48 INFO 训练 第  15 轮  训练 0.01297  验证 0.01513  11.4s
05:27:59 INFO 训练 第  16 轮  训练 0.01277  验证 0.01547  11.4s
05:28:11 INFO 训练 第  17 轮  训练 0.01262  验证 0.01553  11.4s
05:28:22 INFO 训练 第  18 轮  训练 0.01253  验证 0.01521  11.5s
05:28:34 INFO 训练 第  19 轮  训练 0.01245  验证 0.01549  11.3s
05:28:45 INFO 训练 第  20 轮  训练 0.01227  验证 0.01555  11.3s
05:28:56 INFO 训练 第  21 轮  训练 0.01209  验证 0.01541  11.3s
05:29:07 INFO 训练 第  22 轮  训练 0.01197  验证 0.01557  11.3s
05:29:19 INFO 训练 第  23 轮  训练 0.01182  验证 0.01566  11.4s
05:29:30 INFO 训练 第  24 轮  训练 0.01166  验证 0.01585  11.5s
05:29:30 INFO 验证损失 15 轮未改善，提前停止
05:29:35 INFO 价格响应读出（分时小区 dl_hist+dl_fut 价格 +5%）：弧弹性均值 -0.043，中位数 -0.049，为负的比例 0.62
05:29:35 INFO 切换点一致性（all）：观测 β -1.180（0.393）  模型 β -0.391（0.195）
05:29:35 INFO 切换点一致性（novel）：观测 β -0.367（0.505）  模型 β -0.347（0.279）
05:29:51 INFO 测试期 MAE 0.0510  WAPE 0.261  CRPS 0.0295  PICP90 原始 0.860 / ACI 0.903；输出 D:\EV充电因果预测sci论文\05_实验结果\runs\base_stgcn_price_s3
== base_stgcn_price_s3  完成，用时 5.1 分钟
== base_agcrn_price_s3  开始 05:29:52
05:29:55 INFO 运行 base_agcrn_price_s3，基线 agcrn，设备 cuda，torch 2.11.0+cu128
05:29:56 INFO 数据：T=4344 N=275 目标 utilization 训练/验证/测试起点 3001/409/841
05:29:56 INFO 模型参数 816,901；价格输入 hist_fut；损失 pinball（分位数）
05:30:31 INFO 训练 第   1 轮  训练 0.02603  验证 0.01872  32.4s
05:31:03 INFO 训练 第   2 轮  训练 0.01926  验证 0.01813  32.3s
05:31:36 INFO 训练 第   3 轮  训练 0.01802  验证 0.01718  32.8s
05:32:09 INFO 训练 第   4 轮  训练 0.01701  验证 0.01673  33.2s
05:32:41 INFO 训练 第   5 轮  训练 0.01635  验证 0.01618  32.4s
05:33:13 INFO 训练 第   6 轮  训练 0.01582  验证 0.01591  31.9s
05:33:46 INFO 训练 第   7 轮  训练 0.01528  验证 0.01563  32.1s
05:34:18 INFO 训练 第   8 轮  训练 0.01486  验证 0.01553  32.3s
05:34:51 INFO 训练 第   9 轮  训练 0.01454  验证 0.01520  32.9s
05:35:23 INFO 训练 第  10 轮  训练 0.01423  验证 0.01504  32.5s
05:35:56 INFO 训练 第  11 轮  训练 0.01397  验证 0.01496  32.4s
05:36:28 INFO 训练 第  12 轮  训练 0.01368  验证 0.01477  32.1s
05:36:59 INFO 训练 第  13 轮  训练 0.01345  验证 0.01488  31.6s
05:37:33 INFO 训练 第  14 轮  训练 0.01324  验证 0.01481  33.5s
05:38:06 INFO 训练 第  15 轮  训练 0.01306  验证 0.01468  33.0s
05:38:39 INFO 训练 第  16 轮  训练 0.01291  验证 0.01479  32.9s
05:39:11 INFO 训练 第  17 轮  训练 0.01274  验证 0.01475  32.5s
05:39:44 INFO 训练 第  18 轮  训练 0.01259  验证 0.01472  32.7s
05:40:18 INFO 训练 第  19 轮  训练 0.01244  验证 0.01477  33.8s
05:40:50 INFO 训练 第  20 轮  训练 0.01229  验证 0.01486  32.5s
05:41:23 INFO 训练 第  21 轮  训练 0.01217  验证 0.01485  33.2s
05:41:57 INFO 训练 第  22 轮  训练 0.01207  验证 0.01495  33.3s
05:42:29 INFO 训练 第  23 轮  训练 0.01194  验证 0.01507  32.1s
05:43:01 INFO 训练 第  24 轮  训练 0.01180  验证 0.01527  31.7s
05:43:33 INFO 训练 第  25 轮  训练 0.01167  验证 0.01519  32.8s
05:44:07 INFO 训练 第  26 轮  训练 0.01155  验证 0.01541  33.2s
05:44:40 INFO 训练 第  27 轮  训练 0.01145  验证 0.01554  33.1s
05:45:12 INFO 训练 第  28 轮  训练 0.01133  验证 0.01558  32.3s
05:45:46 INFO 训练 第  29 轮  训练 0.01121  验证 0.01567  34.0s
05:46:18 INFO 训练 第  30 轮  训练 0.01111  验证 0.01566  31.7s
05:46:18 INFO 验证损失 15 轮未改善，提前停止
05:46:25 INFO 价格响应读出（分时小区 dl_hist+dl_fut 价格 +5%）：弧弹性均值 +0.017，中位数 +0.012，为负的比例 0.49
05:46:26 INFO 切换点一致性（all）：观测 β -1.180（0.393）  模型 β -0.364（0.203）
05:46:26 INFO 切换点一致性（novel）：观测 β -0.367（0.505）  模型 β -0.180（0.238）
05:46:38 INFO 测试期 MAE 0.0509  WAPE 0.261  CRPS 0.0295  PICP90 原始 0.826 / ACI 0.905；输出 D:\EV充电因果预测sci论文\05_实验结果\runs\base_agcrn_price_s3
== base_agcrn_price_s3  完成，用时 16.8 分钟
== base_fcnn_s4  开始 05:46:39
05:46:41 INFO 运行 base_fcnn_s4，基线 fcnn，设备 cuda，torch 2.11.0+cu128
05:46:43 INFO 数据：T=4344 N=275 目标 utilization 训练/验证/测试起点 3001/409/841
05:46:43 INFO 模型参数 32,711；价格输入 none；损失 pinball（分位数）
05:46:50 INFO 训练 第   1 轮  训练 0.02370  验证 0.01798  4.3s
05:46:54 INFO 训练 第   2 轮  训练 0.01973  验证 0.01679  3.8s
05:46:58 INFO 训练 第   3 轮  训练 0.01889  验证 0.01614  3.8s
05:47:02 INFO 训练 第   4 轮  训练 0.01820  验证 0.01551  3.8s
05:47:06 INFO 训练 第   5 轮  训练 0.01762  验证 0.01509  3.8s
05:47:09 INFO 训练 第   6 轮  训练 0.01727  验证 0.01499  3.7s
05:47:13 INFO 训练 第   7 轮  训练 0.01705  验证 0.01475  3.8s
05:47:17 INFO 训练 第   8 轮  训练 0.01685  验证 0.01476  3.8s
05:47:21 INFO 训练 第   9 轮  训练 0.01669  验证 0.01460  3.9s
05:47:25 INFO 训练 第  10 轮  训练 0.01661  验证 0.01462  3.9s
05:47:29 INFO 训练 第  11 轮  训练 0.01647  验证 0.01447  4.0s
05:47:33 INFO 训练 第  12 轮  训练 0.01639  验证 0.01444  3.9s
05:47:36 INFO 训练 第  13 轮  训练 0.01631  验证 0.01446  3.8s
05:47:40 INFO 训练 第  14 轮  训练 0.01623  验证 0.01432  3.8s
05:47:44 INFO 训练 第  15 轮  训练 0.01613  验证 0.01435  3.7s
05:47:48 INFO 训练 第  16 轮  训练 0.01611  验证 0.01435  3.8s
05:47:52 INFO 训练 第  17 轮  训练 0.01602  验证 0.01430  3.7s
05:47:55 INFO 训练 第  18 轮  训练 0.01598  验证 0.01418  3.7s
05:47:59 INFO 训练 第  19 轮  训练 0.01587  验证 0.01413  3.7s
05:48:03 INFO 训练 第  20 轮  训练 0.01582  验证 0.01410  4.0s
05:48:07 INFO 训练 第  21 轮  训练 0.01576  验证 0.01404  4.0s
05:48:11 INFO 训练 第  22 轮  训练 0.01573  验证 0.01423  3.8s
05:48:14 INFO 训练 第  23 轮  训练 0.01570  验证 0.01403  3.7s
05:48:18 INFO 训练 第  24 轮  训练 0.01563  验证 0.01397  3.8s
05:48:22 INFO 训练 第  25 轮  训练 0.01559  验证 0.01396  3.7s
05:48:26 INFO 训练 第  26 轮  训练 0.01553  验证 0.01394  3.9s
05:48:30 INFO 训练 第  27 轮  训练 0.01552  验证 0.01389  4.0s
05:48:34 INFO 训练 第  28 轮  训练 0.01548  验证 0.01393  4.0s
05:48:38 INFO 训练 第  29 轮  训练 0.01541  验证 0.01385  3.9s
05:48:42 INFO 训练 第  30 轮  训练 0.01540  验证 0.01397  3.8s
05:48:45 INFO 训练 第  31 轮  训练 0.01537  验证 0.01381  3.8s
05:48:49 INFO 训练 第  32 轮  训练 0.01535  验证 0.01396  4.0s
05:48:53 INFO 训练 第  33 轮  训练 0.01530  验证 0.01388  3.8s
05:48:57 INFO 训练 第  34 轮  训练 0.01527  验证 0.01376  3.8s
05:49:01 INFO 训练 第  35 轮  训练 0.01523  验证 0.01380  3.8s
05:49:05 INFO 训练 第  36 轮  训练 0.01522  验证 0.01376  3.7s
05:49:08 INFO 训练 第  37 轮  训练 0.01521  验证 0.01381  3.8s
05:49:12 INFO 训练 第  38 轮  训练 0.01519  验证 0.01381  3.8s
05:49:16 INFO 训练 第  39 轮  训练 0.01515  验证 0.01377  3.9s
05:49:20 INFO 训练 第  40 轮  训练 0.01512  验证 0.01372  3.9s
05:49:23 INFO 训练 第  41 轮  训练 0.01510  验证 0.01380  3.7s
05:49:27 INFO 训练 第  42 轮  训练 0.01508  验证 0.01361  3.7s
05:49:31 INFO 训练 第  43 轮  训练 0.01507  验证 0.01370  3.8s
05:49:35 INFO 训练 第  44 轮  训练 0.01507  验证 0.01363  3.8s
05:49:39 INFO 训练 第  45 轮  训练 0.01504  验证 0.01365  3.9s
05:49:42 INFO 训练 第  46 轮  训练 0.01500  验证 0.01369  3.8s
05:49:46 INFO 训练 第  47 轮  训练 0.01499  验证 0.01358  3.8s
05:49:50 INFO 训练 第  48 轮  训练 0.01496  验证 0.01376  3.7s
05:49:54 INFO 训练 第  49 轮  训练 0.01497  验证 0.01361  3.7s
05:49:57 INFO 训练 第  50 轮  训练 0.01495  验证 0.01362  3.7s
05:50:01 INFO 训练 第  51 轮  训练 0.01492  验证 0.01365  3.8s
05:50:05 INFO 训练 第  52 轮  训练 0.01492  验证 0.01365  3.8s
05:50:09 INFO 训练 第  53 轮  训练 0.01491  验证 0.01368  3.8s
05:50:13 INFO 训练 第  54 轮  训练 0.01488  验证 0.01363  3.8s
05:50:16 INFO 训练 第  55 轮  训练 0.01489  验证 0.01355  3.8s
05:50:20 INFO 训练 第  56 轮  训练 0.01486  验证 0.01350  3.7s
05:50:24 INFO 训练 第  57 轮  训练 0.01486  验证 0.01365  3.8s
05:50:28 INFO 训练 第  58 轮  训练 0.01484  验证 0.01358  3.7s
05:50:31 INFO 训练 第  59 轮  训练 0.01482  验证 0.01362  3.8s
05:50:35 INFO 训练 第  60 轮  训练 0.01483  验证 0.01359  4.0s
05:50:39 INFO 训练 第  61 轮  训练 0.01480  验证 0.01352  3.9s
05:50:43 INFO 训练 第  62 轮  训练 0.01479  验证 0.01362  3.7s
05:50:47 INFO 训练 第  63 轮  训练 0.01479  验证 0.01353  3.8s
05:50:51 INFO 训练 第  64 轮  训练 0.01477  验证 0.01346  3.9s
05:50:55 INFO 训练 第  65 轮  训练 0.01478  验证 0.01353  3.9s
05:50:58 INFO 训练 第  66 轮  训练 0.01478  验证 0.01352  3.9s
05:51:02 INFO 训练 第  67 轮  训练 0.01477  验证 0.01368  3.8s
05:51:06 INFO 训练 第  68 轮  训练 0.01474  验证 0.01357  3.9s
05:51:10 INFO 训练 第  69 轮  训练 0.01475  验证 0.01356  3.9s
05:51:14 INFO 训练 第  70 轮  训练 0.01474  验证 0.01350  3.9s
05:51:18 INFO 训练 第  71 轮  训练 0.01471  验证 0.01360  3.8s
05:51:21 INFO 训练 第  72 轮  训练 0.01471  验证 0.01356  3.8s
05:51:25 INFO 训练 第  73 轮  训练 0.01472  验证 0.01347  3.7s
05:51:29 INFO 训练 第  74 轮  训练 0.01471  验证 0.01350  3.8s
05:51:33 INFO 训练 第  75 轮  训练 0.01469  验证 0.01365  3.8s
05:51:36 INFO 训练 第  76 轮  训练 0.01472  验证 0.01347  3.8s
05:51:40 INFO 训练 第  77 轮  训练 0.01469  验证 0.01354  3.8s
05:51:44 INFO 训练 第  78 轮  训练 0.01469  验证 0.01360  3.8s
05:51:48 INFO 训练 第  79 轮  训练 0.01467  验证 0.01339  3.9s
05:51:52 INFO 训练 第  80 轮  训练 0.01465  验证 0.01343  3.7s
05:51:55 INFO 训练 第  81 轮  训练 0.01466  验证 0.01342  3.7s
05:51:59 INFO 训练 第  82 轮  训练 0.01467  验证 0.01352  3.7s
05:52:03 INFO 训练 第  83 轮  训练 0.01466  验证 0.01349  3.8s
05:52:07 INFO 训练 第  84 轮  训练 0.01464  验证 0.01351  3.7s
05:52:10 INFO 训练 第  85 轮  训练 0.01464  验证 0.01348  3.8s
05:52:14 INFO 训练 第  86 轮  训练 0.01462  验证 0.01340  3.8s
05:52:18 INFO 训练 第  87 轮  训练 0.01462  验证 0.01349  3.8s
05:52:22 INFO 训练 第  88 轮  训练 0.01461  验证 0.01343  3.8s
05:52:26 INFO 训练 第  89 轮  训练 0.01462  验证 0.01348  3.8s
05:52:29 INFO 训练 第  90 轮  训练 0.01462  验证 0.01354  3.9s
05:52:33 INFO 训练 第  91 轮  训练 0.01461  验证 0.01343  3.9s
05:52:37 INFO 训练 第  92 轮  训练 0.01459  验证 0.01344  3.8s
05:52:41 INFO 训练 第  93 轮  训练 0.01459  验证 0.01338  3.8s
05:52:45 INFO 训练 第  94 轮  训练 0.01460  验证 0.01339  3.7s
05:52:48 INFO 训练 第  95 轮  训练 0.01459  验证 0.01345  3.8s
05:52:52 INFO 训练 第  96 轮  训练 0.01459  验证 0.01348  3.9s
05:52:56 INFO 训练 第  97 轮  训练 0.01458  验证 0.01353  3.9s
05:53:00 INFO 训练 第  98 轮  训练 0.01457  验证 0.01347  3.9s
05:53:04 INFO 训练 第  99 轮  训练 0.01458  验证 0.01341  3.9s
05:53:08 INFO 训练 第 100 轮  训练 0.01456  验证 0.01344  3.8s
05:53:09 INFO 切换点一致性（all）：观测 β -1.180（0.393）  模型 β -0.709（0.205）
05:53:09 INFO 切换点一致性（novel）：观测 β -0.367（0.505）  模型 β -0.344（0.169）
05:53:26 INFO 测试期 MAE 0.0442  WAPE 0.226  CRPS 0.0263  PICP90 原始 0.893 / ACI 0.900；输出 D:\EV充电因果预测sci论文\05_实验结果\runs\base_fcnn_s4
== base_fcnn_s4  完成，用时 6.8 分钟
== base_lstm_s4  开始 05:53:27
05:53:30 INFO 运行 base_lstm_s4，基线 lstm，设备 cuda，torch 2.11.0+cu128
05:53:31 INFO 数据：T=4344 N=275 目标 utilization 训练/验证/测试起点 3001/409/841
05:53:31 INFO 模型参数 40,007；价格输入 none；损失 pinball（分位数）
05:53:39 INFO 训练 第   1 轮  训练 0.02457  验证 0.01865  5.3s
05:53:44 INFO 训练 第   2 轮  训练 0.02023  验证 0.01753  4.6s
05:53:49 INFO 训练 第   3 轮  训练 0.01959  验证 0.01729  4.7s
05:53:53 INFO 训练 第   4 轮  训练 0.01913  验证 0.01664  4.7s
05:53:58 INFO 训练 第   5 轮  训练 0.01849  验证 0.01589  4.6s
05:54:03 INFO 训练 第   6 轮  训练 0.01789  验证 0.01578  4.7s
05:54:07 INFO 训练 第   7 轮  训练 0.01749  验证 0.01539  4.9s
05:54:12 INFO 训练 第   8 轮  训练 0.01726  验证 0.01513  4.8s
05:54:17 INFO 训练 第   9 轮  训练 0.01704  验证 0.01502  4.8s
05:54:22 INFO 训练 第  10 轮  训练 0.01685  验证 0.01486  4.6s
05:54:26 INFO 训练 第  11 轮  训练 0.01668  验证 0.01480  4.6s
05:54:31 INFO 训练 第  12 轮  训练 0.01654  验证 0.01467  4.7s
05:54:36 INFO 训练 第  13 轮  训练 0.01641  验证 0.01456  4.7s
05:54:41 INFO 训练 第  14 轮  训练 0.01627  验证 0.01467  4.9s
05:54:45 INFO 训练 第  15 轮  训练 0.01617  验证 0.01446  4.9s
05:54:50 INFO 训练 第  16 轮  训练 0.01607  验证 0.01452  4.7s
05:54:55 INFO 训练 第  17 轮  训练 0.01598  验证 0.01446  4.7s
05:55:00 INFO 训练 第  18 轮  训练 0.01589  验证 0.01442  4.8s
05:55:04 INFO 训练 第  19 轮  训练 0.01580  验证 0.01431  4.7s
05:55:09 INFO 训练 第  20 轮  训练 0.01571  验证 0.01437  4.6s
05:55:14 INFO 训练 第  21 轮  训练 0.01563  验证 0.01425  4.7s
05:55:18 INFO 训练 第  22 轮  训练 0.01557  验证 0.01415  4.7s
05:55:23 INFO 训练 第  23 轮  训练 0.01553  验证 0.01423  4.9s
05:55:28 INFO 训练 第  24 轮  训练 0.01543  验证 0.01411  4.6s
05:55:32 INFO 训练 第  25 轮  训练 0.01536  验证 0.01392  4.6s
05:55:37 INFO 训练 第  26 轮  训练 0.01531  验证 0.01421  4.7s
05:55:42 INFO 训练 第  27 轮  训练 0.01529  验证 0.01410  4.6s
05:55:47 INFO 训练 第  28 轮  训练 0.01522  验证 0.01388  4.7s
05:55:51 INFO 训练 第  29 轮  训练 0.01517  验证 0.01405  4.7s
05:55:56 INFO 训练 第  30 轮  训练 0.01513  验证 0.01404  4.6s
05:56:01 INFO 训练 第  31 轮  训练 0.01509  验证 0.01401  4.7s
05:56:05 INFO 训练 第  32 轮  训练 0.01505  验证 0.01392  4.9s
05:56:10 INFO 训练 第  33 轮  训练 0.01499  验证 0.01382  4.8s
05:56:15 INFO 训练 第  34 轮  训练 0.01497  验证 0.01397  4.6s
05:56:20 INFO 训练 第  35 轮  训练 0.01496  验证 0.01372  4.8s
05:56:24 INFO 训练 第  36 轮  训练 0.01488  验证 0.01373  4.7s
05:56:29 INFO 训练 第  37 轮  训练 0.01486  验证 0.01406  4.7s
05:56:34 INFO 训练 第  38 轮  训练 0.01484  验证 0.01391  4.8s
05:56:39 INFO 训练 第  39 轮  训练 0.01480  验证 0.01397  4.7s
05:56:43 INFO 训练 第  40 轮  训练 0.01477  验证 0.01358  4.8s
05:56:48 INFO 训练 第  41 轮  训练 0.01475  验证 0.01379  4.8s
05:56:53 INFO 训练 第  42 轮  训练 0.01472  验证 0.01408  4.7s
05:56:57 INFO 训练 第  43 轮  训练 0.01470  验证 0.01355  4.7s
05:57:02 INFO 训练 第  44 轮  训练 0.01468  验证 0.01358  4.8s
05:57:07 INFO 训练 第  45 轮  训练 0.01465  验证 0.01355  4.8s
05:57:12 INFO 训练 第  46 轮  训练 0.01464  验证 0.01368  4.8s
05:57:16 INFO 训练 第  47 轮  训练 0.01460  验证 0.01375  4.7s
05:57:21 INFO 训练 第  48 轮  训练 0.01457  验证 0.01363  4.7s
05:57:26 INFO 训练 第  49 轮  训练 0.01455  验证 0.01365  4.8s
05:57:31 INFO 训练 第  50 轮  训练 0.01453  验证 0.01355  4.8s
05:57:36 INFO 训练 第  51 轮  训练 0.01452  验证 0.01363  4.7s
05:57:40 INFO 训练 第  52 轮  训练 0.01450  验证 0.01355  4.7s
05:57:45 INFO 训练 第  53 轮  训练 0.01448  验证 0.01352  4.7s
05:57:50 INFO 训练 第  54 轮  训练 0.01446  验证 0.01372  4.7s
05:57:54 INFO 训练 第  55 轮  训练 0.01444  验证 0.01344  4.9s
05:57:59 INFO 训练 第  56 轮  训练 0.01441  验证 0.01342  4.9s
05:58:04 INFO 训练 第  57 轮  训练 0.01440  验证 0.01348  4.8s
05:58:09 INFO 训练 第  58 轮  训练 0.01438  验证 0.01362  4.7s
05:58:14 INFO 训练 第  59 轮  训练 0.01436  验证 0.01355  4.8s
05:58:19 INFO 训练 第  60 轮  训练 0.01436  验证 0.01372  4.9s
05:58:23 INFO 训练 第  61 轮  训练 0.01434  验证 0.01353  4.9s
05:58:28 INFO 训练 第  62 轮  训练 0.01432  验证 0.01348  4.9s
05:58:33 INFO 训练 第  63 轮  训练 0.01431  验证 0.01343  4.8s
05:58:38 INFO 训练 第  64 轮  训练 0.01432  验证 0.01340  4.7s
05:58:43 INFO 训练 第  65 轮  训练 0.01431  验证 0.01354  4.8s
05:58:47 INFO 训练 第  66 轮  训练 0.01427  验证 0.01332  4.7s
05:58:52 INFO 训练 第  67 轮  训练 0.01428  验证 0.01364  4.8s
05:58:57 INFO 训练 第  68 轮  训练 0.01425  验证 0.01344  4.7s
05:59:02 INFO 训练 第  69 轮  训练 0.01423  验证 0.01361  4.7s
05:59:06 INFO 训练 第  70 轮  训练 0.01422  验证 0.01363  4.8s
05:59:11 INFO 训练 第  71 轮  训练 0.01421  验证 0.01351  4.7s
05:59:16 INFO 训练 第  72 轮  训练 0.01421  验证 0.01346  4.7s
05:59:20 INFO 训练 第  73 轮  训练 0.01420  验证 0.01335  4.7s
05:59:25 INFO 训练 第  74 轮  训练 0.01417  验证 0.01358  4.7s
05:59:30 INFO 训练 第  75 轮  训练 0.01417  验证 0.01350  4.7s
05:59:35 INFO 训练 第  76 轮  训练 0.01416  验证 0.01370  4.9s
05:59:40 INFO 训练 第  77 轮  训练 0.01414  验证 0.01342  4.8s
05:59:44 INFO 训练 第  78 轮  训练 0.01416  验证 0.01362  4.7s
05:59:49 INFO 训练 第  79 轮  训练 0.01413  验证 0.01342  4.9s
05:59:54 INFO 训练 第  80 轮  训练 0.01412  验证 0.01339  4.8s
05:59:59 INFO 训练 第  81 轮  训练 0.01411  验证 0.01341  4.7s
05:59:59 INFO 验证损失 15 轮未改善，提前停止
06:00:00 INFO 切换点一致性（all）：观测 β -1.180（0.393）  模型 β -0.609（0.200）
06:00:00 INFO 切换点一致性（novel）：观测 β -0.367（0.505）  模型 β -0.316（0.173）
06:00:17 INFO 测试期 MAE 0.0444  WAPE 0.227  CRPS 0.0262  PICP90 原始 0.871 / ACI 0.899；输出 D:\EV充电因果预测sci论文\05_实验结果\runs\base_lstm_s4
== base_lstm_s4  完成，用时 6.9 分钟
== base_gcn_s4  开始 06:00:19
06:00:21 INFO 运行 base_gcn_s4，基线 gcn，设备 cuda，torch 2.11.0+cu128
06:00:22 INFO 数据：T=4344 N=275 目标 utilization 训练/验证/测试起点 3001/409/841
06:00:23 INFO 模型参数 1,074,616；价格输入 none；损失 pinball（分位数）
06:00:30 INFO 训练 第   1 轮  训练 0.02281  验证 0.01713  4.4s
06:00:34 INFO 训练 第   2 轮  训练 0.01822  验证 0.01581  3.8s
06:00:38 INFO 训练 第   3 轮  训练 0.01704  验证 0.01520  3.9s
06:00:42 INFO 训练 第   4 轮  训练 0.01638  验证 0.01508  3.9s
06:00:46 INFO 训练 第   5 轮  训练 0.01590  验证 0.01509  3.9s
06:00:50 INFO 训练 第   6 轮  训练 0.01542  验证 0.01498  3.9s
06:00:53 INFO 训练 第   7 轮  训练 0.01508  验证 0.01494  3.9s
06:00:57 INFO 训练 第   8 轮  训练 0.01473  验证 0.01501  3.9s
06:01:01 INFO 训练 第   9 轮  训练 0.01446  验证 0.01507  3.9s
06:01:05 INFO 训练 第  10 轮  训练 0.01424  验证 0.01513  4.0s
06:01:09 INFO 训练 第  11 轮  训练 0.01396  验证 0.01535  4.1s
06:01:13 INFO 训练 第  12 轮  训练 0.01384  验证 0.01521  4.0s
06:01:17 INFO 训练 第  13 轮  训练 0.01359  验证 0.01535  4.0s
06:01:21 INFO 训练 第  14 轮  训练 0.01343  验证 0.01563  4.0s
06:01:25 INFO 训练 第  15 轮  训练 0.01325  验证 0.01558  4.0s
06:01:29 INFO 训练 第  16 轮  训练 0.01314  验证 0.01554  4.0s
06:01:33 INFO 训练 第  17 轮  训练 0.01300  验证 0.01576  4.0s
06:01:37 INFO 训练 第  18 轮  训练 0.01291  验证 0.01564  4.1s
06:01:41 INFO 训练 第  19 轮  训练 0.01274  验证 0.01568  4.0s
06:01:45 INFO 训练 第  20 轮  训练 0.01267  验证 0.01588  4.0s
06:01:49 INFO 训练 第  21 轮  训练 0.01250  验证 0.01607  3.9s
06:01:53 INFO 训练 第  22 轮  训练 0.01247  验证 0.01596  3.9s
06:01:53 INFO 验证损失 15 轮未改善，提前停止
06:01:55 INFO 切换点一致性（all）：观测 β -1.180（0.393）  模型 β -0.383（0.151）
06:01:55 INFO 切换点一致性（novel）：观测 β -0.367（0.505）  模型 β -0.259（0.196）
06:02:13 INFO 测试期 MAE 0.0521  WAPE 0.267  CRPS 0.0305  PICP90 原始 0.873 / ACI 0.899；输出 D:\EV充电因果预测sci论文\05_实验结果\runs\base_gcn_s4
== base_gcn_s4  完成，用时 1.9 分钟
== base_gcnlstm_s4  开始 06:02:14
06:02:16 INFO 运行 base_gcnlstm_s4，基线 gcnlstm，设备 cuda，torch 2.11.0+cu128
06:02:17 INFO 数据：T=4344 N=275 目标 utilization 训练/验证/测试起点 3001/409/841
06:02:17 INFO 模型参数 1,081,144；价格输入 none；损失 pinball（分位数）
06:02:24 INFO 训练 第   1 轮  训练 0.02298  验证 0.01757  4.8s
06:02:28 INFO 训练 第   2 轮  训练 0.01874  验证 0.01617  4.3s
06:02:33 INFO 训练 第   3 轮  训练 0.01743  验证 0.01558  4.3s
06:02:37 INFO 训练 第   4 轮  训练 0.01661  验证 0.01532  4.3s
06:02:41 INFO 训练 第   5 轮  训练 0.01591  验证 0.01526  4.3s
06:02:46 INFO 训练 第   6 轮  训练 0.01533  验证 0.01521  4.3s
06:02:50 INFO 训练 第   7 轮  训练 0.01491  验证 0.01535  4.3s
06:02:54 INFO 训练 第   8 轮  训练 0.01451  验证 0.01550  4.2s
06:02:59 INFO 训练 第   9 轮  训练 0.01421  验证 0.01554  4.3s
06:03:03 INFO 训练 第  10 轮  训练 0.01392  验证 0.01579  4.3s
06:03:07 INFO 训练 第  11 轮  训练 0.01369  验证 0.01583  4.3s
06:03:11 INFO 训练 第  12 轮  训练 0.01347  验证 0.01607  4.4s
06:03:16 INFO 训练 第  13 轮  训练 0.01329  验证 0.01612  4.3s
06:03:20 INFO 训练 第  14 轮  训练 0.01309  验证 0.01613  4.3s
06:03:24 INFO 训练 第  15 轮  训练 0.01288  验证 0.01653  4.3s
06:03:29 INFO 训练 第  16 轮  训练 0.01279  验证 0.01644  4.3s
06:03:33 INFO 训练 第  17 轮  训练 0.01257  验证 0.01680  4.3s
06:03:37 INFO 训练 第  18 轮  训练 0.01244  验证 0.01688  4.3s
06:03:42 INFO 训练 第  19 轮  训练 0.01231  验证 0.01689  4.4s
06:03:46 INFO 训练 第  20 轮  训练 0.01222  验证 0.01704  4.3s
06:03:50 INFO 训练 第  21 轮  训练 0.01206  验证 0.01698  4.3s
06:03:50 INFO 验证损失 15 轮未改善，提前停止
06:03:51 INFO 切换点一致性（all）：观测 β -1.180（0.393）  模型 β -0.318（0.131）
06:03:52 INFO 切换点一致性（novel）：观测 β -0.367（0.505）  模型 β -0.206（0.151）
06:04:04 INFO 测试期 MAE 0.0517  WAPE 0.265  CRPS 0.0303  PICP90 原始 0.867 / ACI 0.899；输出 D:\EV充电因果预测sci论文\05_实验结果\runs\base_gcnlstm_s4
== base_gcnlstm_s4  完成，用时 1.9 分钟
== base_stgcn_s4  开始 06:04:05
06:04:07 INFO 运行 base_stgcn_s4，基线 stgcn，设备 cuda，torch 2.11.0+cu128
06:04:09 INFO 数据：T=4344 N=275 目标 utilization 训练/验证/测试起点 3001/409/841
06:04:09 INFO 模型参数 300,999；价格输入 none；损失 pinball（分位数）
06:04:24 INFO 训练 第   1 轮  训练 0.02304  验证 0.01781  11.9s
06:04:35 INFO 训练 第   2 轮  训练 0.01900  验证 0.01736  11.2s
06:04:46 INFO 训练 第   3 轮  训练 0.01826  验证 0.01713  11.2s
06:04:57 INFO 训练 第   4 轮  训练 0.01722  验证 0.01627  11.0s
06:05:08 INFO 训练 第   5 轮  训练 0.01660  验证 0.01599  11.2s
06:05:19 INFO 训练 第   6 轮  训练 0.01601  验证 0.01541  11.2s
06:05:31 INFO 训练 第   7 轮  训练 0.01554  验证 0.01534  11.2s
06:05:42 INFO 训练 第   8 轮  训练 0.01504  验证 0.01531  11.2s
06:05:53 INFO 训练 第   9 轮  训练 0.01451  验证 0.01534  11.2s
06:06:04 INFO 训练 第  10 轮  训练 0.01417  验证 0.01508  11.2s
06:06:15 INFO 训练 第  11 轮  训练 0.01391  验证 0.01500  11.0s
06:06:26 INFO 训练 第  12 轮  训练 0.01366  验证 0.01498  11.2s
06:06:37 INFO 训练 第  13 轮  训练 0.01349  验证 0.01484  11.1s
06:06:49 INFO 训练 第  14 轮  训练 0.01328  验证 0.01485  11.2s
06:07:00 INFO 训练 第  15 轮  训练 0.01316  验证 0.01505  11.1s
06:07:11 INFO 训练 第  16 轮  训练 0.01300  验证 0.01513  11.2s
06:07:22 INFO 训练 第  17 轮  训练 0.01288  验证 0.01505  11.1s
06:07:33 INFO 训练 第  18 轮  训练 0.01276  验证 0.01518  11.3s
06:07:45 INFO 训练 第  19 轮  训练 0.01263  验证 0.01525  11.2s
06:07:56 INFO 训练 第  20 轮  训练 0.01246  验证 0.01528  11.1s
06:08:07 INFO 训练 第  21 轮  训练 0.01230  验证 0.01541  11.3s
06:08:18 INFO 训练 第  22 轮  训练 0.01218  验证 0.01540  11.2s
06:08:29 INFO 训练 第  23 轮  训练 0.01200  验证 0.01549  11.2s
06:08:40 INFO 训练 第  24 轮  训练 0.01184  验证 0.01565  11.1s
06:08:52 INFO 训练 第  25 轮  训练 0.01170  验证 0.01569  11.2s
06:09:03 INFO 训练 第  26 轮  训练 0.01159  验证 0.01559  11.2s
06:09:14 INFO 训练 第  27 轮  训练 0.01151  验证 0.01574  11.2s
06:09:25 INFO 训练 第  28 轮  训练 0.01141  验证 0.01591  11.0s
06:09:25 INFO 验证损失 15 轮未改善，提前停止
06:09:27 INFO 切换点一致性（all）：观测 β -1.180（0.393）  模型 β -0.252（0.188）
06:09:28 INFO 切换点一致性（novel）：观测 β -0.367（0.505）  模型 β -0.151（0.257）
06:09:46 INFO 测试期 MAE 0.0518  WAPE 0.265  CRPS 0.0301  PICP90 原始 0.835 / ACI 0.903；输出 D:\EV充电因果预测sci论文\05_实验结果\runs\base_stgcn_s4
== base_stgcn_s4  完成，用时 5.7 分钟
== base_astgcn_s4  开始 06:09:48
06:09:50 INFO 运行 base_astgcn_s4，基线 astgcn，设备 cuda，torch 2.11.0+cu128
06:09:51 INFO 数据：T=4344 N=275 目标 utilization 训练/验证/测试起点 3001/409/841
06:09:51 INFO 模型参数 483,447；价格输入 none；损失 pinball（分位数）
06:10:11 INFO 训练 第   1 轮  训练 0.02245  验证 0.01779  16.3s
06:10:26 INFO 训练 第   2 轮  训练 0.01947  验证 0.01691  15.6s
06:10:42 INFO 训练 第   3 轮  训练 0.01813  验证 0.01563  15.6s
06:10:58 INFO 训练 第   4 轮  训练 0.01709  验证 0.01538  15.7s
06:11:13 INFO 训练 第   5 轮  训练 0.01640  验证 0.01475  15.6s
06:11:29 INFO 训练 第   6 轮  训练 0.01586  验证 0.01459  15.6s
06:11:45 INFO 训练 第   7 轮  训练 0.01551  验证 0.01466  15.9s
06:12:01 INFO 训练 第   8 轮  训练 0.01521  验证 0.01450  15.9s
06:12:16 INFO 训练 第   9 轮  训练 0.01504  验证 0.01424  15.6s
06:12:32 INFO 训练 第  10 轮  训练 0.01478  验证 0.01447  15.5s
06:12:47 INFO 训练 第  11 轮  训练 0.01459  验证 0.01428  15.7s
06:13:03 INFO 训练 第  12 轮  训练 0.01436  验证 0.01448  15.6s
06:13:19 INFO 训练 第  13 轮  训练 0.01425  验证 0.01435  15.6s
06:13:34 INFO 训练 第  14 轮  训练 0.01408  验证 0.01442  15.6s
06:13:50 INFO 训练 第  15 轮  训练 0.01397  验证 0.01429  15.7s
06:14:06 INFO 训练 第  16 轮  训练 0.01378  验证 0.01457  15.6s
06:14:21 INFO 训练 第  17 轮  训练 0.01373  验证 0.01459  15.8s
06:14:37 INFO 训练 第  18 轮  训练 0.01360  验证 0.01472  15.7s
06:14:53 INFO 训练 第  19 轮  训练 0.01344  验证 0.01447  15.7s
06:15:09 INFO 训练 第  20 轮  训练 0.01332  验证 0.01447  15.7s
06:15:24 INFO 训练 第  21 轮  训练 0.01321  验证 0.01474  15.7s
06:15:40 INFO 训练 第  22 轮  训练 0.01316  验证 0.01492  15.7s
06:15:56 INFO 训练 第  23 轮  训练 0.01307  验证 0.01464  15.6s
06:16:11 INFO 训练 第  24 轮  训练 0.01291  验证 0.01474  15.8s
06:16:11 INFO 验证损失 15 轮未改善，提前停止
06:16:14 INFO 切换点一致性（all）：观测 β -1.180（0.393）  模型 β -0.449（0.176）
06:16:14 INFO 切换点一致性（novel）：观测 β -0.367（0.505）  模型 β -0.289（0.172）
06:16:31 INFO 测试期 MAE 0.0489  WAPE 0.250  CRPS 0.0287  PICP90 原始 0.896 / ACI 0.900；输出 D:\EV充电因果预测sci论文\05_实验结果\runs\base_astgcn_s4
== base_astgcn_s4  完成，用时 6.7 分钟
== base_agcrn_s4  开始 06:16:33
06:16:35 INFO 运行 base_agcrn_s4，基线 agcrn，设备 cuda，torch 2.11.0+cu128
06:16:36 INFO 数据：T=4344 N=275 目标 utilization 训练/验证/测试起点 3001/409/841
06:16:36 INFO 模型参数 812,933；价格输入 none；损失 pinball（分位数）
06:17:14 INFO 训练 第   1 轮  训练 0.02631  验证 0.01931  35.3s
06:17:48 INFO 训练 第   2 轮  训练 0.01919  验证 0.01811  33.5s
06:18:22 INFO 训练 第   3 轮  训练 0.01833  验证 0.01771  34.0s
06:18:58 INFO 训练 第   4 轮  训练 0.01733  验证 0.01704  35.6s
06:19:31 INFO 训练 第   5 轮  训练 0.01672  验证 0.01664  33.2s
06:20:05 INFO 训练 第   6 轮  训练 0.01596  验证 0.01652  34.6s
06:20:38 INFO 训练 第   7 轮  训练 0.01516  验证 0.01561  32.7s
06:21:11 INFO 训练 第   8 轮  训练 0.01479  验证 0.01561  33.2s
06:21:45 INFO 训练 第   9 轮  训练 0.01449  验证 0.01538  33.9s
06:22:19 INFO 训练 第  10 轮  训练 0.01422  验证 0.01515  34.3s
06:22:53 INFO 训练 第  11 轮  训练 0.01393  验证 0.01504  33.4s
06:23:27 INFO 训练 第  12 轮  训练 0.01369  验证 0.01517  34.5s
06:24:01 INFO 训练 第  13 轮  训练 0.01348  验证 0.01512  33.6s
06:24:36 INFO 训练 第  14 轮  训练 0.01331  验证 0.01511  35.5s
06:25:11 INFO 训练 第  15 轮  训练 0.01313  验证 0.01512  34.3s
06:25:43 INFO 训练 第  16 轮  训练 0.01298  验证 0.01501  32.3s
06:26:18 INFO 训练 第  17 轮  训练 0.01280  验证 0.01497  34.8s
06:26:53 INFO 训练 第  18 轮  训练 0.01263  验证 0.01505  35.3s
06:27:31 INFO 训练 第  19 轮  训练 0.01246  验证 0.01508  38.3s
06:28:08 INFO 训练 第  20 轮  训练 0.01232  验证 0.01519  37.0s
06:28:41 INFO 训练 第  21 轮  训练 0.01218  验证 0.01517  32.9s
06:29:17 INFO 训练 第  22 轮  训练 0.01203  验证 0.01541  35.3s
06:29:51 INFO 训练 第  23 轮  训练 0.01190  验证 0.01531  34.5s
06:30:26 INFO 训练 第  24 轮  训练 0.01179  验证 0.01548  35.5s
06:31:01 INFO 训练 第  25 轮  训练 0.01163  验证 0.01548  34.2s
06:31:35 INFO 训练 第  26 轮  训练 0.01151  验证 0.01555  34.7s
06:32:08 INFO 训练 第  27 轮  训练 0.01136  验证 0.01573  32.7s
06:32:43 INFO 训练 第  28 轮  训练 0.01122  验证 0.01595  35.3s
06:33:17 INFO 训练 第  29 轮  训练 0.01111  验证 0.01600  34.0s
06:33:52 INFO 训练 第  30 轮  训练 0.01095  验证 0.01614  34.6s
06:34:26 INFO 训练 第  31 轮  训练 0.01084  验证 0.01622  33.9s
06:35:02 INFO 训练 第  32 轮  训练 0.01072  验证 0.01643  36.2s
06:35:02 INFO 验证损失 15 轮未改善，提前停止
06:35:08 INFO 切换点一致性（all）：观测 β -1.180（0.393）  模型 β -0.294（0.207）
06:35:08 INFO 切换点一致性（novel）：观测 β -0.367（0.505）  模型 β -0.022（0.230）
06:35:24 INFO 测试期 MAE 0.0519  WAPE 0.266  CRPS 0.0301  PICP90 原始 0.812 / ACI 0.905；输出 D:\EV充电因果预测sci论文\05_实验结果\runs\base_agcrn_s4
== base_agcrn_s4  完成，用时 18.9 分钟
== base_gwn_blind_s4  开始 06:35:25
06:35:27 INFO 运行 base_gwn_blind_s4，设备 cuda，torch 2.11.0+cu128
06:35:28 INFO 数据：T=4344 N=275 训练/验证/测试起点 3001/409/841；{'train': ('2022-09-01', '2023-01-05'), 'val': ('2023-01-06', '2023-01-23'), 'test': ('2023-01-24', '2023-02-28')}
06:35:29 INFO 模型参数 198,211；锚定方式 cut；锚定来源 fivemin_main
06:35:59 INFO 第   1 轮  训练 0.02311  验证 pinball 0.01776  分时小区平均 β +nan  27.4s
06:36:26 INFO 第   2 轮  训练 0.01867  验证 pinball 0.01616  分时小区平均 β +nan  26.7s
06:36:53 INFO 第   3 轮  训练 0.01723  验证 pinball 0.01570  分时小区平均 β +nan  26.8s
06:37:19 INFO 第   4 轮  训练 0.01589  验证 pinball 0.01465  分时小区平均 β +nan  26.6s
06:37:46 INFO 第   5 轮  训练 0.01487  验证 pinball 0.01412  分时小区平均 β +nan  26.8s
06:38:13 INFO 第   6 轮  训练 0.01431  验证 pinball 0.01383  分时小区平均 β +nan  26.9s
06:38:40 INFO 第   7 轮  训练 0.01406  验证 pinball 0.01411  分时小区平均 β +nan  26.7s
06:39:06 INFO 第   8 轮  训练 0.01364  验证 pinball 0.01364  分时小区平均 β +nan  26.7s
06:39:33 INFO 第   9 轮  训练 0.01335  验证 pinball 0.01362  分时小区平均 β +nan  26.6s
06:40:00 INFO 第  10 轮  训练 0.01320  验证 pinball 0.01321  分时小区平均 β +nan  26.8s
06:40:27 INFO 第  11 轮  训练 0.01306  验证 pinball 0.01316  分时小区平均 β +nan  26.8s
06:40:54 INFO 第  12 轮  训练 0.01302  验证 pinball 0.01345  分时小区平均 β +nan  26.8s
06:41:20 INFO 第  13 轮  训练 0.01275  验证 pinball 0.01308  分时小区平均 β +nan  26.9s
06:41:47 INFO 第  14 轮  训练 0.01269  验证 pinball 0.01335  分时小区平均 β +nan  26.8s
06:42:14 INFO 第  15 轮  训练 0.01261  验证 pinball 0.01348  分时小区平均 β +nan  26.7s
06:42:41 INFO 第  16 轮  训练 0.01246  验证 pinball 0.01310  分时小区平均 β +nan  26.8s
06:43:08 INFO 第  17 轮  训练 0.01239  验证 pinball 0.01303  分时小区平均 β +nan  26.8s
06:43:34 INFO 第  18 轮  训练 0.01229  验证 pinball 0.01359  分时小区平均 β +nan  26.8s
06:44:01 INFO 第  19 轮  训练 0.01223  验证 pinball 0.01307  分时小区平均 β +nan  26.8s
06:44:28 INFO 第  20 轮  训练 0.01210  验证 pinball 0.01328  分时小区平均 β +nan  26.7s
06:44:55 INFO 第  21 轮  训练 0.01216  验证 pinball 0.01295  分时小区平均 β +nan  26.9s
06:45:22 INFO 第  22 轮  训练 0.01203  验证 pinball 0.01327  分时小区平均 β +nan  26.9s
06:45:48 INFO 第  23 轮  训练 0.01195  验证 pinball 0.01309  分时小区平均 β +nan  26.8s
06:46:15 INFO 第  24 轮  训练 0.01188  验证 pinball 0.01341  分时小区平均 β +nan  26.8s
06:46:42 INFO 第  25 轮  训练 0.01184  验证 pinball 0.01324  分时小区平均 β +nan  26.8s
06:47:09 INFO 第  26 轮  训练 0.01184  验证 pinball 0.01347  分时小区平均 β +nan  26.7s
06:47:36 INFO 第  27 轮  训练 0.01172  验证 pinball 0.01324  分时小区平均 β +nan  26.9s
06:48:02 INFO 第  28 轮  训练 0.01170  验证 pinball 0.01356  分时小区平均 β +nan  26.8s
06:48:29 INFO 第  29 轮  训练 0.01169  验证 pinball 0.01334  分时小区平均 β +nan  26.8s
06:48:56 INFO 第  30 轮  训练 0.01162  验证 pinball 0.01315  分时小区平均 β +nan  26.7s
06:49:23 INFO 第  31 轮  训练 0.01160  验证 pinball 0.01359  分时小区平均 β +nan  26.8s
06:49:50 INFO 第  32 轮  训练 0.01153  验证 pinball 0.01406  分时小区平均 β +nan  26.9s
06:50:16 INFO 第  33 轮  训练 0.01142  验证 pinball 0.01341  分时小区平均 β +nan  26.8s
06:50:43 INFO 第  34 轮  训练 0.01142  验证 pinball 0.01344  分时小区平均 β +nan  26.7s
06:51:10 INFO 第  35 轮  训练 0.01140  验证 pinball 0.01365  分时小区平均 β +nan  26.7s
06:51:37 INFO 第  36 轮  训练 0.01132  验证 pinball 0.01344  分时小区平均 β +nan  26.8s
06:51:37 INFO 验证损失 15 轮未改善，提前停止
06:51:41 INFO 切换点一致性（all）：观测 β -1.180（0.393）  模型 β -0.386（0.211）
06:51:42 INFO 切换点一致性（novel）：观测 β -0.367（0.505）  模型 β -0.073（0.287）
06:52:00 INFO 测试期 MAE 0.0439  WAPE 0.225  CRPS 0.0256  PICP90 原始 0.823 / ACI 0.900；输出 D:\EV充电因果预测sci论文\05_实验结果\runs\base_gwn_blind_s4
== base_gwn_blind_s4  完成，用时 16.6 分钟
== base_staeformer_blind_s4  开始 06:52:01
06:52:04 INFO 运行 base_staeformer_blind_s4，设备 cuda，torch 2.11.0+cu128
06:52:05 INFO 数据：T=4344 N=275 训练/验证/测试起点 3001/409/841；{'train': ('2022-09-01', '2023-01-05'), 'val': ('2023-01-06', '2023-01-23'), 'test': ('2023-01-24', '2023-02-28')}
06:52:05 INFO 模型参数 1,686,391；锚定方式 cut；锚定来源 fivemin_main
Traceback (most recent call last):
  File "D:\EV充电因果预测sci论文\03_代码\scripts\train.py", line 211, in <module>
    main()
  File "D:\EV充电因果预测sci论文\03_代码\scripts\train.py", line 123, in main
    out = model(tb)
          ^^^^^^^^^
  File "D:\Program Files\Conda\envs\cpa\Lib\site-packages\torch\nn\modules\module.py", line 1779, in _wrapped_call_impl
    return self._call_impl(*args, **kwargs)
           ^^^^^^^^^^^^^^^^^^^^^^^^^^^^^^^^
  File "D:\Program Files\Conda\envs\cpa\Lib\site-packages\torch\nn\modules\module.py", line 1790, in _call_impl
    return forward_call(*args, **kwargs)
           ^^^^^^^^^^^^^^^^^^^^^^^^^^^^^
  File "D:\EV充电因果预测sci论文\03_代码\src\models\cpastgnn.py", line 93, in forward
    z = self.backbone(x, batch["cov_hist"], tod=batch.get("tod_hist"), dow=batch.get("dow_hist"))
        ^^^^^^^^^^^^^^^^^^^^^^^^^^^^^^^^^^^^^^^^^^^^^^^^^^^^^^^^^^^^^^^^^^^^^^^^^^^^^^^^^^^^^^^^^
  File "D:\Program Files\Conda\envs\cpa\Lib\site-packages\torch\nn\modules\module.py", line 1779, in _wrapped_call_impl
    return self._call_impl(*args, **kwargs)
           ^^^^^^^^^^^^^^^^^^^^^^^^^^^^^^^^
  File "D:\Program Files\Conda\envs\cpa\Lib\site-packages\torch\nn\modules\module.py", line 1790, in _call_impl
    return forward_call(*args, **kwargs)
           ^^^^^^^^^^^^^^^^^^^^^^^^^^^^^
  File "D:\EV充电因果预测sci论文\03_代码\src\models\backbones\staeformer.py", line 59, in forward
    s = blk(s)
        ^^^^^^
  File "D:\Program Files\Conda\envs\cpa\Lib\site-packages\torch\nn\modules\module.py", line 1779, in _wrapped_call_impl
    return self._call_impl(*args, **kwargs)
           ^^^^^^^^^^^^^^^^^^^^^^^^^^^^^^^^
  File "D:\Program Files\Conda\envs\cpa\Lib\site-packages\torch\nn\modules\module.py", line 1790, in _call_impl
    return forward_call(*args, **kwargs)
           ^^^^^^^^^^^^^^^^^^^^^^^^^^^^^
  File "D:\EV充电因果预测sci论文\03_代码\src\models\backbones\staeformer.py", line 22, in forward
    a, _ = self.attn(x, x, x, need_weights=False)
           ^^^^^^^^^^^^^^^^^^^^^^^^^^^^^^^^^^^^^^
  File "D:\Program Files\Conda\envs\cpa\Lib\site-packages\torch\nn\modules\module.py", line 1779, in _wrapped_call_impl
    return self._call_impl(*args, **kwargs)
           ^^^^^^^^^^^^^^^^^^^^^^^^^^^^^^^^
  File "D:\Program Files\Conda\envs\cpa\Lib\site-packages\torch\nn\modules\module.py", line 1790, in _call_impl
    return forward_call(*args, **kwargs)
           ^^^^^^^^^^^^^^^^^^^^^^^^^^^^^
  File "D:\Program Files\Conda\envs\cpa\Lib\site-packages\torch\nn\modules\activation.py", line 1492, in forward
    attn_output, attn_output_weights = F.multi_head_attention_forward(
                                       ^^^^^^^^^^^^^^^^^^^^^^^^^^^^^^^
  File "D:\Program Files\Conda\envs\cpa\Lib\site-packages\torch\nn\functional.py", line 6682, in multi_head_attention_forward
    attn_output = scaled_dot_product_attention(
                  ^^^^^^^^^^^^^^^^^^^^^^^^^^^^^
torch.OutOfMemoryError: CUDA out of memory. Tried to allocate 888.00 MiB. GPU 0 has a total capacity of 8.00 GiB of which 0 bytes is free. Of the allocated memory 13.68 GiB is allocated by PyTorch, and 544.93 MiB is reserved by PyTorch but unallocated. If reserved but unallocated memory is large try setting PYTORCH_CUDA_ALLOC_CONF=expandable_segments:True to avoid fragmentation.  See documentation for Memory Management  (https://docs.pytorch.org/docs/stable/notes/cuda.html#optimizing-memory-usage-with-pytorch-cuda-alloc-conf)
== base_staeformer_blind_s4  失败（没有 summary.json），用时 2.1 分钟
== base_stgcn_price_s4  开始 06:54:10
06:54:13 INFO 运行 base_stgcn_price_s4，基线 stgcn，设备 cuda，torch 2.11.0+cu128
06:54:14 INFO 数据：T=4344 N=275 目标 utilization 训练/验证/测试起点 3001/409/841
06:54:15 INFO 模型参数 301,511；价格输入 hist_fut；损失 pinball（分位数）
06:54:29 INFO 训练 第   1 轮  训练 0.02308  验证 0.01740  12.1s
06:54:40 INFO 训练 第   2 轮  训练 0.01881  验证 0.01702  11.1s
06:54:51 INFO 训练 第   3 轮  训练 0.01809  验证 0.01651  11.0s
06:55:02 INFO 训练 第   4 轮  训练 0.01713  验证 0.01601  11.1s
06:55:13 INFO 训练 第   5 轮  训练 0.01658  验证 0.01541  11.0s
06:55:24 INFO 训练 第   6 轮  训练 0.01578  验证 0.01532  11.1s
06:55:35 INFO 训练 第   7 轮  训练 0.01507  验证 0.01528  11.0s
06:55:46 INFO 训练 第   8 轮  训练 0.01447  验证 0.01471  11.1s
06:55:57 INFO 训练 第   9 轮  训练 0.01408  验证 0.01482  11.0s
06:56:09 INFO 训练 第  10 轮  训练 0.01384  验证 0.01468  11.1s
06:56:20 INFO 训练 第  11 轮  训练 0.01361  验证 0.01471  11.0s
06:56:31 INFO 训练 第  12 轮  训练 0.01346  验证 0.01461  11.1s
06:56:42 INFO 训练 第  13 轮  训练 0.01331  验证 0.01470  11.0s
06:56:53 INFO 训练 第  14 轮  训练 0.01310  验证 0.01493  11.1s
06:57:04 INFO 训练 第  15 轮  训练 0.01293  验证 0.01497  11.0s
06:57:15 INFO 训练 第  16 轮  训练 0.01274  验证 0.01495  11.1s
06:57:26 INFO 训练 第  17 轮  训练 0.01261  验证 0.01497  11.0s
06:57:37 INFO 训练 第  18 轮  训练 0.01248  验证 0.01502  11.1s
06:57:48 INFO 训练 第  19 轮  训练 0.01236  验证 0.01508  11.0s
06:57:59 INFO 训练 第  20 轮  训练 0.01220  验证 0.01514  11.1s
06:58:10 INFO 训练 第  21 轮  训练 0.01206  验证 0.01526  11.0s
06:58:21 INFO 训练 第  22 轮  训练 0.01200  验证 0.01531  11.1s
06:58:32 INFO 训练 第  23 轮  训练 0.01184  验证 0.01530  11.0s
06:58:43 INFO 训练 第  24 轮  训练 0.01170  验证 0.01554  11.0s
06:58:54 INFO 训练 第  25 轮  训练 0.01161  验证 0.01547  11.1s
06:59:05 INFO 训练 第  26 轮  训练 0.01152  验证 0.01557  11.1s
06:59:16 INFO 训练 第  27 轮  训练 0.01143  验证 0.01565  10.9s
06:59:16 INFO 验证损失 15 轮未改善，提前停止
06:59:20 INFO 价格响应读出（分时小区 dl_hist+dl_fut 价格 +5%）：弧弹性均值 -0.000，中位数 -0.016，为负的比例 0.54
06:59:20 INFO 切换点一致性（all）：观测 β -1.180（0.393）  模型 β -0.448（0.195）
06:59:20 INFO 切换点一致性（novel）：观测 β -0.367（0.505）  模型 β -0.344（0.262）
06:59:32 INFO 测试期 MAE 0.0510  WAPE 0.261  CRPS 0.0294  PICP90 原始 0.839 / ACI 0.904；输出 D:\EV充电因果预测sci论文\05_实验结果\runs\base_stgcn_price_s4
== base_stgcn_price_s4  完成，用时 5.4 分钟
== base_agcrn_price_s4  开始 06:59:33
06:59:36 INFO 运行 base_agcrn_price_s4，基线 agcrn，设备 cuda，torch 2.11.0+cu128
06:59:37 INFO 数据：T=4344 N=275 目标 utilization 训练/验证/测试起点 3001/409/841
06:59:37 INFO 模型参数 816,901；价格输入 hist_fut；损失 pinball（分位数）
07:00:16 INFO 训练 第   1 轮  训练 0.02643  验证 0.01911  35.0s
07:00:50 INFO 训练 第   2 轮  训练 0.01922  验证 0.01808  34.6s
07:01:26 INFO 训练 第   3 轮  训练 0.01845  验证 0.01782  35.2s
07:02:00 INFO 训练 第   4 轮  训练 0.01746  验证 0.01688  34.6s
07:02:35 INFO 训练 第   5 轮  训练 0.01667  验证 0.01627  35.0s
07:03:03 INFO 训练 第   6 轮  训练 0.01589  验证 0.01614  27.6s
07:03:29 INFO 训练 第   7 轮  训练 0.01525  验证 0.01555  26.4s
07:03:56 INFO 训练 第   8 轮  训练 0.01487  验证 0.01544  26.5s
07:04:22 INFO 训练 第   9 轮  训练 0.01457  验证 0.01523  26.5s
07:04:49 INFO 训练 第  10 轮  训练 0.01432  验证 0.01526  26.5s
07:05:15 INFO 训练 第  11 轮  训练 0.01413  验证 0.01518  26.4s
07:05:42 INFO 训练 第  12 轮  训练 0.01396  验证 0.01518  26.3s
07:06:08 INFO 训练 第  13 轮  训练 0.01374  验证 0.01505  26.4s
07:06:34 INFO 训练 第  14 轮  训练 0.01354  验证 0.01498  26.4s
07:07:01 INFO 训练 第  15 轮  训练 0.01329  验证 0.01507  26.5s
07:07:27 INFO 训练 第  16 轮  训练 0.01308  验证 0.01505  26.5s
07:07:55 INFO 训练 第  17 轮  训练 0.01285  验证 0.01490  27.7s
07:08:30 INFO 训练 第  18 轮  训练 0.01267  验证 0.01505  34.4s
07:09:04 INFO 训练 第  19 轮  训练 0.01251  验证 0.01515  34.1s
07:09:37 INFO 训练 第  20 轮  训练 0.01238  验证 0.01519  33.7s
07:10:14 INFO 训练 第  21 轮  训练 0.01227  验证 0.01509  36.4s
07:10:49 INFO 训练 第  22 轮  训练 0.01211  验证 0.01543  35.1s
07:11:23 INFO 训练 第  23 轮  训练 0.01199  验证 0.01533  33.9s
07:11:58 INFO 训练 第  24 轮  训练 0.01188  验证 0.01539  35.3s
07:12:32 INFO 训练 第  25 轮  训练 0.01175  验证 0.01550  34.2s
07:13:05 INFO 训练 第  26 轮  训练 0.01162  验证 0.01554  33.1s
07:13:40 INFO 训练 第  27 轮  训练 0.01150  验证 0.01571  35.0s
07:14:15 INFO 训练 第  28 轮  训练 0.01140  验证 0.01584  34.1s
07:14:49 INFO 训练 第  29 轮  训练 0.01127  验证 0.01600  34.3s
07:15:26 INFO 训练 第  30 轮  训练 0.01116  验证 0.01610  36.7s
07:16:00 INFO 训练 第  31 轮  训练 0.01105  验证 0.01625  34.8s
07:16:35 INFO 训练 第  32 轮  训练 0.01093  验证 0.01635  34.4s
07:16:35 INFO 验证损失 15 轮未改善，提前停止
07:16:44 INFO 价格响应读出（分时小区 dl_hist+dl_fut 价格 +5%）：弧弹性均值 +0.067，中位数 +0.023，为负的比例 0.41
07:16:44 INFO 切换点一致性（all）：观测 β -1.180（0.393）  模型 β -0.386（0.197）
07:16:45 INFO 切换点一致性（novel）：观测 β -0.367（0.505）  模型 β -0.094（0.217）
07:17:00 INFO 测试期 MAE 0.0516  WAPE 0.264  CRPS 0.0301  PICP90 原始 0.820 / ACI 0.905；输出 D:\EV充电因果预测sci论文\05_实验结果\runs\base_agcrn_price_s4
== base_agcrn_price_s4  完成，用时 17.5 分钟
阶段 baselines 结束
