阶段 ablations；日志 D:\EV充电因果预测sci论文\05_实验结果\云端小实验\run_final_ablations_20261001_071701.log
== abl_A1_free_s0  开始 07:17:01
07:17:04 INFO 运行 abl_A1_free_s0，设备 cuda，torch 2.11.0+cu128
07:17:05 INFO 数据：T=4344 N=275 训练/验证/测试起点 3001/409/841；{'train': ('2022-09-01', '2023-01-05'), 'val': ('2023-01-06', '2023-01-23'), 'test': ('2023-01-24', '2023-02-28')}
07:17:05 INFO 模型参数 199,326；锚定方式 free；锚定来源 fivemin_main
07:17:37 INFO 第   1 轮  训练 0.02303  验证 pinball 0.01702  分时小区平均 β -0.222  27.9s
07:18:03 INFO 第   2 轮  训练 0.01836  验证 pinball 0.01620  分时小区平均 β -0.221  26.8s
07:18:30 INFO 第   3 轮  训练 0.01705  验证 pinball 0.01526  分时小区平均 β -0.217  26.8s
07:18:57 INFO 第   4 轮  训练 0.01581  验证 pinball 0.01433  分时小区平均 β -0.213  27.0s
07:19:24 INFO 第   5 轮  训练 0.01496  验证 pinball 0.01449  分时小区平均 β -0.209  26.9s
07:19:51 INFO 第   6 轮  训练 0.01434  验证 pinball 0.01400  分时小区平均 β -0.206  27.0s
07:20:18 INFO 第   7 轮  训练 0.01405  验证 pinball 0.01383  分时小区平均 β -0.204  26.8s
07:20:45 INFO 第   8 轮  训练 0.01383  验证 pinball 0.01357  分时小区平均 β -0.202  26.9s
07:21:12 INFO 第   9 轮  训练 0.01355  验证 pinball 0.01483  分时小区平均 β -0.201  26.9s
07:21:38 INFO 第  10 轮  训练 0.01341  验证 pinball 0.01369  分时小区平均 β -0.200  26.8s
07:22:05 INFO 第  11 轮  训练 0.01328  验证 pinball 0.01321  分时小区平均 β -0.200  27.0s
07:22:32 INFO 第  12 轮  训练 0.01306  验证 pinball 0.01296  分时小区平均 β -0.199  26.9s
07:22:59 INFO 第  13 轮  训练 0.01296  验证 pinball 0.01322  分时小区平均 β -0.199  26.9s
07:23:26 INFO 第  14 轮  训练 0.01289  验证 pinball 0.01331  分时小区平均 β -0.198  27.1s
07:23:53 INFO 第  15 轮  训练 0.01275  验证 pinball 0.01306  分时小区平均 β -0.197  27.0s
07:24:20 INFO 第  16 轮  训练 0.01259  验证 pinball 0.01293  分时小区平均 β -0.196  27.0s
07:24:47 INFO 第  17 轮  训练 0.01254  验证 pinball 0.01303  分时小区平均 β -0.195  26.7s
07:25:14 INFO 第  18 轮  训练 0.01238  验证 pinball 0.01311  分时小区平均 β -0.194  26.8s
07:25:41 INFO 第  19 轮  训练 0.01231  验证 pinball 0.01304  分时小区平均 β -0.193  27.0s
07:26:08 INFO 第  20 轮  训练 0.01223  验证 pinball 0.01300  分时小区平均 β -0.192  26.9s
07:26:34 INFO 第  21 轮  训练 0.01221  验证 pinball 0.01311  分时小区平均 β -0.191  26.9s
07:27:01 INFO 第  22 轮  训练 0.01209  验证 pinball 0.01311  分时小区平均 β -0.190  26.8s
07:27:28 INFO 第  23 轮  训练 0.01202  验证 pinball 0.01291  分时小区平均 β -0.189  26.8s
07:27:55 INFO 第  24 轮  训练 0.01202  验证 pinball 0.01303  分时小区平均 β -0.188  26.9s
07:28:22 INFO 第  25 轮  训练 0.01190  验证 pinball 0.01343  分时小区平均 β -0.187  26.9s
07:28:48 INFO 第  26 轮  训练 0.01187  验证 pinball 0.01319  分时小区平均 β -0.187  26.7s
07:29:15 INFO 第  27 轮  训练 0.01186  验证 pinball 0.01300  分时小区平均 β -0.186  26.8s
07:29:42 INFO 第  28 轮  训练 0.01178  验证 pinball 0.01281  分时小区平均 β -0.185  26.8s
07:30:09 INFO 第  29 轮  训练 0.01169  验证 pinball 0.01305  分时小区平均 β -0.184  26.8s
07:30:36 INFO 第  30 轮  训练 0.01165  验证 pinball 0.01341  分时小区平均 β -0.183  26.9s
07:31:03 INFO 第  31 轮  训练 0.01162  验证 pinball 0.01354  分时小区平均 β -0.182  26.9s
07:31:30 INFO 第  32 轮  训练 0.01162  验证 pinball 0.01339  分时小区平均 β -0.181  26.9s
07:31:56 INFO 第  33 轮  训练 0.01156  验证 pinball 0.01341  分时小区平均 β -0.180  26.8s
07:32:23 INFO 第  34 轮  训练 0.01147  验证 pinball 0.01323  分时小区平均 β -0.179  26.8s
07:32:50 INFO 第  35 轮  训练 0.01144  验证 pinball 0.01390  分时小区平均 β -0.178  26.9s
07:33:17 INFO 第  36 轮  训练 0.01139  验证 pinball 0.01322  分时小区平均 β -0.177  26.9s
07:33:44 INFO 第  37 轮  训练 0.01140  验证 pinball 0.01353  分时小区平均 β -0.176  26.9s
07:34:11 INFO 第  38 轮  训练 0.01128  验证 pinball 0.01361  分时小区平均 β -0.175  26.9s
07:34:38 INFO 第  39 轮  训练 0.01123  验证 pinball 0.01349  分时小区平均 β -0.174  26.9s
07:35:04 INFO 第  40 轮  训练 0.01125  验证 pinball 0.01341  分时小区平均 β -0.173  26.9s
07:35:31 INFO 第  41 轮  训练 0.01127  验证 pinball 0.01405  分时小区平均 β -0.172  26.9s
07:35:58 INFO 第  42 轮  训练 0.01114  验证 pinball 0.01350  分时小区平均 β -0.171  26.8s
07:36:25 INFO 第  43 轮  训练 0.01113  验证 pinball 0.01335  分时小区平均 β -0.170  26.9s
07:36:25 INFO 验证损失 15 轮未改善，提前停止
07:36:30 INFO 切换点一致性（all）：观测 β -1.180（0.393）  模型 β -0.511（0.213）
07:36:30 INFO 切换点一致性（novel）：观测 β -0.367（0.505）  模型 β -0.262（0.279）
07:36:48 INFO 测试期 MAE 0.0445  WAPE 0.228  CRPS 0.0261  PICP90 原始 0.815 / ACI 0.901；输出 D:\EV充电因果预测sci论文\05_实验结果\runs\abl_A1_free_s0
== abl_A1_free_s0  完成，用时 19.8 分钟
== abl_A2_none_s0  开始 07:36:49
07:36:52 INFO 运行 abl_A2_none_s0，设备 cuda，torch 2.11.0+cu128
07:36:53 INFO 数据：T=4344 N=275 训练/验证/测试起点 3001/409/841；{'train': ('2022-09-01', '2023-01-05'), 'val': ('2023-01-06', '2023-01-23'), 'test': ('2023-01-24', '2023-02-28')}
07:36:53 INFO 模型参数 199,326；锚定方式 none；锚定来源 fivemin_main
07:37:24 INFO 第   1 轮  训练 0.02301  验证 pinball 0.01698  分时小区平均 β -0.272  27.5s
07:37:51 INFO 第   2 轮  训练 0.01831  验证 pinball 0.01601  分时小区平均 β -0.248  26.9s
07:38:18 INFO 第   3 轮  训练 0.01701  验证 pinball 0.01524  分时小区平均 β -0.216  26.9s
07:38:45 INFO 第   4 轮  训练 0.01576  验证 pinball 0.01431  分时小区平均 β -0.191  26.8s
07:39:12 INFO 第   5 轮  训练 0.01491  验证 pinball 0.01450  分时小区平均 β -0.173  27.0s
07:39:39 INFO 第   6 轮  训练 0.01431  验证 pinball 0.01400  分时小区平均 β -0.167  26.8s
07:40:05 INFO 第   7 轮  训练 0.01402  验证 pinball 0.01380  分时小区平均 β -0.171  26.8s
07:40:32 INFO 第   8 轮  训练 0.01379  验证 pinball 0.01353  分时小区平均 β -0.175  26.8s
07:40:59 INFO 第   9 轮  训练 0.01351  验证 pinball 0.01467  分时小区平均 β -0.180  26.8s
07:41:26 INFO 第  10 轮  训练 0.01336  验证 pinball 0.01364  分时小区平均 β -0.183  26.9s
07:41:53 INFO 第  11 轮  训练 0.01324  验证 pinball 0.01318  分时小区平均 β -0.187  26.9s
07:42:20 INFO 第  12 轮  训练 0.01302  验证 pinball 0.01296  分时小区平均 β -0.190  26.7s
07:42:46 INFO 第  13 轮  训练 0.01292  验证 pinball 0.01323  分时小区平均 β -0.192  26.7s
07:43:13 INFO 第  14 轮  训练 0.01284  验证 pinball 0.01327  分时小区平均 β -0.193  26.8s
07:43:40 INFO 第  15 轮  训练 0.01271  验证 pinball 0.01301  分时小区平均 β -0.193  26.8s
07:44:07 INFO 第  16 轮  训练 0.01255  验证 pinball 0.01290  分时小区平均 β -0.193  26.8s
07:44:34 INFO 第  17 轮  训练 0.01250  验证 pinball 0.01302  分时小区平均 β -0.192  26.8s
07:45:00 INFO 第  18 轮  训练 0.01234  验证 pinball 0.01314  分时小区平均 β -0.194  26.9s
07:45:27 INFO 第  19 轮  训练 0.01227  验证 pinball 0.01302  分时小区平均 β -0.194  26.7s
07:45:54 INFO 第  20 轮  训练 0.01220  验证 pinball 0.01295  分时小区平均 β -0.194  26.8s
07:46:21 INFO 第  21 轮  训练 0.01217  验证 pinball 0.01304  分时小区平均 β -0.194  26.9s
07:46:47 INFO 第  22 轮  训练 0.01205  验证 pinball 0.01302  分时小区平均 β -0.195  26.7s
07:47:14 INFO 第  23 轮  训练 0.01198  验证 pinball 0.01288  分时小区平均 β -0.194  27.0s
07:47:41 INFO 第  24 轮  训练 0.01199  验证 pinball 0.01299  分时小区平均 β -0.193  26.8s
07:48:08 INFO 第  25 轮  训练 0.01186  验证 pinball 0.01336  分时小区平均 β -0.192  26.9s
07:48:35 INFO 第  26 轮  训练 0.01184  验证 pinball 0.01312  分时小区平均 β -0.192  26.9s
07:49:02 INFO 第  27 轮  训练 0.01183  验证 pinball 0.01302  分时小区平均 β -0.192  27.0s
07:49:29 INFO 第  28 轮  训练 0.01175  验证 pinball 0.01275  分时小区平均 β -0.189  27.0s
07:49:56 INFO 第  29 轮  训练 0.01166  验证 pinball 0.01299  分时小区平均 β -0.188  26.9s
07:50:23 INFO 第  30 轮  训练 0.01162  验证 pinball 0.01322  分时小区平均 β -0.187  26.8s
07:50:50 INFO 第  31 轮  训练 0.01159  验证 pinball 0.01344  分时小区平均 β -0.185  26.8s
07:51:16 INFO 第  32 轮  训练 0.01157  验证 pinball 0.01336  分时小区平均 β -0.183  26.7s
07:51:43 INFO 第  33 轮  训练 0.01153  验证 pinball 0.01341  分时小区平均 β -0.181  26.7s
07:52:10 INFO 第  34 轮  训练 0.01143  验证 pinball 0.01319  分时小区平均 β -0.179  26.8s
07:52:37 INFO 第  35 轮  训练 0.01142  验证 pinball 0.01360  分时小区平均 β -0.177  26.7s
07:53:03 INFO 第  36 轮  训练 0.01137  验证 pinball 0.01316  分时小区平均 β -0.175  26.9s
07:53:30 INFO 第  37 轮  训练 0.01138  验证 pinball 0.01345  分时小区平均 β -0.173  26.9s
07:53:57 INFO 第  38 轮  训练 0.01124  验证 pinball 0.01357  分时小区平均 β -0.172  26.9s
07:54:24 INFO 第  39 轮  训练 0.01120  验证 pinball 0.01343  分时小区平均 β -0.171  26.9s
07:54:51 INFO 第  40 轮  训练 0.01122  验证 pinball 0.01339  分时小区平均 β -0.170  26.8s
07:55:18 INFO 第  41 轮  训练 0.01123  验证 pinball 0.01379  分时小区平均 β -0.169  26.8s
07:55:45 INFO 第  42 轮  训练 0.01110  验证 pinball 0.01366  分时小区平均 β -0.169  27.0s
07:56:12 INFO 第  43 轮  训练 0.01109  验证 pinball 0.01339  分时小区平均 β -0.168  26.8s
07:56:12 INFO 验证损失 15 轮未改善，提前停止
07:56:16 INFO 切换点一致性（all）：观测 β -1.180（0.393）  模型 β -0.468（0.238）
07:56:17 INFO 切换点一致性（novel）：观测 β -0.367（0.505）  模型 β -0.206（0.290）
07:56:33 INFO 测试期 MAE 0.0445  WAPE 0.228  CRPS 0.0261  PICP90 原始 0.813 / ACI 0.902；输出 D:\EV充电因果预测sci论文\05_实验结果\runs\abl_A2_none_s0
== abl_A2_none_s0  完成，用时 19.7 分钟
== abl_A3_prior-0.45_s0  开始 07:56:34
07:56:36 INFO 运行 abl_A3_prior-0.45_s0，设备 cuda，torch 2.11.0+cu128
07:56:37 INFO 数据：T=4344 N=275 训练/验证/测试起点 3001/409/841；{'train': ('2022-09-01', '2023-01-05'), 'val': ('2023-01-06', '2023-01-23'), 'test': ('2023-01-24', '2023-02-28')}
07:56:38 INFO 模型参数 198,211；锚定方式 cut；锚定来源 fivemin_main|fixed_beta=-0.45
07:57:09 INFO 第   1 轮  训练 0.02300  验证 pinball 0.01701  分时小区平均 β -0.450  27.5s
07:57:36 INFO 第   2 轮  训练 0.01834  验证 pinball 0.01597  分时小区平均 β -0.450  26.7s
07:58:02 INFO 第   3 轮  训练 0.01705  验证 pinball 0.01524  分时小区平均 β -0.450  26.7s
07:58:29 INFO 第   4 轮  训练 0.01581  验证 pinball 0.01434  分时小区平均 β -0.450  26.6s
07:58:56 INFO 第   5 轮  训练 0.01496  验证 pinball 0.01457  分时小区平均 β -0.450  26.8s
07:59:23 INFO 第   6 轮  训练 0.01435  验证 pinball 0.01384  分时小区平均 β -0.450  26.7s
07:59:49 INFO 第   7 轮  训练 0.01406  验证 pinball 0.01378  分时小区平均 β -0.450  26.8s
08:00:16 INFO 第   8 轮  训练 0.01383  验证 pinball 0.01350  分时小区平均 β -0.450  26.9s
08:00:43 INFO 第   9 轮  训练 0.01356  验证 pinball 0.01472  分时小区平均 β -0.450  26.8s
08:01:10 INFO 第  10 轮  训练 0.01342  验证 pinball 0.01365  分时小区平均 β -0.450  26.7s
08:01:37 INFO 第  11 轮  训练 0.01329  验证 pinball 0.01320  分时小区平均 β -0.450  26.9s
08:02:03 INFO 第  12 轮  训练 0.01307  验证 pinball 0.01301  分时小区平均 β -0.450  26.6s
08:02:30 INFO 第  13 轮  训练 0.01297  验证 pinball 0.01329  分时小区平均 β -0.450  26.6s
08:02:57 INFO 第  14 轮  训练 0.01288  验证 pinball 0.01320  分时小区平均 β -0.450  26.8s
08:03:24 INFO 第  15 轮  训练 0.01277  验证 pinball 0.01302  分时小区平均 β -0.450  26.8s
08:03:51 INFO 第  16 轮  训练 0.01260  验证 pinball 0.01292  分时小区平均 β -0.450  26.9s
08:04:17 INFO 第  17 轮  训练 0.01256  验证 pinball 0.01307  分时小区平均 β -0.450  26.9s
08:04:44 INFO 第  18 轮  训练 0.01241  验证 pinball 0.01316  分时小区平均 β -0.450  26.7s
08:05:11 INFO 第  19 轮  训练 0.01232  验证 pinball 0.01307  分时小区平均 β -0.450  26.7s
08:05:38 INFO 第  20 轮  训练 0.01226  验证 pinball 0.01292  分时小区平均 β -0.450  26.8s
08:06:04 INFO 第  21 轮  训练 0.01223  验证 pinball 0.01300  分时小区平均 β -0.450  26.7s
08:06:31 INFO 第  22 轮  训练 0.01211  验证 pinball 0.01310  分时小区平均 β -0.450  26.6s
08:06:58 INFO 第  23 轮  训练 0.01205  验证 pinball 0.01290  分时小区平均 β -0.450  26.6s
08:07:24 INFO 第  24 轮  训练 0.01207  验证 pinball 0.01302  分时小区平均 β -0.450  26.6s
08:07:51 INFO 第  25 轮  训练 0.01192  验证 pinball 0.01340  分时小区平均 β -0.450  26.6s
08:08:17 INFO 第  26 轮  训练 0.01189  验证 pinball 0.01314  分时小区平均 β -0.450  26.6s
08:08:44 INFO 第  27 轮  训练 0.01187  验证 pinball 0.01301  分时小区平均 β -0.450  26.6s
08:09:11 INFO 第  28 轮  训练 0.01181  验证 pinball 0.01278  分时小区平均 β -0.450  26.8s
08:09:37 INFO 第  29 轮  训练 0.01173  验证 pinball 0.01295  分时小区平均 β -0.450  26.7s
08:10:04 INFO 第  30 轮  训练 0.01168  验证 pinball 0.01319  分时小区平均 β -0.450  26.9s
08:10:31 INFO 第  31 轮  训练 0.01164  验证 pinball 0.01337  分时小区平均 β -0.450  26.9s
08:10:58 INFO 第  32 轮  训练 0.01165  验证 pinball 0.01323  分时小区平均 β -0.450  26.7s
08:11:25 INFO 第  33 轮  训练 0.01157  验证 pinball 0.01334  分时小区平均 β -0.450  26.8s
08:11:52 INFO 第  34 轮  训练 0.01149  验证 pinball 0.01319  分时小区平均 β -0.450  26.8s
08:12:18 INFO 第  35 轮  训练 0.01146  验证 pinball 0.01363  分时小区平均 β -0.450  26.8s
08:12:45 INFO 第  36 轮  训练 0.01142  验证 pinball 0.01311  分时小区平均 β -0.450  26.8s
08:13:12 INFO 第  37 轮  训练 0.01143  验证 pinball 0.01341  分时小区平均 β -0.450  26.8s
08:13:39 INFO 第  38 轮  训练 0.01130  验证 pinball 0.01355  分时小区平均 β -0.450  26.7s
08:14:05 INFO 第  39 轮  训练 0.01125  验证 pinball 0.01336  分时小区平均 β -0.450  26.6s
08:14:32 INFO 第  40 轮  训练 0.01128  验证 pinball 0.01335  分时小区平均 β -0.450  26.9s
08:14:59 INFO 第  41 轮  训练 0.01129  验证 pinball 0.01409  分时小区平均 β -0.450  26.7s
08:15:25 INFO 第  42 轮  训练 0.01120  验证 pinball 0.01332  分时小区平均 β -0.450  26.6s
08:15:52 INFO 第  43 轮  训练 0.01115  验证 pinball 0.01336  分时小区平均 β -0.450  26.9s
08:15:52 INFO 验证损失 15 轮未改善，提前停止
08:15:57 INFO 切换点一致性（all）：观测 β -1.180（0.393）  模型 β -0.683（0.217）
08:15:58 INFO 切换点一致性（novel）：观测 β -0.367（0.505）  模型 β -0.404（0.270）
08:16:16 INFO 测试期 MAE 0.0447  WAPE 0.229  CRPS 0.0263  PICP90 原始 0.811 / ACI 0.901；输出 D:\EV充电因果预测sci论文\05_实验结果\runs\abl_A3_prior-0.45_s0
== abl_A3_prior-0.45_s0  完成，用时 19.7 分钟
== abl_A3_prior-0.76_s0  开始 08:16:17
08:16:20 INFO 运行 abl_A3_prior-0.76_s0，设备 cuda，torch 2.11.0+cu128
08:16:21 INFO 数据：T=4344 N=275 训练/验证/测试起点 3001/409/841；{'train': ('2022-09-01', '2023-01-05'), 'val': ('2023-01-06', '2023-01-23'), 'test': ('2023-01-24', '2023-02-28')}
08:16:21 INFO 模型参数 198,211；锚定方式 cut；锚定来源 fivemin_main|fixed_beta=-0.76
08:16:50 INFO 第   1 轮  训练 0.02301  验证 pinball 0.01702  分时小区平均 β -0.760  27.1s
08:17:17 INFO 第   2 轮  训练 0.01837  验证 pinball 0.01621  分时小区平均 β -0.760  26.4s
08:17:43 INFO 第   3 轮  训练 0.01710  验证 pinball 0.01529  分时小区平均 β -0.760  26.3s
08:18:09 INFO 第   4 轮  训练 0.01588  验证 pinball 0.01438  分时小区平均 β -0.760  26.3s
08:18:36 INFO 第   5 轮  训练 0.01501  验证 pinball 0.01456  分时小区平均 β -0.760  26.3s
08:19:02 INFO 第   6 轮  训练 0.01439  验证 pinball 0.01415  分时小区平均 β -0.760  26.4s
08:19:28 INFO 第   7 轮  训练 0.01408  验证 pinball 0.01387  分时小区平均 β -0.760  26.2s
08:19:55 INFO 第   8 轮  训练 0.01388  验证 pinball 0.01383  分时小区平均 β -0.760  26.5s
08:20:21 INFO 第   9 轮  训练 0.01357  验证 pinball 0.01461  分时小区平均 β -0.760  26.3s
08:20:48 INFO 第  10 轮  训练 0.01342  验证 pinball 0.01369  分时小区平均 β -0.760  26.4s
08:21:14 INFO 第  11 轮  训练 0.01330  验证 pinball 0.01325  分时小区平均 β -0.760  26.4s
08:21:40 INFO 第  12 轮  训练 0.01309  验证 pinball 0.01307  分时小区平均 β -0.760  26.2s
08:22:06 INFO 第  13 轮  训练 0.01299  验证 pinball 0.01330  分时小区平均 β -0.760  26.3s
08:22:33 INFO 第  14 轮  训练 0.01291  验证 pinball 0.01325  分时小区平均 β -0.760  26.3s
08:22:59 INFO 第  15 轮  训练 0.01277  验证 pinball 0.01315  分时小区平均 β -0.760  26.2s
08:23:25 INFO 第  16 轮  训练 0.01263  验证 pinball 0.01304  分时小区平均 β -0.760  26.3s
08:23:52 INFO 第  17 轮  训练 0.01257  验证 pinball 0.01304  分时小区平均 β -0.760  26.4s
08:24:18 INFO 第  18 轮  训练 0.01242  验证 pinball 0.01317  分时小区平均 β -0.760  26.6s
08:24:45 INFO 第  19 轮  训练 0.01235  验证 pinball 0.01311  分时小区平均 β -0.760  26.3s
08:25:11 INFO 第  20 轮  训练 0.01228  验证 pinball 0.01302  分时小区平均 β -0.760  26.3s
08:25:37 INFO 第  21 轮  训练 0.01225  验证 pinball 0.01314  分时小区平均 β -0.760  26.4s
08:26:04 INFO 第  22 轮  训练 0.01214  验证 pinball 0.01313  分时小区平均 β -0.760  26.3s
08:26:30 INFO 第  23 轮  训练 0.01207  验证 pinball 0.01294  分时小区平均 β -0.760  26.4s
08:26:56 INFO 第  24 轮  训练 0.01210  验证 pinball 0.01308  分时小区平均 β -0.760  26.4s
08:27:23 INFO 第  25 轮  训练 0.01194  验证 pinball 0.01329  分时小区平均 β -0.760  26.3s
08:27:49 INFO 第  26 轮  训练 0.01190  验证 pinball 0.01316  分时小区平均 β -0.760  26.3s
08:28:15 INFO 第  27 轮  训练 0.01189  验证 pinball 0.01302  分时小区平均 β -0.760  26.4s
08:28:42 INFO 第  28 轮  训练 0.01185  验证 pinball 0.01284  分时小区平均 β -0.760  26.3s
08:29:08 INFO 第  29 轮  训练 0.01174  验证 pinball 0.01305  分时小区平均 β -0.760  26.4s
08:29:35 INFO 第  30 轮  训练 0.01169  验证 pinball 0.01344  分时小区平均 β -0.760  26.4s
08:30:01 INFO 第  31 轮  训练 0.01165  验证 pinball 0.01340  分时小区平均 β -0.760  26.4s
08:30:27 INFO 第  32 轮  训练 0.01163  验证 pinball 0.01328  分时小区平均 β -0.760  26.2s
08:30:53 INFO 第  33 轮  训练 0.01158  验证 pinball 0.01325  分时小区平均 β -0.760  26.4s
08:31:20 INFO 第  34 轮  训练 0.01147  验证 pinball 0.01320  分时小区平均 β -0.760  26.2s
08:31:46 INFO 第  35 轮  训练 0.01147  验证 pinball 0.01360  分时小区平均 β -0.760  26.3s
08:32:12 INFO 第  36 轮  训练 0.01142  验证 pinball 0.01314  分时小区平均 β -0.760  26.3s
08:32:39 INFO 第  37 轮  训练 0.01143  验证 pinball 0.01348  分时小区平均 β -0.760  26.3s
08:33:05 INFO 第  38 轮  训练 0.01128  验证 pinball 0.01349  分时小区平均 β -0.760  26.3s
08:33:31 INFO 第  39 轮  训练 0.01123  验证 pinball 0.01338  分时小区平均 β -0.760  26.3s
08:33:58 INFO 第  40 轮  训练 0.01123  验证 pinball 0.01343  分时小区平均 β -0.760  26.6s
08:34:24 INFO 第  41 轮  训练 0.01123  验证 pinball 0.01380  分时小区平均 β -0.760  26.5s
08:34:51 INFO 第  42 轮  训练 0.01114  验证 pinball 0.01355  分时小区平均 β -0.760  26.4s
08:35:17 INFO 第  43 轮  训练 0.01109  验证 pinball 0.01360  分时小区平均 β -0.760  26.3s
08:35:17 INFO 验证损失 15 轮未改善，提前停止
08:35:22 INFO 切换点一致性（all）：观测 β -1.180（0.393）  模型 β -0.846（0.211）
08:35:22 INFO 切换点一致性（novel）：观测 β -0.367（0.505）  模型 β -0.526（0.281）
08:35:34 INFO 测试期 MAE 0.0446  WAPE 0.228  CRPS 0.0261  PICP90 原始 0.817 / ACI 0.901；输出 D:\EV充电因果预测sci论文\05_实验结果\runs\abl_A3_prior-0.76_s0
== abl_A3_prior-0.76_s0  完成，用时 19.3 分钟
== abl_A3_prior-1.48_s0  开始 08:35:35
08:35:38 INFO 运行 abl_A3_prior-1.48_s0，设备 cuda，torch 2.11.0+cu128
08:35:39 INFO 数据：T=4344 N=275 训练/验证/测试起点 3001/409/841；{'train': ('2022-09-01', '2023-01-05'), 'val': ('2023-01-06', '2023-01-23'), 'test': ('2023-01-24', '2023-02-28')}
08:35:39 INFO 模型参数 198,211；锚定方式 cut；锚定来源 fivemin_main|fixed_beta=-1.48
08:36:10 INFO 第   1 轮  训练 0.02307  验证 pinball 0.01714  分时小区平均 β -1.480  27.5s
08:36:37 INFO 第   2 轮  训练 0.01847  验证 pinball 0.01620  分时小区平均 β -1.480  26.8s
08:37:03 INFO 第   3 轮  训练 0.01720  验证 pinball 0.01535  分时小区平均 β -1.480  26.6s
08:37:30 INFO 第   4 轮  训练 0.01603  验证 pinball 0.01451  分时小区平均 β -1.480  26.8s
08:37:57 INFO 第   5 轮  训练 0.01514  验证 pinball 0.01450  分时小区平均 β -1.480  26.6s
08:38:23 INFO 第   6 轮  训练 0.01447  验证 pinball 0.01405  分时小区平均 β -1.480  26.8s
08:38:50 INFO 第   7 轮  训练 0.01419  验证 pinball 0.01400  分时小区平均 β -1.480  26.7s
08:39:17 INFO 第   8 轮  训练 0.01399  验证 pinball 0.01388  分时小区平均 β -1.480  26.7s
08:39:44 INFO 第   9 轮  训练 0.01370  验证 pinball 0.01464  分时小区平均 β -1.480  26.8s
08:40:10 INFO 第  10 轮  训练 0.01353  验证 pinball 0.01380  分时小区平均 β -1.480  26.8s
08:40:37 INFO 第  11 轮  训练 0.01342  验证 pinball 0.01343  分时小区平均 β -1.480  26.7s
08:41:04 INFO 第  12 轮  训练 0.01320  验证 pinball 0.01327  分时小区平均 β -1.480  27.0s
08:41:31 INFO 第  13 轮  训练 0.01309  验证 pinball 0.01330  分时小区平均 β -1.480  26.9s
08:41:58 INFO 第  14 轮  训练 0.01299  验证 pinball 0.01334  分时小区平均 β -1.480  26.8s
08:42:25 INFO 第  15 轮  训练 0.01286  验证 pinball 0.01323  分时小区平均 β -1.480  26.8s
08:42:51 INFO 第  16 轮  训练 0.01274  验证 pinball 0.01318  分时小区平均 β -1.480  26.9s
08:43:18 INFO 第  17 轮  训练 0.01269  验证 pinball 0.01325  分时小区平均 β -1.480  26.7s
08:43:45 INFO 第  18 轮  训练 0.01253  验证 pinball 0.01334  分时小区平均 β -1.480  26.8s
08:44:12 INFO 第  19 轮  训练 0.01245  验证 pinball 0.01318  分时小区平均 β -1.480  26.8s
08:44:39 INFO 第  20 轮  训练 0.01237  验证 pinball 0.01315  分时小区平均 β -1.480  26.9s
08:45:05 INFO 第  21 轮  训练 0.01234  验证 pinball 0.01323  分时小区平均 β -1.480  26.8s
08:45:32 INFO 第  22 轮  训练 0.01225  验证 pinball 0.01325  分时小区平均 β -1.480  26.8s
08:45:59 INFO 第  23 轮  训练 0.01216  验证 pinball 0.01317  分时小区平均 β -1.480  26.7s
08:46:26 INFO 第  24 轮  训练 0.01218  验证 pinball 0.01319  分时小区平均 β -1.480  26.8s
08:46:53 INFO 第  25 轮  训练 0.01204  验证 pinball 0.01331  分时小区平均 β -1.480  26.8s
08:47:20 INFO 第  26 轮  训练 0.01198  验证 pinball 0.01335  分时小区平均 β -1.480  26.9s
08:47:46 INFO 第  27 轮  训练 0.01196  验证 pinball 0.01322  分时小区平均 β -1.480  26.6s
08:48:13 INFO 第  28 轮  训练 0.01188  验证 pinball 0.01300  分时小区平均 β -1.480  26.8s
08:48:40 INFO 第  29 轮  训练 0.01183  验证 pinball 0.01327  分时小区平均 β -1.480  26.8s
08:49:07 INFO 第  30 轮  训练 0.01179  验证 pinball 0.01346  分时小区平均 β -1.480  26.8s
08:49:33 INFO 第  31 轮  训练 0.01173  验证 pinball 0.01353  分时小区平均 β -1.480  26.8s
08:50:00 INFO 第  32 轮  训练 0.01170  验证 pinball 0.01350  分时小区平均 β -1.480  26.9s
08:50:27 INFO 第  33 轮  训练 0.01165  验证 pinball 0.01356  分时小区平均 β -1.480  26.7s
08:50:54 INFO 第  34 轮  训练 0.01157  验证 pinball 0.01355  分时小区平均 β -1.480  26.7s
08:51:20 INFO 第  35 轮  训练 0.01159  验证 pinball 0.01349  分时小区平均 β -1.480  26.7s
08:51:47 INFO 第  36 轮  训练 0.01153  验证 pinball 0.01338  分时小区平均 β -1.480  26.8s
08:52:14 INFO 第  37 轮  训练 0.01151  验证 pinball 0.01351  分时小区平均 β -1.480  26.8s
08:52:41 INFO 第  38 轮  训练 0.01138  验证 pinball 0.01372  分时小区平均 β -1.480  26.7s
08:53:07 INFO 第  39 轮  训练 0.01136  验证 pinball 0.01355  分时小区平均 β -1.480  26.8s
08:53:34 INFO 第  40 轮  训练 0.01135  验证 pinball 0.01360  分时小区平均 β -1.480  26.8s
08:54:01 INFO 第  41 轮  训练 0.01139  验证 pinball 0.01411  分时小区平均 β -1.480  26.9s
08:54:28 INFO 第  42 轮  训练 0.01127  验证 pinball 0.01376  分时小区平均 β -1.480  26.7s
08:54:55 INFO 第  43 轮  训练 0.01124  验证 pinball 0.01363  分时小区平均 β -1.480  26.8s
08:54:55 INFO 验证损失 15 轮未改善，提前停止
08:54:59 INFO 切换点一致性（all）：观测 β -1.180（0.393）  模型 β -1.204（0.236）
08:55:00 INFO 切换点一致性（novel）：观测 β -0.367（0.505）  模型 β -0.727（0.318）
08:55:17 INFO 测试期 MAE 0.0451  WAPE 0.231  CRPS 0.0265  PICP90 原始 0.811 / ACI 0.902；输出 D:\EV充电因果预测sci论文\05_实验结果\runs\abl_A3_prior-1.48_s0
== abl_A3_prior-1.48_s0  完成，用时 19.7 分钟
== abl_A5_noprice_s0  开始 08:55:18
08:55:21 INFO 运行 abl_A5_noprice_s0，设备 cuda，torch 2.11.0+cu128
08:55:22 INFO 数据：T=4344 N=275 训练/验证/测试起点 3001/409/841；{'train': ('2022-09-01', '2023-01-05'), 'val': ('2023-01-06', '2023-01-23'), 'test': ('2023-01-24', '2023-02-28')}
08:55:22 INFO 模型参数 198,211；锚定方式 cut；锚定来源 fivemin_main
08:55:53 INFO 第   1 轮  训练 0.02306  验证 pinball 0.01701  分时小区平均 β +nan  27.4s
08:56:20 INFO 第   2 轮  训练 0.01836  验证 pinball 0.01607  分时小区平均 β +nan  26.7s
08:56:47 INFO 第   3 轮  训练 0.01704  验证 pinball 0.01524  分时小区平均 β +nan  26.6s
08:57:13 INFO 第   4 轮  训练 0.01576  验证 pinball 0.01431  分时小区平均 β +nan  26.8s
08:57:40 INFO 第   5 轮  训练 0.01493  验证 pinball 0.01442  分时小区平均 β +nan  26.7s
08:58:07 INFO 第   6 轮  训练 0.01433  验证 pinball 0.01411  分时小区平均 β +nan  26.8s
08:58:34 INFO 第   7 轮  训练 0.01404  验证 pinball 0.01382  分时小区平均 β +nan  26.8s
08:59:01 INFO 第   8 轮  训练 0.01384  验证 pinball 0.01363  分时小区平均 β +nan  27.0s
08:59:28 INFO 第   9 轮  训练 0.01355  验证 pinball 0.01469  分时小区平均 β +nan  26.8s
08:59:54 INFO 第  10 轮  训练 0.01340  验证 pinball 0.01364  分时小区平均 β +nan  26.7s
09:00:21 INFO 第  11 轮  训练 0.01328  验证 pinball 0.01318  分时小区平均 β +nan  26.7s
09:00:48 INFO 第  12 轮  训练 0.01306  验证 pinball 0.01298  分时小区平均 β +nan  26.8s
09:01:14 INFO 第  13 轮  训练 0.01296  验证 pinball 0.01324  分时小区平均 β +nan  26.8s
09:01:41 INFO 第  14 轮  训练 0.01289  验证 pinball 0.01325  分时小区平均 β +nan  26.6s
09:02:08 INFO 第  15 轮  训练 0.01276  验证 pinball 0.01299  分时小区平均 β +nan  26.7s
09:02:35 INFO 第  16 轮  训练 0.01258  验证 pinball 0.01289  分时小区平均 β +nan  26.8s
09:03:01 INFO 第  17 轮  训练 0.01254  验证 pinball 0.01306  分时小区平均 β +nan  26.8s
09:03:28 INFO 第  18 轮  训练 0.01239  验证 pinball 0.01313  分时小区平均 β +nan  26.8s
09:03:55 INFO 第  19 轮  训练 0.01231  验证 pinball 0.01300  分时小区平均 β +nan  26.7s
09:04:22 INFO 第  20 轮  训练 0.01223  验证 pinball 0.01298  分时小区平均 β +nan  26.7s
09:04:48 INFO 第  21 轮  训练 0.01221  验证 pinball 0.01304  分时小区平均 β +nan  26.8s
09:05:15 INFO 第  22 轮  训练 0.01209  验证 pinball 0.01310  分时小区平均 β +nan  26.7s
09:05:42 INFO 第  23 轮  训练 0.01203  验证 pinball 0.01289  分时小区平均 β +nan  26.9s
09:06:09 INFO 第  24 轮  训练 0.01203  验证 pinball 0.01305  分时小区平均 β +nan  26.7s
09:06:35 INFO 第  25 轮  训练 0.01191  验证 pinball 0.01334  分时小区平均 β +nan  26.8s
09:07:02 INFO 第  26 轮  训练 0.01187  验证 pinball 0.01323  分时小区平均 β +nan  26.9s
09:07:29 INFO 第  27 轮  训练 0.01188  验证 pinball 0.01300  分时小区平均 β +nan  26.8s
09:07:56 INFO 第  28 轮  训练 0.01178  验证 pinball 0.01276  分时小区平均 β +nan  26.8s
09:08:23 INFO 第  29 轮  训练 0.01170  验证 pinball 0.01300  分时小区平均 β +nan  26.8s
09:08:50 INFO 第  30 轮  训练 0.01166  验证 pinball 0.01327  分时小区平均 β +nan  26.8s
09:09:16 INFO 第  31 轮  训练 0.01163  验证 pinball 0.01340  分时小区平均 β +nan  26.8s
09:09:43 INFO 第  32 轮  训练 0.01163  验证 pinball 0.01349  分时小区平均 β +nan  26.7s
09:10:10 INFO 第  33 轮  训练 0.01158  验证 pinball 0.01347  分时小区平均 β +nan  26.8s
09:10:37 INFO 第  34 轮  训练 0.01148  验证 pinball 0.01323  分时小区平均 β +nan  26.7s
09:11:03 INFO 第  35 轮  训练 0.01146  验证 pinball 0.01386  分时小区平均 β +nan  26.7s
09:11:30 INFO 第  36 轮  训练 0.01142  验证 pinball 0.01320  分时小区平均 β +nan  26.7s
09:11:57 INFO 第  37 轮  训练 0.01142  验证 pinball 0.01344  分时小区平均 β +nan  26.6s
09:12:23 INFO 第  38 轮  训练 0.01131  验证 pinball 0.01365  分时小区平均 β +nan  26.6s
09:12:50 INFO 第  39 轮  训练 0.01125  验证 pinball 0.01333  分时小区平均 β +nan  26.5s
09:13:17 INFO 第  40 轮  训练 0.01128  验证 pinball 0.01330  分时小区平均 β +nan  26.8s
09:13:43 INFO 第  41 轮  训练 0.01131  验证 pinball 0.01424  分时小区平均 β +nan  26.7s
09:14:10 INFO 第  42 轮  训练 0.01120  验证 pinball 0.01329  分时小区平均 β +nan  26.8s
09:14:37 INFO 第  43 轮  训练 0.01114  验证 pinball 0.01330  分时小区平均 β +nan  26.7s
09:14:37 INFO 验证损失 15 轮未改善，提前停止
09:14:42 INFO 切换点一致性（all）：观测 β -1.180（0.393）  模型 β -0.409（0.216）
09:14:42 INFO 切换点一致性（novel）：观测 β -0.367（0.505）  模型 β -0.122（0.282）
09:15:00 INFO 测试期 MAE 0.0443  WAPE 0.227  CRPS 0.0259  PICP90 原始 0.818 / ACI 0.902；输出 D:\EV充电因果预测sci论文\05_实验结果\runs\abl_A5_noprice_s0
== abl_A5_noprice_s0  完成，用时 19.7 分钟
== abl_A6_priceinput_s0  开始 09:15:01
09:15:03 INFO 运行 abl_A6_priceinput_s0，设备 cuda，torch 2.11.0+cu128
09:15:05 INFO 数据：T=4344 N=275 训练/验证/测试起点 3001/409/841；{'train': ('2022-09-01', '2023-01-05'), 'val': ('2023-01-06', '2023-01-23'), 'test': ('2023-01-24', '2023-02-28')}
09:15:05 INFO 模型参数 198,627；锚定方式 cut；锚定来源 fivemin_main
09:15:36 INFO 第   1 轮  训练 0.02301  验证 pinball 0.01707  分时小区平均 β +nan  27.6s
09:16:02 INFO 第   2 轮  训练 0.01836  验证 pinball 0.01615  分时小区平均 β +nan  26.9s
09:16:29 INFO 第   3 轮  训练 0.01738  验证 pinball 0.01559  分时小区平均 β +nan  26.9s
09:16:56 INFO 第   4 轮  训练 0.01620  验证 pinball 0.01452  分时小区平均 β +nan  26.9s
09:17:23 INFO 第   5 轮  训练 0.01514  验证 pinball 0.01464  分时小区平均 β +nan  27.0s
09:17:50 INFO 第   6 轮  训练 0.01443  验证 pinball 0.01417  分时小区平均 β +nan  27.1s
09:18:17 INFO 第   7 轮  训练 0.01414  验证 pinball 0.01418  分时小区平均 β +nan  27.0s
09:18:44 INFO 第   8 轮  训练 0.01379  验证 pinball 0.01367  分时小区平均 β +nan  27.0s
09:19:11 INFO 第   9 轮  训练 0.01353  验证 pinball 0.01451  分时小区平均 β +nan  26.9s
09:19:38 INFO 第  10 轮  训练 0.01336  验证 pinball 0.01452  分时小区平均 β +nan  26.8s
09:20:05 INFO 第  11 轮  训练 0.01320  验证 pinball 0.01383  分时小区平均 β +nan  27.0s
09:20:32 INFO 第  12 轮  训练 0.01295  验证 pinball 0.01329  分时小区平均 β +nan  26.8s
09:20:59 INFO 第  13 轮  训练 0.01288  验证 pinball 0.01354  分时小区平均 β +nan  27.1s
09:21:26 INFO 第  14 轮  训练 0.01277  验证 pinball 0.01315  分时小区平均 β +nan  27.0s
09:21:53 INFO 第  15 轮  训练 0.01265  验证 pinball 0.01314  分时小区平均 β +nan  27.0s
09:22:20 INFO 第  16 轮  训练 0.01250  验证 pinball 0.01300  分时小区平均 β +nan  26.9s
09:22:47 INFO 第  17 轮  训练 0.01247  验证 pinball 0.01329  分时小区平均 β +nan  26.8s
09:23:14 INFO 第  18 轮  训练 0.01235  验证 pinball 0.01329  分时小区平均 β +nan  27.0s
09:23:41 INFO 第  19 轮  训练 0.01222  验证 pinball 0.01347  分时小区平均 β +nan  27.0s
09:24:08 INFO 第  20 轮  训练 0.01214  验证 pinball 0.01346  分时小区平均 β +nan  27.0s
09:24:35 INFO 第  21 轮  训练 0.01211  验证 pinball 0.01363  分时小区平均 β +nan  26.8s
09:25:02 INFO 第  22 轮  训练 0.01205  验证 pinball 0.01327  分时小区平均 β +nan  27.1s
09:25:29 INFO 第  23 轮  训练 0.01193  验证 pinball 0.01326  分时小区平均 β +nan  26.9s
09:25:56 INFO 第  24 轮  训练 0.01199  验证 pinball 0.01334  分时小区平均 β +nan  26.9s
09:26:23 INFO 第  25 轮  训练 0.01185  验证 pinball 0.01347  分时小区平均 β +nan  27.0s
09:26:49 INFO 第  26 轮  训练 0.01180  验证 pinball 0.01348  分时小区平均 β +nan  26.7s
09:27:16 INFO 第  27 轮  训练 0.01175  验证 pinball 0.01326  分时小区平均 β +nan  26.9s
09:27:43 INFO 第  28 轮  训练 0.01167  验证 pinball 0.01321  分时小区平均 β +nan  26.9s
09:28:10 INFO 第  29 轮  训练 0.01161  验证 pinball 0.01339  分时小区平均 β +nan  26.9s
09:28:37 INFO 第  30 轮  训练 0.01159  验证 pinball 0.01387  分时小区平均 β +nan  27.0s
09:29:04 INFO 第  31 轮  训练 0.01151  验证 pinball 0.01340  分时小区平均 β +nan  26.9s
09:29:04 INFO 验证损失 15 轮未改善，提前停止
09:29:09 INFO 切换点一致性（all）：观测 β -1.180（0.393）  模型 β -0.494（0.212）
09:29:09 INFO 切换点一致性（novel）：观测 β -0.367（0.505）  模型 β -0.285（0.267）
09:29:27 INFO 测试期 MAE 0.0445  WAPE 0.228  CRPS 0.0258  PICP90 原始 0.832 / ACI 0.900；输出 D:\EV充电因果预测sci论文\05_实验结果\runs\abl_A6_priceinput_s0
== abl_A6_priceinput_s0  完成，用时 14.4 分钟
== abl_A10_staeformer_s0  开始 09:29:28
09:29:31 INFO 运行 abl_A10_staeformer_s0，设备 cuda，torch 2.11.0+cu128
09:29:32 INFO 数据：T=4344 N=275 训练/验证/测试起点 3001/409/841；{'train': ('2022-09-01', '2023-01-05'), 'val': ('2023-01-06', '2023-01-23'), 'test': ('2023-01-24', '2023-02-28')}
09:29:32 INFO 模型参数 1,686,391；锚定方式 cut；锚定来源 fivemin_main
Traceback (most recent call last):
  File "D:\EV充电因果预测sci论文\03_代码\scripts\train.py", line 211, in <module>
    main()
  File "D:\EV充电因果预测sci论文\03_代码\scripts\train.py", line 123, in main
    out = model(tb)
          ^^^^^^^^^
  File "D:\Program Files\Conda\envs\cpa\Lib\site-packages\torch\nn\modules\module.py", line 1779, in _wrapped_call_impl
    return self._call_impl(*args, **kwargs)
           ^^^^^^^^^^^^^^^^^^^^^^^^^^^^^^^^
  File "D:\Program Files\Conda\envs\cpa\Lib\site-packages\torch\nn\modules\module.py", line 1790, in _call_impl
    return forward_call(*args, **kwargs)
           ^^^^^^^^^^^^^^^^^^^^^^^^^^^^^
  File "D:\EV充电因果预测sci论文\03_代码\src\models\cpastgnn.py", line 93, in forward
    z = self.backbone(x, batch["cov_hist"], tod=batch.get("tod_hist"), dow=batch.get("dow_hist"))
        ^^^^^^^^^^^^^^^^^^^^^^^^^^^^^^^^^^^^^^^^^^^^^^^^^^^^^^^^^^^^^^^^^^^^^^^^^^^^^^^^^^^^^^^^^
  File "D:\Program Files\Conda\envs\cpa\Lib\site-packages\torch\nn\modules\module.py", line 1779, in _wrapped_call_impl
    return self._call_impl(*args, **kwargs)
           ^^^^^^^^^^^^^^^^^^^^^^^^^^^^^^^^
  File "D:\Program Files\Conda\envs\cpa\Lib\site-packages\torch\nn\modules\module.py", line 1790, in _call_impl
    return forward_call(*args, **kwargs)
           ^^^^^^^^^^^^^^^^^^^^^^^^^^^^^
  File "D:\EV充电因果预测sci论文\03_代码\src\models\backbones\staeformer.py", line 59, in forward
    s = blk(s)
        ^^^^^^
  File "D:\Program Files\Conda\envs\cpa\Lib\site-packages\torch\nn\modules\module.py", line 1779, in _wrapped_call_impl
    return self._call_impl(*args, **kwargs)
           ^^^^^^^^^^^^^^^^^^^^^^^^^^^^^^^^
  File "D:\Program Files\Conda\envs\cpa\Lib\site-packages\torch\nn\modules\module.py", line 1790, in _call_impl
    return forward_call(*args, **kwargs)
           ^^^^^^^^^^^^^^^^^^^^^^^^^^^^^
  File "D:\EV充电因果预测sci论文\03_代码\src\models\backbones\staeformer.py", line 22, in forward
    a, _ = self.attn(x, x, x, need_weights=False)
           ^^^^^^^^^^^^^^^^^^^^^^^^^^^^^^^^^^^^^^
  File "D:\Program Files\Conda\envs\cpa\Lib\site-packages\torch\nn\modules\module.py", line 1779, in _wrapped_call_impl
    return self._call_impl(*args, **kwargs)
           ^^^^^^^^^^^^^^^^^^^^^^^^^^^^^^^^
  File "D:\Program Files\Conda\envs\cpa\Lib\site-packages\torch\nn\modules\module.py", line 1790, in _call_impl
    return forward_call(*args, **kwargs)
           ^^^^^^^^^^^^^^^^^^^^^^^^^^^^^
  File "D:\Program Files\Conda\envs\cpa\Lib\site-packages\torch\nn\modules\activation.py", line 1492, in forward
    attn_output, attn_output_weights = F.multi_head_attention_forward(
                                       ^^^^^^^^^^^^^^^^^^^^^^^^^^^^^^^
  File "D:\Program Files\Conda\envs\cpa\Lib\site-packages\torch\nn\functional.py", line 6682, in multi_head_attention_forward
    attn_output = scaled_dot_product_attention(
                  ^^^^^^^^^^^^^^^^^^^^^^^^^^^^^
torch.OutOfMemoryError: CUDA out of memory. Tried to allocate 888.00 MiB. GPU 0 has a total capacity of 8.00 GiB of which 0 bytes is free. Of the allocated memory 13.68 GiB is allocated by PyTorch, and 544.93 MiB is reserved by PyTorch but unallocated. If reserved but unallocated memory is large try setting PYTORCH_CUDA_ALLOC_CONF=expandable_segments:True to avoid fragmentation.  See documentation for Memory Management  (https://docs.pytorch.org/docs/stable/notes/cuda.html#optimizing-memory-usage-with-pytorch-cuda-alloc-conf)
== abl_A10_staeformer_s0  失败（没有 summary.json），用时 1.7 分钟
== abl_A11_predefined_s0  开始 09:31:13
09:31:16 INFO 运行 abl_A11_predefined_s0，设备 cuda，torch 2.11.0+cu128
09:31:17 INFO 数据：T=4344 N=275 训练/验证/测试起点 3001/409/841；{'train': ('2022-09-01', '2023-01-05'), 'val': ('2023-01-06', '2023-01-23'), 'test': ('2023-01-24', '2023-02-28')}
09:31:17 INFO 模型参数 176,327；锚定方式 cut；锚定来源 fivemin_main
09:31:45 INFO 第   1 轮  训练 0.02282  验证 pinball 0.01694  分时小区平均 β -0.213  24.3s
09:32:08 INFO 第   2 轮  训练 0.01835  验证 pinball 0.01635  分时小区平均 β -0.213  23.1s
09:32:31 INFO 第   3 轮  训练 0.01737  验证 pinball 0.01547  分时小区平均 β -0.213  23.0s
09:32:54 INFO 第   4 轮  训练 0.01661  验证 pinball 0.01494  分时小区平均 β -0.213  23.1s
09:33:17 INFO 第   5 轮  训练 0.01578  验证 pinball 0.01472  分时小区平均 β -0.213  22.9s
09:33:40 INFO 第   6 轮  训练 0.01503  验证 pinball 0.01417  分时小区平均 β -0.213  22.8s
09:34:03 INFO 第   7 轮  训练 0.01459  验证 pinball 0.01369  分时小区平均 β -0.213  23.1s
09:34:26 INFO 第   8 轮  训练 0.01425  验证 pinball 0.01349  分时小区平均 β -0.213  22.8s
09:34:49 INFO 第   9 轮  训练 0.01381  验证 pinball 0.01460  分时小区平均 β -0.213  23.0s
09:35:12 INFO 第  10 轮  训练 0.01366  验证 pinball 0.01384  分时小区平均 β -0.213  23.1s
09:35:35 INFO 第  11 轮  训练 0.01344  验证 pinball 0.01396  分时小区平均 β -0.213  23.0s
09:35:58 INFO 第  12 轮  训练 0.01320  验证 pinball 0.01336  分时小区平均 β -0.213  22.9s
09:36:21 INFO 第  13 轮  训练 0.01312  验证 pinball 0.01368  分时小区平均 β -0.213  23.0s
09:36:44 INFO 第  14 轮  训练 0.01295  验证 pinball 0.01343  分时小区平均 β -0.213  23.0s
09:37:07 INFO 第  15 轮  训练 0.01293  验证 pinball 0.01335  分时小区平均 β -0.213  22.9s
09:37:30 INFO 第  16 轮  训练 0.01270  验证 pinball 0.01315  分时小区平均 β -0.213  23.1s
09:37:53 INFO 第  17 轮  训练 0.01261  验证 pinball 0.01346  分时小区平均 β -0.213  22.9s
09:38:16 INFO 第  18 轮  训练 0.01252  验证 pinball 0.01378  分时小区平均 β -0.213  23.1s
09:38:39 INFO 第  19 轮  训练 0.01242  验证 pinball 0.01381  分时小区平均 β -0.213  23.0s
09:39:02 INFO 第  20 轮  训练 0.01237  验证 pinball 0.01451  分时小区平均 β -0.213  23.1s
09:39:25 INFO 第  21 轮  训练 0.01229  验证 pinball 0.01387  分时小区平均 β -0.213  22.9s
09:39:48 INFO 第  22 轮  训练 0.01218  验证 pinball 0.01335  分时小区平均 β -0.213  23.2s
09:40:11 INFO 第  23 轮  训练 0.01209  验证 pinball 0.01367  分时小区平均 β -0.213  23.0s
09:40:34 INFO 第  24 轮  训练 0.01207  验证 pinball 0.01327  分时小区平均 β -0.213  23.1s
09:40:57 INFO 第  25 轮  训练 0.01199  验证 pinball 0.01392  分时小区平均 β -0.213  23.1s
09:41:20 INFO 第  26 轮  训练 0.01191  验证 pinball 0.01342  分时小区平均 β -0.213  23.0s
09:41:43 INFO 第  27 轮  训练 0.01191  验证 pinball 0.01389  分时小区平均 β -0.213  22.9s
09:42:06 INFO 第  28 轮  训练 0.01178  验证 pinball 0.01332  分时小区平均 β -0.213  23.0s
09:42:29 INFO 第  29 轮  训练 0.01172  验证 pinball 0.01349  分时小区平均 β -0.213  23.0s
09:42:52 INFO 第  30 轮  训练 0.01178  验证 pinball 0.01352  分时小区平均 β -0.213  23.0s
09:43:15 INFO 第  31 轮  训练 0.01165  验证 pinball 0.01396  分时小区平均 β -0.213  23.0s
09:43:15 INFO 验证损失 15 轮未改善，提前停止
09:43:19 INFO 切换点一致性（all）：观测 β -1.180（0.393）  模型 β -0.557（0.197）
09:43:20 INFO 切换点一致性（novel）：观测 β -0.367（0.505）  模型 β -0.294（0.237）
09:43:37 INFO 测试期 MAE 0.0453  WAPE 0.232  CRPS 0.0262  PICP90 原始 0.836 / ACI 0.900；输出 D:\EV充电因果预测sci论文\05_实验结果\runs\abl_A11_predefined_s0
== abl_A11_predefined_s0  完成，用时 12.4 分钟
== abl_A11_adaptive_s0  开始 09:43:38
09:43:41 INFO 运行 abl_A11_adaptive_s0，设备 cuda，torch 2.11.0+cu128
09:43:42 INFO 数据：T=4344 N=275 训练/验证/测试起点 3001/409/841；{'train': ('2022-09-01', '2023-01-05'), 'val': ('2023-01-06', '2023-01-23'), 'test': ('2023-01-24', '2023-02-28')}
09:43:42 INFO 模型参数 149,059；锚定方式 cut；锚定来源 fivemin_main
09:44:04 INFO 第   1 轮  训练 0.02322  验证 pinball 0.01721  分时小区平均 β -0.213  18.6s
09:44:22 INFO 第   2 轮  训练 0.01848  验证 pinball 0.01732  分时小区平均 β -0.213  17.9s
09:44:39 INFO 第   3 轮  训练 0.01708  验证 pinball 0.01540  分时小区平均 β -0.213  17.8s
09:44:57 INFO 第   4 轮  训练 0.01598  验证 pinball 0.01467  分时小区平均 β -0.213  17.9s
09:45:15 INFO 第   5 轮  训练 0.01517  验证 pinball 0.01435  分时小区平均 β -0.213  17.8s
09:45:33 INFO 第   6 轮  训练 0.01459  验证 pinball 0.01413  分时小区平均 β -0.213  17.9s
09:45:51 INFO 第   7 轮  训练 0.01439  验证 pinball 0.01360  分时小区平均 β -0.213  17.9s
09:46:09 INFO 第   8 轮  训练 0.01417  验证 pinball 0.01338  分时小区平均 β -0.213  17.9s
09:46:27 INFO 第   9 轮  训练 0.01381  验证 pinball 0.01461  分时小区平均 β -0.213  18.0s
09:46:45 INFO 第  10 轮  训练 0.01367  验证 pinball 0.01334  分时小区平均 β -0.213  17.9s
09:47:03 INFO 第  11 轮  训练 0.01348  验证 pinball 0.01347  分时小区平均 β -0.213  18.1s
09:47:21 INFO 第  12 轮  训练 0.01331  验证 pinball 0.01305  分时小区平均 β -0.213  18.1s
09:47:39 INFO 第  13 轮  训练 0.01323  验证 pinball 0.01312  分时小区平均 β -0.213  17.9s
09:47:57 INFO 第  14 轮  训练 0.01310  验证 pinball 0.01290  分时小区平均 β -0.213  17.9s
09:48:15 INFO 第  15 轮  训练 0.01312  验证 pinball 0.01306  分时小区平均 β -0.213  18.0s
09:48:33 INFO 第  16 轮  训练 0.01289  验证 pinball 0.01281  分时小区平均 β -0.213  18.0s
09:48:51 INFO 第  17 轮  训练 0.01285  验证 pinball 0.01337  分时小区平均 β -0.213  17.9s
09:49:09 INFO 第  18 轮  训练 0.01275  验证 pinball 0.01336  分时小区平均 β -0.213  17.9s
09:49:27 INFO 第  19 轮  训练 0.01268  验证 pinball 0.01293  分时小区平均 β -0.213  18.0s
09:49:45 INFO 第  20 轮  训练 0.01261  验证 pinball 0.01350  分时小区平均 β -0.213  18.0s
09:50:03 INFO 第  21 轮  训练 0.01252  验证 pinball 0.01325  分时小区平均 β -0.213  18.0s
09:50:21 INFO 第  22 轮  训练 0.01244  验证 pinball 0.01278  分时小区平均 β -0.213  17.9s
09:50:39 INFO 第  23 轮  训练 0.01235  验证 pinball 0.01285  分时小区平均 β -0.213  17.9s
09:50:57 INFO 第  24 轮  训练 0.01233  验证 pinball 0.01277  分时小区平均 β -0.213  17.9s
09:51:14 INFO 第  25 轮  训练 0.01225  验证 pinball 0.01300  分时小区平均 β -0.213  18.0s
09:51:32 INFO 第  26 轮  训练 0.01218  验证 pinball 0.01282  分时小区平均 β -0.213  18.0s
09:51:50 INFO 第  27 轮  训练 0.01218  验证 pinball 0.01270  分时小区平均 β -0.213  17.9s
09:52:08 INFO 第  28 轮  训练 0.01205  验证 pinball 0.01262  分时小区平均 β -0.213  17.9s
09:52:26 INFO 第  29 轮  训练 0.01198  验证 pinball 0.01282  分时小区平均 β -0.213  17.8s
09:52:44 INFO 第  30 轮  训练 0.01206  验证 pinball 0.01291  分时小区平均 β -0.213  17.8s
09:53:02 INFO 第  31 轮  训练 0.01194  验证 pinball 0.01302  分时小区平均 β -0.213  17.9s
09:53:20 INFO 第  32 轮  训练 0.01198  验证 pinball 0.01283  分时小区平均 β -0.213  17.9s
09:53:38 INFO 第  33 轮  训练 0.01184  验证 pinball 0.01293  分时小区平均 β -0.213  17.9s
09:53:55 INFO 第  34 轮  训练 0.01176  验证 pinball 0.01271  分时小区平均 β -0.213  17.8s
09:54:13 INFO 第  35 轮  训练 0.01175  验证 pinball 0.01273  分时小区平均 β -0.213  17.9s
09:54:31 INFO 第  36 轮  训练 0.01172  验证 pinball 0.01265  分时小区平均 β -0.213  18.0s
09:54:49 INFO 第  37 轮  训练 0.01169  验证 pinball 0.01293  分时小区平均 β -0.213  18.1s
09:55:07 INFO 第  38 轮  训练 0.01158  验证 pinball 0.01301  分时小区平均 β -0.213  18.0s
09:55:25 INFO 第  39 轮  训练 0.01155  验证 pinball 0.01281  分时小区平均 β -0.213  18.0s
09:55:43 INFO 第  40 轮  训练 0.01164  验证 pinball 0.01282  分时小区平均 β -0.213  18.0s
09:56:01 INFO 第  41 轮  训练 0.01151  验证 pinball 0.01313  分时小区平均 β -0.213  17.9s
09:56:19 INFO 第  42 轮  训练 0.01148  验证 pinball 0.01290  分时小区平均 β -0.213  18.0s
09:56:37 INFO 第  43 轮  训练 0.01145  验证 pinball 0.01284  分时小区平均 β -0.213  17.9s
09:56:37 INFO 验证损失 15 轮未改善，提前停止
09:56:41 INFO 切换点一致性（all）：观测 β -1.180（0.393）  模型 β -0.535（0.221）
09:56:41 INFO 切换点一致性（novel）：观测 β -0.367（0.505）  模型 β -0.141（0.235）
09:57:00 INFO 测试期 MAE 0.0438  WAPE 0.224  CRPS 0.0256  PICP90 原始 0.827 / ACI 0.901；输出 D:\EV充电因果预测sci论文\05_实验结果\runs\abl_A11_adaptive_s0
== abl_A11_adaptive_s0  完成，用时 13.4 分钟
== abl_A13_soft0.01_s0  开始 09:57:01
09:57:03 INFO 运行 abl_A13_soft0.01_s0，设备 cuda，torch 2.11.0+cu128
09:57:04 INFO 数据：T=4344 N=275 训练/验证/测试起点 3001/409/841；{'train': ('2022-09-01', '2023-01-05'), 'val': ('2023-01-06', '2023-01-23'), 'test': ('2023-01-24', '2023-02-28')}
09:57:05 INFO 模型参数 199,326；锚定方式 soft；锚定来源 fivemin_main
09:57:36 INFO 第   1 轮  训练 0.02303  验证 pinball 0.01701  分时小区平均 β -0.213  28.6s
09:58:04 INFO 第   2 轮  训练 0.01836  验证 pinball 0.01620  分时小区平均 β -0.213  27.6s
09:58:32 INFO 第   3 轮  训练 0.01705  验证 pinball 0.01526  分时小区平均 β -0.213  27.9s
09:58:59 INFO 第   4 轮  训练 0.01580  验证 pinball 0.01432  分时小区平均 β -0.213  27.6s
09:59:27 INFO 第   5 轮  训练 0.01495  验证 pinball 0.01447  分时小区平均 β -0.213  27.6s
09:59:54 INFO 第   6 轮  训练 0.01434  验证 pinball 0.01402  分时小区平均 β -0.213  27.5s
10:00:22 INFO 第   7 轮  训练 0.01406  验证 pinball 0.01384  分时小区平均 β -0.213  27.7s
10:00:50 INFO 第   8 轮  训练 0.01384  验证 pinball 0.01365  分时小区平均 β -0.213  27.7s
10:01:17 INFO 第   9 轮  训练 0.01355  验证 pinball 0.01456  分时小区平均 β -0.213  27.6s
10:01:45 INFO 第  10 轮  训练 0.01340  验证 pinball 0.01365  分时小区平均 β -0.213  27.6s
10:02:13 INFO 第  11 轮  训练 0.01328  验证 pinball 0.01318  分时小区平均 β -0.213  27.6s
10:02:40 INFO 第  12 轮  训练 0.01306  验证 pinball 0.01297  分时小区平均 β -0.213  27.5s
10:03:08 INFO 第  13 轮  训练 0.01296  验证 pinball 0.01322  分时小区平均 β -0.213  27.6s
10:03:35 INFO 第  14 轮  训练 0.01289  验证 pinball 0.01329  分时小区平均 β -0.213  27.8s
10:04:03 INFO 第  15 轮  训练 0.01275  验证 pinball 0.01301  分时小区平均 β -0.213  27.9s
10:04:31 INFO 第  16 轮  训练 0.01259  验证 pinball 0.01290  分时小区平均 β -0.213  27.7s
10:04:59 INFO 第  17 轮  训练 0.01255  验证 pinball 0.01305  分时小区平均 β -0.213  27.6s
10:05:26 INFO 第  18 轮  训练 0.01239  验证 pinball 0.01313  分时小区平均 β -0.213  27.7s
10:05:54 INFO 第  19 轮  训练 0.01232  验证 pinball 0.01303  分时小区平均 β -0.213  27.5s
10:06:22 INFO 第  20 轮  训练 0.01224  验证 pinball 0.01301  分时小区平均 β -0.213  27.8s
10:06:49 INFO 第  21 轮  训练 0.01222  验证 pinball 0.01306  分时小区平均 β -0.213  27.7s
10:07:17 INFO 第  22 轮  训练 0.01210  验证 pinball 0.01310  分时小区平均 β -0.213  27.7s
10:07:45 INFO 第  23 轮  训练 0.01204  验证 pinball 0.01293  分时小区平均 β -0.213  27.5s
10:08:12 INFO 第  24 轮  训练 0.01204  验证 pinball 0.01304  分时小区平均 β -0.213  27.7s
10:08:40 INFO 第  25 轮  训练 0.01192  验证 pinball 0.01337  分时小区平均 β -0.213  27.6s
10:09:08 INFO 第  26 轮  训练 0.01189  验证 pinball 0.01317  分时小区平均 β -0.213  27.7s
10:09:35 INFO 第  27 轮  训练 0.01188  验证 pinball 0.01300  分时小区平均 β -0.213  27.6s
10:10:03 INFO 第  28 轮  训练 0.01181  验证 pinball 0.01278  分时小区平均 β -0.213  27.6s
10:10:31 INFO 第  29 轮  训练 0.01172  验证 pinball 0.01295  分时小区平均 β -0.213  27.7s
10:10:58 INFO 第  30 轮  训练 0.01168  验证 pinball 0.01326  分时小区平均 β -0.213  27.7s
10:11:26 INFO 第  31 轮  训练 0.01164  验证 pinball 0.01338  分时小区平均 β -0.213  27.9s
10:11:54 INFO 第  32 轮  训练 0.01163  验证 pinball 0.01339  分时小区平均 β -0.213  27.5s
10:12:21 INFO 第  33 轮  训练 0.01160  验证 pinball 0.01343  分时小区平均 β -0.213  27.5s
10:12:49 INFO 第  34 轮  训练 0.01149  验证 pinball 0.01313  分时小区平均 β -0.213  27.7s
10:13:17 INFO 第  35 轮  训练 0.01147  验证 pinball 0.01361  分时小区平均 β -0.213  27.8s
10:13:44 INFO 第  36 轮  训练 0.01143  验证 pinball 0.01319  分时小区平均 β -0.213  27.8s
10:14:12 INFO 第  37 轮  训练 0.01143  验证 pinball 0.01351  分时小区平均 β -0.213  27.5s
10:14:40 INFO 第  38 轮  训练 0.01131  验证 pinball 0.01358  分时小区平均 β -0.213  27.8s
10:15:07 INFO 第  39 轮  训练 0.01125  验证 pinball 0.01334  分时小区平均 β -0.213  27.7s
10:15:35 INFO 第  40 轮  训练 0.01129  验证 pinball 0.01332  分时小区平均 β -0.213  27.5s
10:16:02 INFO 第  41 轮  训练 0.01129  验证 pinball 0.01410  分时小区平均 β -0.213  27.6s
10:16:30 INFO 第  42 轮  训练 0.01118  验证 pinball 0.01343  分时小区平均 β -0.213  27.5s
10:16:57 INFO 第  43 轮  训练 0.01115  验证 pinball 0.01327  分时小区平均 β -0.213  27.3s
10:16:57 INFO 验证损失 15 轮未改善，提前停止
10:17:02 INFO 切换点一致性（all）：观测 β -1.180（0.393）  模型 β -0.520（0.201）
10:17:02 INFO 切换点一致性（novel）：观测 β -0.367（0.505）  模型 β -0.229（0.258）
10:17:20 INFO 测试期 MAE 0.0447  WAPE 0.229  CRPS 0.0262  PICP90 原始 0.813 / ACI 0.901；输出 D:\EV充电因果预测sci论文\05_实验结果\runs\abl_A13_soft0.01_s0
== abl_A13_soft0.01_s0  完成，用时 20.3 分钟
== abl_A13_soft0.1_s0  开始 10:17:21
10:17:24 INFO 运行 abl_A13_soft0.1_s0，设备 cuda，torch 2.11.0+cu128
10:17:25 INFO 数据：T=4344 N=275 训练/验证/测试起点 3001/409/841；{'train': ('2022-09-01', '2023-01-05'), 'val': ('2023-01-06', '2023-01-23'), 'test': ('2023-01-24', '2023-02-28')}
10:17:25 INFO 模型参数 199,326；锚定方式 soft；锚定来源 fivemin_main
10:17:57 INFO 第   1 轮  训练 0.02303  验证 pinball 0.01701  分时小区平均 β -0.213  28.5s
10:18:24 INFO 第   2 轮  训练 0.01836  验证 pinball 0.01616  分时小区平均 β -0.213  27.3s
10:18:51 INFO 第   3 轮  训练 0.01704  验证 pinball 0.01525  分时小区平均 β -0.213  27.6s
10:19:19 INFO 第   4 轮  训练 0.01579  验证 pinball 0.01432  分时小区平均 β -0.213  27.7s
10:19:47 INFO 第   5 轮  训练 0.01495  验证 pinball 0.01449  分时小区平均 β -0.213  27.8s
10:20:15 INFO 第   6 轮  训练 0.01434  验证 pinball 0.01405  分时小区平均 β -0.213  27.5s
10:20:42 INFO 第   7 轮  训练 0.01405  验证 pinball 0.01384  分时小区平均 β -0.213  27.6s
10:21:10 INFO 第   8 轮  训练 0.01383  验证 pinball 0.01358  分时小区平均 β -0.213  27.6s
10:21:37 INFO 第   9 轮  训练 0.01355  验证 pinball 0.01467  分时小区平均 β -0.213  27.7s
10:22:05 INFO 第  10 轮  训练 0.01340  验证 pinball 0.01367  分时小区平均 β -0.213  27.8s
10:22:33 INFO 第  11 轮  训练 0.01327  验证 pinball 0.01318  分时小区平均 β -0.213  27.6s
10:23:01 INFO 第  12 轮  训练 0.01305  验证 pinball 0.01298  分时小区平均 β -0.213  27.7s
10:23:28 INFO 第  13 轮  训练 0.01296  验证 pinball 0.01324  分时小区平均 β -0.213  27.7s
10:23:56 INFO 第  14 轮  训练 0.01288  验证 pinball 0.01327  分时小区平均 β -0.213  27.7s
10:24:23 INFO 第  15 轮  训练 0.01275  验证 pinball 0.01302  分时小区平均 β -0.213  27.4s
10:24:51 INFO 第  16 轮  训练 0.01258  验证 pinball 0.01291  分时小区平均 β -0.213  27.5s
10:25:19 INFO 第  17 轮  训练 0.01254  验证 pinball 0.01304  分时小区平均 β -0.213  27.8s
10:25:46 INFO 第  18 轮  训练 0.01238  验证 pinball 0.01313  分时小区平均 β -0.213  27.6s
10:26:14 INFO 第  19 轮  训练 0.01231  验证 pinball 0.01302  分时小区平均 β -0.213  27.7s
10:26:42 INFO 第  20 轮  训练 0.01224  验证 pinball 0.01295  分时小区平均 β -0.213  27.6s
10:27:09 INFO 第  21 轮  训练 0.01221  验证 pinball 0.01308  分时小区平均 β -0.213  27.8s
10:27:37 INFO 第  22 轮  训练 0.01209  验证 pinball 0.01307  分时小区平均 β -0.213  27.5s
10:28:05 INFO 第  23 轮  训练 0.01203  验证 pinball 0.01290  分时小区平均 β -0.213  27.6s
10:28:32 INFO 第  24 轮  训练 0.01203  验证 pinball 0.01303  分时小区平均 β -0.213  27.6s
10:29:00 INFO 第  25 轮  训练 0.01191  验证 pinball 0.01337  分时小区平均 β -0.213  27.7s
10:29:28 INFO 第  26 轮  训练 0.01189  验证 pinball 0.01316  分时小区平均 β -0.213  27.7s
10:29:55 INFO 第  27 轮  训练 0.01188  验证 pinball 0.01301  分时小区平均 β -0.213  27.7s
10:30:23 INFO 第  28 轮  训练 0.01180  验证 pinball 0.01278  分时小区平均 β -0.213  27.7s
10:30:51 INFO 第  29 轮  训练 0.01172  验证 pinball 0.01299  分时小区平均 β -0.213  27.7s
10:31:18 INFO 第  30 轮  训练 0.01167  验证 pinball 0.01317  分时小区平均 β -0.213  27.6s
10:31:46 INFO 第  31 轮  训练 0.01164  验证 pinball 0.01333  分时小区平均 β -0.213  27.5s
10:32:13 INFO 第  32 轮  训练 0.01163  验证 pinball 0.01341  分时小区平均 β -0.213  27.6s
10:32:41 INFO 第  33 轮  训练 0.01159  验证 pinball 0.01342  分时小区平均 β -0.213  27.6s
10:33:09 INFO 第  34 轮  训练 0.01149  验证 pinball 0.01312  分时小区平均 β -0.213  27.8s
10:33:36 INFO 第  35 轮  训练 0.01147  验证 pinball 0.01369  分时小区平均 β -0.213  27.7s
10:34:04 INFO 第  36 轮  训练 0.01142  验证 pinball 0.01315  分时小区平均 β -0.213  27.7s
10:34:31 INFO 第  37 轮  训练 0.01144  验证 pinball 0.01345  分时小区平均 β -0.213  27.5s
10:34:59 INFO 第  38 轮  训练 0.01130  验证 pinball 0.01362  分时小区平均 β -0.213  27.4s
10:35:26 INFO 第  39 轮  训练 0.01126  验证 pinball 0.01338  分时小区平均 β -0.213  27.5s
10:35:54 INFO 第  40 轮  训练 0.01130  验证 pinball 0.01332  分时小区平均 β -0.213  27.6s
10:36:22 INFO 第  41 轮  训练 0.01131  验证 pinball 0.01415  分时小区平均 β -0.213  27.5s
10:36:49 INFO 第  42 轮  训练 0.01119  验证 pinball 0.01340  分时小区平均 β -0.213  27.7s
10:37:17 INFO 第  43 轮  训练 0.01118  验证 pinball 0.01327  分时小区平均 β -0.213  27.7s
10:37:17 INFO 验证损失 15 轮未改善，提前停止
10:37:22 INFO 切换点一致性（all）：观测 β -1.180（0.393）  模型 β -0.516（0.210）
10:37:22 INFO 切换点一致性（novel）：观测 β -0.367（0.505）  模型 β -0.263（0.269）
10:37:39 INFO 测试期 MAE 0.0447  WAPE 0.228  CRPS 0.0262  PICP90 原始 0.811 / ACI 0.902；输出 D:\EV充电因果预测sci论文\05_实验结果\runs\abl_A13_soft0.1_s0
== abl_A13_soft0.1_s0  完成，用时 20.3 分钟
== abl_A13_soft1_s0  开始 10:37:40
10:37:43 INFO 运行 abl_A13_soft1_s0，设备 cuda，torch 2.11.0+cu128
10:37:44 INFO 数据：T=4344 N=275 训练/验证/测试起点 3001/409/841；{'train': ('2022-09-01', '2023-01-05'), 'val': ('2023-01-06', '2023-01-23'), 'test': ('2023-01-24', '2023-02-28')}
10:37:44 INFO 模型参数 199,326；锚定方式 soft；锚定来源 fivemin_main
10:38:16 INFO 第   1 轮  训练 0.02303  验证 pinball 0.01701  分时小区平均 β -0.213  28.5s
10:38:44 INFO 第   2 轮  训练 0.01836  验证 pinball 0.01615  分时小区平均 β -0.213  27.6s
10:39:11 INFO 第   3 轮  训练 0.01704  验证 pinball 0.01525  分时小区平均 β -0.213  27.6s
10:39:39 INFO 第   4 轮  训练 0.01580  验证 pinball 0.01432  分时小区平均 β -0.213  27.5s
10:40:06 INFO 第   5 轮  训练 0.01495  验证 pinball 0.01447  分时小区平均 β -0.213  27.6s
10:40:34 INFO 第   6 轮  训练 0.01434  验证 pinball 0.01410  分时小区平均 β -0.213  27.6s
10:41:02 INFO 第   7 轮  训练 0.01405  验证 pinball 0.01384  分时小区平均 β -0.213  27.7s
10:41:29 INFO 第   8 轮  训练 0.01383  验证 pinball 0.01360  分时小区平均 β -0.213  27.5s
10:41:57 INFO 第   9 轮  训练 0.01355  验证 pinball 0.01463  分时小区平均 β -0.213  27.6s
10:42:24 INFO 第  10 轮  训练 0.01340  验证 pinball 0.01369  分时小区平均 β -0.213  27.6s
10:42:52 INFO 第  11 轮  训练 0.01328  验证 pinball 0.01318  分时小区平均 β -0.213  27.3s
10:43:19 INFO 第  12 轮  训练 0.01305  验证 pinball 0.01298  分时小区平均 β -0.213  27.6s
10:43:47 INFO 第  13 轮  训练 0.01296  验证 pinball 0.01326  分时小区平均 β -0.213  27.4s
10:44:14 INFO 第  14 轮  训练 0.01289  验证 pinball 0.01330  分时小区平均 β -0.213  27.7s
10:44:42 INFO 第  15 轮  训练 0.01275  验证 pinball 0.01302  分时小区平均 β -0.213  27.6s
10:45:10 INFO 第  16 轮  训练 0.01259  验证 pinball 0.01292  分时小区平均 β -0.213  27.7s
10:45:37 INFO 第  17 轮  训练 0.01254  验证 pinball 0.01302  分时小区平均 β -0.213  27.6s
10:46:05 INFO 第  18 轮  训练 0.01239  验证 pinball 0.01314  分时小区平均 β -0.213  27.4s
10:46:32 INFO 第  19 轮  训练 0.01232  验证 pinball 0.01303  分时小区平均 β -0.213  27.6s
10:47:00 INFO 第  20 轮  训练 0.01225  验证 pinball 0.01294  分时小区平均 β -0.213  27.5s
10:47:27 INFO 第  21 轮  训练 0.01222  验证 pinball 0.01308  分时小区平均 β -0.213  27.7s
10:47:55 INFO 第  22 轮  训练 0.01210  验证 pinball 0.01309  分时小区平均 β -0.213  27.4s
10:48:22 INFO 第  23 轮  训练 0.01204  验证 pinball 0.01290  分时小区平均 β -0.213  27.5s
10:48:50 INFO 第  24 轮  训练 0.01203  验证 pinball 0.01303  分时小区平均 β -0.213  27.6s
10:49:17 INFO 第  25 轮  训练 0.01191  验证 pinball 0.01334  分时小区平均 β -0.213  27.4s
10:49:45 INFO 第  26 轮  训练 0.01189  验证 pinball 0.01315  分时小区平均 β -0.213  27.7s
10:50:12 INFO 第  27 轮  训练 0.01188  验证 pinball 0.01304  分时小区平均 β -0.213  27.4s
10:50:40 INFO 第  28 轮  训练 0.01181  验证 pinball 0.01282  分时小区平均 β -0.213  27.5s
10:51:08 INFO 第  29 轮  训练 0.01172  验证 pinball 0.01301  分时小区平均 β -0.213  27.7s
10:51:35 INFO 第  30 轮  训练 0.01167  验证 pinball 0.01324  分时小区平均 β -0.213  27.7s
10:52:03 INFO 第  31 轮  训练 0.01164  验证 pinball 0.01340  分时小区平均 β -0.213  27.6s
10:52:31 INFO 第  32 轮  训练 0.01164  验证 pinball 0.01343  分时小区平均 β -0.213  27.8s
10:52:58 INFO 第  33 轮  训练 0.01159  验证 pinball 0.01343  分时小区平均 β -0.213  27.6s
10:53:26 INFO 第  34 轮  训练 0.01149  验证 pinball 0.01318  分时小区平均 β -0.213  27.6s
10:53:54 INFO 第  35 轮  训练 0.01147  验证 pinball 0.01349  分时小区平均 β -0.213  27.4s
10:54:21 INFO 第  36 轮  训练 0.01142  验证 pinball 0.01315  分时小区平均 β -0.213  27.5s
10:54:48 INFO 第  37 轮  训练 0.01143  验证 pinball 0.01345  分时小区平均 β -0.213  27.5s
10:55:16 INFO 第  38 轮  训练 0.01130  验证 pinball 0.01363  分时小区平均 β -0.213  27.6s
10:55:44 INFO 第  39 轮  训练 0.01124  验证 pinball 0.01345  分时小区平均 β -0.213  27.6s
10:56:11 INFO 第  40 轮  训练 0.01128  验证 pinball 0.01329  分时小区平均 β -0.213  27.6s
10:56:39 INFO 第  41 轮  训练 0.01128  验证 pinball 0.01395  分时小区平均 β -0.213  27.6s
10:57:06 INFO 第  42 轮  训练 0.01117  验证 pinball 0.01342  分时小区平均 β -0.213  27.6s
10:57:34 INFO 第  43 轮  训练 0.01116  验证 pinball 0.01326  分时小区平均 β -0.213  27.5s
10:57:34 INFO 验证损失 15 轮未改善，提前停止
10:57:39 INFO 切换点一致性（all）：观测 β -1.180（0.393）  模型 β -0.534（0.210）
10:57:39 INFO 切换点一致性（novel）：观测 β -0.367（0.505）  模型 β -0.276（0.261）
10:57:56 INFO 测试期 MAE 0.0448  WAPE 0.229  CRPS 0.0263  PICP90 原始 0.812 / ACI 0.902；输出 D:\EV充电因果预测sci论文\05_实验结果\runs\abl_A13_soft1_s0
== abl_A13_soft1_s0  完成，用时 20.3 分钟
== abl_A13_soft10_s0  开始 10:57:58
10:58:00 INFO 运行 abl_A13_soft10_s0，设备 cuda，torch 2.11.0+cu128
10:58:01 INFO 数据：T=4344 N=275 训练/验证/测试起点 3001/409/841；{'train': ('2022-09-01', '2023-01-05'), 'val': ('2023-01-06', '2023-01-23'), 'test': ('2023-01-24', '2023-02-28')}
10:58:02 INFO 模型参数 199,326；锚定方式 soft；锚定来源 fivemin_main
10:58:34 INFO 第   1 轮  训练 0.02303  验证 pinball 0.01701  分时小区平均 β -0.213  28.3s
10:59:01 INFO 第   2 轮  训练 0.01836  验证 pinball 0.01615  分时小区平均 β -0.213  27.7s
10:59:29 INFO 第   3 轮  训练 0.01705  验证 pinball 0.01525  分时小区平均 β -0.213  27.6s
10:59:56 INFO 第   4 轮  训练 0.01579  验证 pinball 0.01432  分时小区平均 β -0.213  27.6s
11:00:24 INFO 第   5 轮  训练 0.01495  验证 pinball 0.01449  分时小区平均 β -0.213  27.7s
11:00:52 INFO 第   6 轮  训练 0.01434  验证 pinball 0.01411  分时小区平均 β -0.213  27.8s
11:01:20 INFO 第   7 轮  训练 0.01405  验证 pinball 0.01383  分时小区平均 β -0.213  27.6s
11:01:47 INFO 第   8 轮  训练 0.01384  验证 pinball 0.01365  分时小区平均 β -0.213  27.4s
11:02:14 INFO 第   9 轮  训练 0.01355  验证 pinball 0.01454  分时小区平均 β -0.213  27.5s
11:02:42 INFO 第  10 轮  训练 0.01340  验证 pinball 0.01366  分时小区平均 β -0.213  27.6s
11:03:10 INFO 第  11 轮  训练 0.01328  验证 pinball 0.01317  分时小区平均 β -0.213  27.6s
11:03:37 INFO 第  12 轮  训练 0.01305  验证 pinball 0.01297  分时小区平均 β -0.213  27.7s
11:04:05 INFO 第  13 轮  训练 0.01296  验证 pinball 0.01320  分时小区平均 β -0.213  27.7s
11:04:33 INFO 第  14 轮  训练 0.01289  验证 pinball 0.01329  分时小区平均 β -0.213  27.5s
11:05:00 INFO 第  15 轮  训练 0.01275  验证 pinball 0.01300  分时小区平均 β -0.213  27.5s
11:05:28 INFO 第  16 轮  训练 0.01259  验证 pinball 0.01289  分时小区平均 β -0.213  27.7s
11:05:55 INFO 第  17 轮  训练 0.01255  验证 pinball 0.01304  分时小区平均 β -0.213  27.6s
11:06:23 INFO 第  18 轮  训练 0.01239  验证 pinball 0.01314  分时小区平均 β -0.213  27.4s
11:06:50 INFO 第  19 轮  训练 0.01232  验证 pinball 0.01301  分时小区平均 β -0.213  27.6s
11:07:18 INFO 第  20 轮  训练 0.01225  验证 pinball 0.01299  分时小区平均 β -0.213  27.6s
11:07:45 INFO 第  21 轮  训练 0.01222  验证 pinball 0.01307  分时小区平均 β -0.213  27.6s
11:08:13 INFO 第  22 轮  训练 0.01210  验证 pinball 0.01308  分时小区平均 β -0.213  27.4s
11:08:40 INFO 第  23 轮  训练 0.01204  验证 pinball 0.01293  分时小区平均 β -0.213  27.4s
11:09:08 INFO 第  24 轮  训练 0.01204  验证 pinball 0.01304  分时小区平均 β -0.213  27.6s
11:09:35 INFO 第  25 轮  训练 0.01191  验证 pinball 0.01339  分时小区平均 β -0.213  27.5s
11:10:03 INFO 第  26 轮  训练 0.01189  验证 pinball 0.01314  分时小区平均 β -0.213  27.5s
11:10:30 INFO 第  27 轮  训练 0.01188  验证 pinball 0.01302  分时小区平均 β -0.213  27.6s
11:10:58 INFO 第  28 轮  训练 0.01180  验证 pinball 0.01278  分时小区平均 β -0.213  27.6s
11:11:26 INFO 第  29 轮  训练 0.01172  验证 pinball 0.01297  分时小区平均 β -0.213  27.5s
11:11:53 INFO 第  30 轮  训练 0.01167  验证 pinball 0.01324  分时小区平均 β -0.213  27.6s
11:12:21 INFO 第  31 轮  训练 0.01164  验证 pinball 0.01336  分时小区平均 β -0.213  27.5s
11:12:48 INFO 第  32 轮  训练 0.01163  验证 pinball 0.01343  分时小区平均 β -0.213  27.5s
11:13:16 INFO 第  33 轮  训练 0.01160  验证 pinball 0.01338  分时小区平均 β -0.213  27.5s
11:13:43 INFO 第  34 轮  训练 0.01149  验证 pinball 0.01316  分时小区平均 β -0.213  27.7s
11:14:11 INFO 第  35 轮  训练 0.01146  验证 pinball 0.01372  分时小区平均 β -0.213  27.7s
11:14:39 INFO 第  36 轮  训练 0.01142  验证 pinball 0.01319  分时小区平均 β -0.213  27.6s
11:15:06 INFO 第  37 轮  训练 0.01143  验证 pinball 0.01354  分时小区平均 β -0.213  27.6s
11:15:34 INFO 第  38 轮  训练 0.01130  验证 pinball 0.01367  分时小区平均 β -0.213  27.7s
11:16:02 INFO 第  39 轮  训练 0.01126  验证 pinball 0.01331  分时小区平均 β -0.213  27.5s
11:16:29 INFO 第  40 轮  训练 0.01129  验证 pinball 0.01334  分时小区平均 β -0.213  27.4s
11:16:56 INFO 第  41 轮  训练 0.01127  验证 pinball 0.01402  分时小区平均 β -0.213  27.5s
11:17:24 INFO 第  42 轮  训练 0.01117  验证 pinball 0.01335  分时小区平均 β -0.213  27.8s
11:17:52 INFO 第  43 轮  训练 0.01115  验证 pinball 0.01332  分时小区平均 β -0.213  27.6s
11:17:52 INFO 验证损失 15 轮未改善，提前停止
11:17:57 INFO 切换点一致性（all）：观测 β -1.180（0.393）  模型 β -0.496（0.203）
11:17:57 INFO 切换点一致性（novel）：观测 β -0.367（0.505）  模型 β -0.250（0.256）
11:18:13 INFO 测试期 MAE 0.0446  WAPE 0.228  CRPS 0.0262  PICP90 原始 0.811 / ACI 0.902；输出 D:\EV充电因果预测sci论文\05_实验结果\runs\abl_A13_soft10_s0
== abl_A13_soft10_s0  完成，用时 20.3 分钟
== abl_A14_nomask_s0  开始 11:18:14
11:18:16 INFO 运行 abl_A14_nomask_s0，设备 cuda，torch 2.11.0+cu128
11:18:17 INFO 数据：T=4344 N=275 训练/验证/测试起点 3001/409/841；{'train': ('2022-09-01', '2023-01-05'), 'val': ('2023-01-06', '2023-01-23'), 'test': ('2023-01-24', '2023-02-28')}
11:18:17 INFO 模型参数 198,211；锚定方式 cut；锚定来源 fivemin_main
11:18:48 INFO 第   1 轮  训练 0.02328  验证 pinball 0.01735  分时小区平均 β -0.213  27.6s
11:19:15 INFO 第   2 轮  训练 0.01844  验证 pinball 0.01591  分时小区平均 β -0.213  26.6s
11:19:42 INFO 第   3 轮  训练 0.01730  验证 pinball 0.01524  分时小区平均 β -0.213  26.7s
11:20:08 INFO 第   4 轮  训练 0.01608  验证 pinball 0.01471  分时小区平均 β -0.213  26.8s
11:20:35 INFO 第   5 轮  训练 0.01534  验证 pinball 0.01553  分时小区平均 β -0.213  26.6s
11:21:02 INFO 第   6 轮  训练 0.01463  验证 pinball 0.01417  分时小区平均 β -0.213  26.7s
11:21:28 INFO 第   7 轮  训练 0.01432  验证 pinball 0.01447  分时小区平均 β -0.213  26.7s
11:21:55 INFO 第   8 轮  训练 0.01404  验证 pinball 0.01335  分时小区平均 β -0.213  26.8s
11:22:22 INFO 第   9 轮  训练 0.01369  验证 pinball 0.01346  分时小区平均 β -0.213  26.7s
11:22:49 INFO 第  10 轮  训练 0.01345  验证 pinball 0.01397  分时小区平均 β -0.213  26.7s
11:23:16 INFO 第  11 轮  训练 0.01341  验证 pinball 0.01336  分时小区平均 β -0.213  26.9s
11:23:42 INFO 第  12 轮  训练 0.01324  验证 pinball 0.01288  分时小区平均 β -0.213  26.8s
11:24:09 INFO 第  13 轮  训练 0.01303  验证 pinball 0.01356  分时小区平均 β -0.213  26.8s
11:24:36 INFO 第  14 轮  训练 0.01296  验证 pinball 0.01317  分时小区平均 β -0.213  26.8s
11:25:03 INFO 第  15 轮  训练 0.01275  验证 pinball 0.01306  分时小区平均 β -0.213  26.8s
11:25:30 INFO 第  16 轮  训练 0.01269  验证 pinball 0.01284  分时小区平均 β -0.213  26.7s
11:25:56 INFO 第  17 轮  训练 0.01264  验证 pinball 0.01305  分时小区平均 β -0.213  26.8s
11:26:23 INFO 第  18 轮  训练 0.01242  验证 pinball 0.01288  分时小区平均 β -0.213  26.7s
11:26:50 INFO 第  19 轮  训练 0.01233  验证 pinball 0.01306  分时小区平均 β -0.213  26.7s
11:27:17 INFO 第  20 轮  训练 0.01226  验证 pinball 0.01314  分时小区平均 β -0.213  26.8s
11:27:43 INFO 第  21 轮  训练 0.01226  验证 pinball 0.01319  分时小区平均 β -0.213  26.7s
11:28:10 INFO 第  22 轮  训练 0.01211  验证 pinball 0.01290  分时小区平均 β -0.213  26.6s
11:28:37 INFO 第  23 轮  训练 0.01204  验证 pinball 0.01307  分时小区平均 β -0.213  26.7s
11:29:03 INFO 第  24 轮  训练 0.01204  验证 pinball 0.01297  分时小区平均 β -0.213  26.9s
11:29:30 INFO 第  25 轮  训练 0.01195  验证 pinball 0.01319  分时小区平均 β -0.213  26.7s
11:29:57 INFO 第  26 轮  训练 0.01195  验证 pinball 0.01292  分时小区平均 β -0.213  26.7s
11:30:23 INFO 第  27 轮  训练 0.01181  验证 pinball 0.01293  分时小区平均 β -0.213  26.7s
11:30:50 INFO 第  28 轮  训练 0.01183  验证 pinball 0.01263  分时小区平均 β -0.213  26.7s
11:31:17 INFO 第  29 轮  训练 0.01174  验证 pinball 0.01300  分时小区平均 β -0.213  26.6s
11:31:44 INFO 第  30 轮  训练 0.01165  验证 pinball 0.01312  分时小区平均 β -0.213  26.9s
11:32:10 INFO 第  31 轮  训练 0.01160  验证 pinball 0.01275  分时小区平均 β -0.213  26.7s
11:32:37 INFO 第  32 轮  训练 0.01162  验证 pinball 0.01355  分时小区平均 β -0.213  26.7s
11:33:04 INFO 第  33 轮  训练 0.01156  验证 pinball 0.01315  分时小区平均 β -0.213  26.7s
11:33:30 INFO 第  34 轮  训练 0.01148  验证 pinball 0.01294  分时小区平均 β -0.213  26.7s
11:33:57 INFO 第  35 轮  训练 0.01151  验证 pinball 0.01367  分时小区平均 β -0.213  26.7s
11:34:24 INFO 第  36 轮  训练 0.01141  验证 pinball 0.01280  分时小区平均 β -0.213  26.8s
11:34:51 INFO 第  37 轮  训练 0.01143  验证 pinball 0.01288  分时小区平均 β -0.213  26.8s
11:35:18 INFO 第  38 轮  训练 0.01130  验证 pinball 0.01330  分时小区平均 β -0.213  26.7s
11:35:44 INFO 第  39 轮  训练 0.01119  验证 pinball 0.01312  分时小区平均 β -0.213  26.7s
11:36:11 INFO 第  40 轮  训练 0.01122  验证 pinball 0.01314  分时小区平均 β -0.213  26.9s
11:36:38 INFO 第  41 轮  训练 0.01114  验证 pinball 0.01400  分时小区平均 β -0.213  26.6s
11:37:04 INFO 第  42 轮  训练 0.01123  验证 pinball 0.01328  分时小区平均 β -0.213  26.5s
11:37:31 INFO 第  43 轮  训练 0.01114  验证 pinball 0.01395  分时小区平均 β -0.213  26.6s
11:37:31 INFO 验证损失 15 轮未改善，提前停止
11:37:36 INFO 切换点一致性（all）：观测 β -1.180（0.393）  模型 β -0.465（0.221）
11:37:36 INFO 切换点一致性（novel）：观测 β -0.367（0.505）  模型 β -0.078（0.281）
11:37:54 INFO 测试期 MAE 0.0410  WAPE 0.245  CRPS 0.0240  PICP90 原始 0.813 / ACI 0.900；输出 D:\EV充电因果预测sci论文\05_实验结果\runs\abl_A14_nomask_s0
== abl_A14_nomask_s0  完成，用时 19.7 分钟
== abl_A1_free_s1  开始 11:37:55
11:37:58 INFO 运行 abl_A1_free_s1，设备 cuda，torch 2.11.0+cu128
11:37:59 INFO 数据：T=4344 N=275 训练/验证/测试起点 3001/409/841；{'train': ('2022-09-01', '2023-01-05'), 'val': ('2023-01-06', '2023-01-23'), 'test': ('2023-01-24', '2023-02-28')}
11:37:59 INFO 模型参数 199,326；锚定方式 free；锚定来源 fivemin_main
11:38:31 INFO 第   1 轮  训练 0.02278  验证 pinball 0.01806  分时小区平均 β -0.222  27.5s
11:38:58 INFO 第   2 轮  训练 0.01839  验证 pinball 0.01607  分时小区平均 β -0.222  27.0s
11:39:25 INFO 第   3 轮  训练 0.01698  验证 pinball 0.01493  分时小区平均 β -0.219  26.9s
11:39:51 INFO 第   4 轮  训练 0.01569  验证 pinball 0.01484  分时小区平均 β -0.215  26.7s
11:40:18 INFO 第   5 轮  训练 0.01484  验证 pinball 0.01438  分时小区平均 β -0.212  27.0s
11:40:45 INFO 第   6 轮  训练 0.01424  验证 pinball 0.01383  分时小区平均 β -0.209  26.9s
11:41:12 INFO 第   7 轮  训练 0.01404  验证 pinball 0.01400  分时小区平均 β -0.207  27.0s
11:41:39 INFO 第   8 轮  训练 0.01370  验证 pinball 0.01339  分时小区平均 β -0.206  26.9s
11:42:06 INFO 第   9 轮  训练 0.01343  验证 pinball 0.01328  分时小区平均 β -0.205  27.0s
11:42:33 INFO 第  10 轮  训练 0.01335  验证 pinball 0.01324  分时小区平均 β -0.204  26.9s
11:43:00 INFO 第  11 轮  训练 0.01318  验证 pinball 0.01320  分时小区平均 β -0.203  26.9s
11:43:27 INFO 第  12 轮  训练 0.01306  验证 pinball 0.01372  分时小区平均 β -0.202  27.0s
11:43:54 INFO 第  13 轮  训练 0.01289  验证 pinball 0.01329  分时小区平均 β -0.200  26.9s
11:44:21 INFO 第  14 轮  训练 0.01272  验证 pinball 0.01343  分时小区平均 β -0.199  26.8s
11:44:48 INFO 第  15 轮  训练 0.01263  验证 pinball 0.01287  分时小区平均 β -0.197  26.9s
11:45:15 INFO 第  16 轮  训练 0.01264  验证 pinball 0.01333  分时小区平均 β -0.196  26.9s
11:45:42 INFO 第  17 轮  训练 0.01242  验证 pinball 0.01297  分时小区平均 β -0.194  27.0s
11:46:08 INFO 第  18 轮  训练 0.01233  验证 pinball 0.01292  分时小区平均 β -0.193  26.9s
11:46:35 INFO 第  19 轮  训练 0.01224  验证 pinball 0.01311  分时小区平均 β -0.191  27.0s
11:47:02 INFO 第  20 轮  训练 0.01226  验证 pinball 0.01284  分时小区平均 β -0.190  27.0s
11:47:30 INFO 第  21 轮  训练 0.01209  验证 pinball 0.01322  分时小区平均 β -0.189  27.0s
11:47:56 INFO 第  22 轮  训练 0.01204  验证 pinball 0.01413  分时小区平均 β -0.187  26.9s
11:48:23 INFO 第  23 轮  训练 0.01199  验证 pinball 0.01310  分时小区平均 β -0.186  26.7s
11:48:50 INFO 第  24 轮  训练 0.01190  验证 pinball 0.01329  分时小区平均 β -0.185  26.9s
11:49:17 INFO 第  25 轮  训练 0.01185  验证 pinball 0.01304  分时小区平均 β -0.184  26.9s
11:49:44 INFO 第  26 轮  训练 0.01177  验证 pinball 0.01304  分时小区平均 β -0.183  26.9s
11:50:11 INFO 第  27 轮  训练 0.01168  验证 pinball 0.01312  分时小区平均 β -0.182  27.1s
11:50:38 INFO 第  28 轮  训练 0.01170  验证 pinball 0.01353  分时小区平均 β -0.181  26.8s
11:51:05 INFO 第  29 轮  训练 0.01166  验证 pinball 0.01300  分时小区平均 β -0.180  26.9s
11:51:32 INFO 第  30 轮  训练 0.01154  验证 pinball 0.01335  分时小区平均 β -0.178  26.9s
11:51:58 INFO 第  31 轮  训练 0.01155  验证 pinball 0.01341  分时小区平均 β -0.177  26.9s
11:52:25 INFO 第  32 轮  训练 0.01139  验证 pinball 0.01350  分时小区平均 β -0.176  26.9s
11:52:52 INFO 第  33 轮  训练 0.01136  验证 pinball 0.01365  分时小区平均 β -0.174  26.8s
11:53:19 INFO 第  34 轮  训练 0.01135  验证 pinball 0.01324  分时小区平均 β -0.173  26.9s
11:53:46 INFO 第  35 轮  训练 0.01131  验证 pinball 0.01338  分时小区平均 β -0.171  27.0s
11:53:46 INFO 验证损失 15 轮未改善，提前停止
11:53:51 INFO 切换点一致性（all）：观测 β -1.180（0.393）  模型 β -0.504（0.215）
11:53:51 INFO 切换点一致性（novel）：观测 β -0.367（0.505）  模型 β -0.225（0.267）
11:54:08 INFO 测试期 MAE 0.0450  WAPE 0.230  CRPS 0.0261  PICP90 原始 0.835 / ACI 0.900；输出 D:\EV充电因果预测sci论文\05_实验结果\runs\abl_A1_free_s1
== abl_A1_free_s1  完成，用时 16.2 分钟
== abl_A2_none_s1  开始 11:54:09
11:54:11 INFO 运行 abl_A2_none_s1，设备 cuda，torch 2.11.0+cu128
11:54:13 INFO 数据：T=4344 N=275 训练/验证/测试起点 3001/409/841；{'train': ('2022-09-01', '2023-01-05'), 'val': ('2023-01-06', '2023-01-23'), 'test': ('2023-01-24', '2023-02-28')}
11:54:13 INFO 模型参数 199,326；锚定方式 none；锚定来源 fivemin_main
11:54:42 INFO 第   1 轮  训练 0.02275  验证 pinball 0.01803  分时小区平均 β -0.275  27.1s
11:55:09 INFO 第   2 轮  训练 0.01836  验证 pinball 0.01589  分时小区平均 β -0.251  26.4s
11:55:35 INFO 第   3 轮  训练 0.01694  验证 pinball 0.01493  分时小区平均 β -0.221  26.3s
11:56:01 INFO 第   4 轮  训练 0.01566  验证 pinball 0.01482  分时小区平均 β -0.195  26.3s
11:56:28 INFO 第   5 轮  训练 0.01481  验证 pinball 0.01439  分时小区平均 β -0.178  26.3s
11:56:54 INFO 第   6 轮  训练 0.01421  验证 pinball 0.01381  分时小区平均 β -0.174  26.4s
11:57:20 INFO 第   7 轮  训练 0.01401  验证 pinball 0.01397  分时小区平均 β -0.177  26.4s
11:57:47 INFO 第   8 轮  训练 0.01366  验证 pinball 0.01337  分时小区平均 β -0.184  26.3s
11:58:13 INFO 第   9 轮  训练 0.01339  验证 pinball 0.01326  分时小区平均 β -0.190  26.4s
11:58:40 INFO 第  10 轮  训练 0.01331  验证 pinball 0.01322  分时小区平均 β -0.195  26.4s
11:59:06 INFO 第  11 轮  训练 0.01314  验证 pinball 0.01316  分时小区平均 β -0.198  26.4s
11:59:32 INFO 第  12 轮  训练 0.01303  验证 pinball 0.01372  分时小区平均 β -0.201  26.4s
11:59:59 INFO 第  13 轮  训练 0.01285  验证 pinball 0.01327  分时小区平均 β -0.201  26.4s
12:00:25 INFO 第  14 轮  训练 0.01269  验证 pinball 0.01338  分时小区平均 β -0.201  26.5s
12:00:52 INFO 第  15 轮  训练 0.01260  验证 pinball 0.01284  分时小区平均 β -0.201  26.4s
12:01:18 INFO 第  16 轮  训练 0.01261  验证 pinball 0.01333  分时小区平均 β -0.201  26.4s
12:01:44 INFO 第  17 轮  训练 0.01239  验证 pinball 0.01294  分时小区平均 β -0.202  26.4s
12:02:11 INFO 第  18 轮  训练 0.01230  验证 pinball 0.01292  分时小区平均 β -0.202  26.3s
12:02:37 INFO 第  19 轮  训练 0.01221  验证 pinball 0.01311  分时小区平均 β -0.201  26.2s
12:03:03 INFO 第  20 轮  训练 0.01223  验证 pinball 0.01282  分时小区平均 β -0.201  26.4s
12:03:30 INFO 第  21 轮  训练 0.01207  验证 pinball 0.01320  分时小区平均 β -0.200  26.4s
12:03:56 INFO 第  22 轮  训练 0.01202  验证 pinball 0.01416  分时小区平均 β -0.200  26.3s
12:04:23 INFO 第  23 轮  训练 0.01197  验证 pinball 0.01305  分时小区平均 β -0.199  26.5s
12:04:49 INFO 第  24 轮  训练 0.01188  验证 pinball 0.01321  分时小区平均 β -0.199  26.5s
12:05:16 INFO 第  25 轮  训练 0.01186  验证 pinball 0.01298  分时小区平均 β -0.198  26.4s
12:05:42 INFO 第  26 轮  训练 0.01176  验证 pinball 0.01330  分时小区平均 β -0.196  26.4s
12:06:08 INFO 第  27 轮  训练 0.01168  验证 pinball 0.01308  分时小区平均 β -0.193  26.3s
12:06:35 INFO 第  28 轮  训练 0.01171  验证 pinball 0.01401  分时小区平均 β -0.191  26.3s
12:07:01 INFO 第  29 轮  训练 0.01165  验证 pinball 0.01316  分时小区平均 β -0.189  26.3s
12:07:27 INFO 第  30 轮  训练 0.01149  验证 pinball 0.01328  分时小区平均 β -0.185  26.5s
12:07:54 INFO 第  31 轮  训练 0.01151  验证 pinball 0.01317  分时小区平均 β -0.182  26.4s
12:08:20 INFO 第  32 轮  训练 0.01135  验证 pinball 0.01353  分时小区平均 β -0.179  26.5s
12:08:47 INFO 第  33 轮  训练 0.01132  验证 pinball 0.01348  分时小区平均 β -0.176  26.3s
12:09:13 INFO 第  34 轮  训练 0.01131  验证 pinball 0.01320  分时小区平均 β -0.173  26.3s
12:09:39 INFO 第  35 轮  训练 0.01127  验证 pinball 0.01340  分时小区平均 β -0.170  26.4s
12:09:39 INFO 验证损失 15 轮未改善，提前停止
12:09:44 INFO 切换点一致性（all）：观测 β -1.180（0.393）  模型 β -0.477（0.229）
12:09:44 INFO 切换点一致性（novel）：观测 β -0.367（0.505）  模型 β -0.192（0.263）
12:09:57 INFO 测试期 MAE 0.0449  WAPE 0.230  CRPS 0.0261  PICP90 原始 0.837 / ACI 0.900；输出 D:\EV充电因果预测sci论文\05_实验结果\runs\abl_A2_none_s1
== abl_A2_none_s1  完成，用时 15.8 分钟
== abl_A3_prior-0.45_s1  开始 12:09:58
12:10:00 INFO 运行 abl_A3_prior-0.45_s1，设备 cuda，torch 2.11.0+cu128
12:10:01 INFO 数据：T=4344 N=275 训练/验证/测试起点 3001/409/841；{'train': ('2022-09-01', '2023-01-05'), 'val': ('2023-01-06', '2023-01-23'), 'test': ('2023-01-24', '2023-02-28')}
12:10:02 INFO 模型参数 198,211；锚定方式 cut；锚定来源 fivemin_main|fixed_beta=-0.45
12:10:32 INFO 第   1 轮  训练 0.02275  验证 pinball 0.01805  分时小区平均 β -0.450  27.4s
12:10:59 INFO 第   2 轮  训练 0.01839  验证 pinball 0.01594  分时小区平均 β -0.450  26.8s
12:11:25 INFO 第   3 轮  训练 0.01700  验证 pinball 0.01496  分时小区平均 β -0.450  26.7s
12:11:52 INFO 第   4 轮  训练 0.01571  验证 pinball 0.01485  分时小区平均 β -0.450  26.8s
12:12:19 INFO 第   5 轮  训练 0.01486  验证 pinball 0.01444  分时小区平均 β -0.450  26.7s
12:12:46 INFO 第   6 轮  训练 0.01425  验证 pinball 0.01378  分时小区平均 β -0.450  26.8s
12:13:12 INFO 第   7 轮  训练 0.01404  验证 pinball 0.01400  分时小区平均 β -0.450  26.6s
12:13:39 INFO 第   8 轮  训练 0.01371  验证 pinball 0.01339  分时小区平均 β -0.450  26.7s
12:14:06 INFO 第   9 轮  训练 0.01343  验证 pinball 0.01326  分时小区平均 β -0.450  26.9s
12:14:33 INFO 第  10 轮  训练 0.01334  验证 pinball 0.01324  分时小区平均 β -0.450  26.8s
12:15:00 INFO 第  11 轮  训练 0.01318  验证 pinball 0.01317  分时小区平均 β -0.450  26.8s
12:15:26 INFO 第  12 轮  训练 0.01306  验证 pinball 0.01374  分时小区平均 β -0.450  26.8s
12:15:53 INFO 第  13 轮  训练 0.01289  验证 pinball 0.01327  分时小区平均 β -0.450  26.7s
12:16:20 INFO 第  14 轮  训练 0.01273  验证 pinball 0.01344  分时小区平均 β -0.450  26.6s
12:16:46 INFO 第  15 轮  训练 0.01264  验证 pinball 0.01290  分时小区平均 β -0.450  26.7s
12:17:13 INFO 第  16 轮  训练 0.01266  验证 pinball 0.01331  分时小区平均 β -0.450  26.7s
12:17:40 INFO 第  17 轮  训练 0.01243  验证 pinball 0.01300  分时小区平均 β -0.450  26.7s
12:18:07 INFO 第  18 轮  训练 0.01234  验证 pinball 0.01296  分时小区平均 β -0.450  26.8s
12:18:33 INFO 第  19 轮  训练 0.01226  验证 pinball 0.01313  分时小区平均 β -0.450  26.7s
12:19:00 INFO 第  20 轮  训练 0.01227  验证 pinball 0.01288  分时小区平均 β -0.450  26.8s
12:19:27 INFO 第  21 轮  训练 0.01210  验证 pinball 0.01330  分时小区平均 β -0.450  26.7s
12:19:54 INFO 第  22 轮  训练 0.01206  验证 pinball 0.01415  分时小区平均 β -0.450  26.9s
12:20:20 INFO 第  23 轮  训练 0.01201  验证 pinball 0.01312  分时小区平均 β -0.450  26.7s
12:20:47 INFO 第  24 轮  训练 0.01193  验证 pinball 0.01321  分时小区平均 β -0.450  26.7s
12:21:14 INFO 第  25 轮  训练 0.01191  验证 pinball 0.01301  分时小区平均 β -0.450  26.9s
12:21:41 INFO 第  26 轮  训练 0.01184  验证 pinball 0.01360  分时小区平均 β -0.450  26.6s
12:22:07 INFO 第  27 轮  训练 0.01172  验证 pinball 0.01316  分时小区平均 β -0.450  26.7s
12:22:34 INFO 第  28 轮  训练 0.01173  验证 pinball 0.01417  分时小区平均 β -0.450  26.9s
12:23:01 INFO 第  29 轮  训练 0.01171  验证 pinball 0.01319  分时小区平均 β -0.450  26.6s
12:23:28 INFO 第  30 轮  训练 0.01155  验证 pinball 0.01340  分时小区平均 β -0.450  26.6s
12:23:54 INFO 第  31 轮  训练 0.01155  验证 pinball 0.01328  分时小区平均 β -0.450  26.6s
12:24:21 INFO 第  32 轮  训练 0.01140  验证 pinball 0.01368  分时小区平均 β -0.450  26.7s
12:24:47 INFO 第  33 轮  训练 0.01137  验证 pinball 0.01357  分时小区平均 β -0.450  26.5s
12:25:14 INFO 第  34 轮  训练 0.01136  验证 pinball 0.01328  分时小区平均 β -0.450  26.6s
12:25:41 INFO 第  35 轮  训练 0.01132  验证 pinball 0.01345  分时小区平均 β -0.450  26.6s
12:25:41 INFO 验证损失 15 轮未改善，提前停止
12:25:46 INFO 切换点一致性（all）：观测 β -1.180（0.393）  模型 β -0.652（0.218）
12:25:46 INFO 切换点一致性（novel）：观测 β -0.367（0.505）  模型 β -0.339（0.276）
12:26:03 INFO 测试期 MAE 0.0452  WAPE 0.231  CRPS 0.0263  PICP90 原始 0.831 / ACI 0.900；输出 D:\EV充电因果预测sci论文\05_实验结果\runs\abl_A3_prior-0.45_s1
== abl_A3_prior-0.45_s1  完成，用时 16.1 分钟
== abl_A3_prior-0.76_s1  开始 12:26:05
12:26:07 INFO 运行 abl_A3_prior-0.76_s1，设备 cuda，torch 2.11.0+cu128
12:26:09 INFO 数据：T=4344 N=275 训练/验证/测试起点 3001/409/841；{'train': ('2022-09-01', '2023-01-05'), 'val': ('2023-01-06', '2023-01-23'), 'test': ('2023-01-24', '2023-02-28')}
12:26:09 INFO 模型参数 198,211；锚定方式 cut；锚定来源 fivemin_main|fixed_beta=-0.76
12:26:39 INFO 第   1 轮  训练 0.02273  验证 pinball 0.01806  分时小区平均 β -0.760  27.3s
12:27:06 INFO 第   2 轮  训练 0.01839  验证 pinball 0.01599  分时小区平均 β -0.760  26.7s
12:27:33 INFO 第   3 轮  训练 0.01702  验证 pinball 0.01499  分时小区平均 β -0.760  26.7s
12:28:00 INFO 第   4 轮  训练 0.01574  验证 pinball 0.01483  分时小区平均 β -0.760  26.9s
12:28:27 INFO 第   5 轮  训练 0.01489  验证 pinball 0.01443  分时小区平均 β -0.760  26.8s
12:28:53 INFO 第   6 轮  训练 0.01427  验证 pinball 0.01379  分时小区平均 β -0.760  26.8s
12:29:20 INFO 第   7 轮  训练 0.01406  验证 pinball 0.01399  分时小区平均 β -0.760  26.9s
12:29:47 INFO 第   8 轮  训练 0.01373  验证 pinball 0.01337  分时小区平均 β -0.760  26.7s
12:30:14 INFO 第   9 轮  训练 0.01345  验证 pinball 0.01329  分时小区平均 β -0.760  26.7s
12:30:40 INFO 第  10 轮  训练 0.01337  验证 pinball 0.01322  分时小区平均 β -0.760  26.9s
12:31:07 INFO 第  11 轮  训练 0.01321  验证 pinball 0.01318  分时小区平均 β -0.760  26.7s
12:31:34 INFO 第  12 轮  训练 0.01309  验证 pinball 0.01378  分时小区平均 β -0.760  26.7s
12:32:01 INFO 第  13 轮  训练 0.01292  验证 pinball 0.01337  分时小区平均 β -0.760  26.9s
12:32:27 INFO 第  14 轮  训练 0.01275  验证 pinball 0.01346  分时小区平均 β -0.760  26.7s
12:32:54 INFO 第  15 轮  训练 0.01266  验证 pinball 0.01293  分时小区平均 β -0.760  26.7s
12:33:21 INFO 第  16 轮  训练 0.01267  验证 pinball 0.01339  分时小区平均 β -0.760  26.6s
12:33:48 INFO 第  17 轮  训练 0.01244  验证 pinball 0.01304  分时小区平均 β -0.760  26.9s
12:34:14 INFO 第  18 轮  训练 0.01237  验证 pinball 0.01298  分时小区平均 β -0.760  26.8s
12:34:41 INFO 第  19 轮  训练 0.01228  验证 pinball 0.01314  分时小区平均 β -0.760  26.8s
12:35:08 INFO 第  20 轮  训练 0.01229  验证 pinball 0.01287  分时小区平均 β -0.760  26.9s
12:35:35 INFO 第  21 轮  训练 0.01211  验证 pinball 0.01343  分时小区平均 β -0.760  26.8s
12:36:02 INFO 第  22 轮  训练 0.01207  验证 pinball 0.01418  分时小区平均 β -0.760  26.8s
12:36:28 INFO 第  23 轮  训练 0.01204  验证 pinball 0.01313  分时小区平均 β -0.760  26.7s
12:36:55 INFO 第  24 轮  训练 0.01194  验证 pinball 0.01329  分时小区平均 β -0.760  26.6s
12:37:22 INFO 第  25 轮  训练 0.01191  验证 pinball 0.01311  分时小区平均 β -0.760  26.6s
12:37:49 INFO 第  26 轮  训练 0.01181  验证 pinball 0.01325  分时小区平均 β -0.760  26.9s
12:38:15 INFO 第  27 轮  训练 0.01174  验证 pinball 0.01310  分时小区平均 β -0.760  26.7s
12:38:42 INFO 第  28 轮  训练 0.01176  验证 pinball 0.01424  分时小区平均 β -0.760  26.8s
12:39:09 INFO 第  29 轮  训练 0.01177  验证 pinball 0.01325  分时小区平均 β -0.760  26.9s
12:39:36 INFO 第  30 轮  训练 0.01158  验证 pinball 0.01343  分时小区平均 β -0.760  26.8s
12:40:03 INFO 第  31 轮  训练 0.01160  验证 pinball 0.01331  分时小区平均 β -0.760  26.8s
12:40:29 INFO 第  32 轮  训练 0.01144  验证 pinball 0.01367  分时小区平均 β -0.760  26.7s
12:40:56 INFO 第  33 轮  训练 0.01141  验证 pinball 0.01351  分时小区平均 β -0.760  26.6s
12:41:23 INFO 第  34 轮  训练 0.01139  验证 pinball 0.01338  分时小区平均 β -0.760  26.7s
12:41:49 INFO 第  35 轮  训练 0.01135  验证 pinball 0.01371  分时小区平均 β -0.760  26.8s
12:41:49 INFO 验证损失 15 轮未改善，提前停止
12:41:54 INFO 切换点一致性（all）：观测 β -1.180（0.393）  模型 β -0.857（0.227）
12:41:55 INFO 切换点一致性（novel）：观测 β -0.367（0.505）  模型 β -0.541（0.292）
12:42:12 INFO 测试期 MAE 0.0449  WAPE 0.230  CRPS 0.0261  PICP90 原始 0.831 / ACI 0.900；输出 D:\EV充电因果预测sci论文\05_实验结果\runs\abl_A3_prior-0.76_s1
== abl_A3_prior-0.76_s1  完成，用时 16.1 分钟
== abl_A3_prior-1.48_s1  开始 12:42:13
12:42:16 INFO 运行 abl_A3_prior-1.48_s1，设备 cuda，torch 2.11.0+cu128
12:42:17 INFO 数据：T=4344 N=275 训练/验证/测试起点 3001/409/841；{'train': ('2022-09-01', '2023-01-05'), 'val': ('2023-01-06', '2023-01-23'), 'test': ('2023-01-24', '2023-02-28')}
12:42:17 INFO 模型参数 198,211；锚定方式 cut；锚定来源 fivemin_main|fixed_beta=-1.48
12:42:46 INFO 第   1 轮  训练 0.02277  验证 pinball 0.01808  分时小区平均 β -1.480  26.9s
12:43:12 INFO 第   2 轮  训练 0.01851  验证 pinball 0.01596  分时小区平均 β -1.480  26.3s
12:43:39 INFO 第   3 轮  训练 0.01716  验证 pinball 0.01511  分时小区平均 β -1.480  26.3s
12:44:05 INFO 第   4 轮  训练 0.01587  验证 pinball 0.01485  分时小区平均 β -1.480  26.3s
12:44:31 INFO 第   5 轮  训练 0.01500  验证 pinball 0.01459  分时小区平均 β -1.480  26.3s
12:44:58 INFO 第   6 轮  训练 0.01439  验证 pinball 0.01382  分时小区平均 β -1.480  26.3s
12:45:24 INFO 第   7 轮  训练 0.01417  验证 pinball 0.01402  分时小区平均 β -1.480  26.4s
12:45:50 INFO 第   8 轮  训练 0.01382  验证 pinball 0.01344  分时小区平均 β -1.480  26.3s
12:46:17 INFO 第   9 轮  训练 0.01355  验证 pinball 0.01343  分时小区平均 β -1.480  26.4s
12:46:43 INFO 第  10 轮  训练 0.01346  验证 pinball 0.01327  分时小区平均 β -1.480  26.4s
12:47:09 INFO 第  11 轮  训练 0.01330  验证 pinball 0.01324  分时小区平均 β -1.480  26.3s
12:47:36 INFO 第  12 轮  训练 0.01319  验证 pinball 0.01380  分时小区平均 β -1.480  26.3s
12:48:02 INFO 第  13 轮  训练 0.01302  验证 pinball 0.01357  分时小区平均 β -1.480  26.3s
12:48:28 INFO 第  14 轮  训练 0.01285  验证 pinball 0.01361  分时小区平均 β -1.480  26.2s
12:48:54 INFO 第  15 轮  训练 0.01278  验证 pinball 0.01311  分时小区平均 β -1.480  26.3s
12:49:21 INFO 第  16 轮  训练 0.01279  验证 pinball 0.01356  分时小区平均 β -1.480  26.3s
12:49:47 INFO 第  17 轮  训练 0.01258  验证 pinball 0.01321  分时小区平均 β -1.480  26.4s
12:50:13 INFO 第  18 轮  训练 0.01247  验证 pinball 0.01317  分时小区平均 β -1.480  26.3s
12:50:40 INFO 第  19 轮  训练 0.01241  验证 pinball 0.01341  分时小区平均 β -1.480  26.3s
12:51:06 INFO 第  20 轮  训练 0.01239  验证 pinball 0.01311  分时小区平均 β -1.480  26.3s
12:51:32 INFO 第  21 轮  训练 0.01223  验证 pinball 0.01367  分时小区平均 β -1.480  26.3s
12:51:59 INFO 第  22 轮  训练 0.01218  验证 pinball 0.01465  分时小区平均 β -1.480  26.3s
12:52:25 INFO 第  23 轮  训练 0.01215  验证 pinball 0.01347  分时小区平均 β -1.480  26.3s
12:52:51 INFO 第  24 轮  训练 0.01207  验证 pinball 0.01355  分时小区平均 β -1.480  26.3s
12:53:18 INFO 第  25 轮  训练 0.01203  验证 pinball 0.01338  分时小区平均 β -1.480  26.3s
12:53:44 INFO 第  26 轮  训练 0.01194  验证 pinball 0.01378  分时小区平均 β -1.480  26.3s
12:54:10 INFO 第  27 轮  训练 0.01189  验证 pinball 0.01338  分时小区平均 β -1.480  26.3s
12:54:36 INFO 第  28 轮  训练 0.01188  验证 pinball 0.01443  分时小区平均 β -1.480  26.3s
12:55:03 INFO 第  29 轮  训练 0.01184  验证 pinball 0.01358  分时小区平均 β -1.480  26.4s
12:55:29 INFO 第  30 轮  训练 0.01168  验证 pinball 0.01364  分时小区平均 β -1.480  26.3s
12:55:29 INFO 验证损失 15 轮未改善，提前停止
12:55:34 INFO 切换点一致性（all）：观测 β -1.180（0.393）  模型 β -1.206（0.214）
12:55:34 INFO 切换点一致性（novel）：观测 β -0.367（0.505）  模型 β -0.796（0.256）
12:55:46 INFO 测试期 MAE 0.0464  WAPE 0.238  CRPS 0.0270  PICP90 原始 0.832 / ACI 0.902；输出 D:\EV充电因果预测sci论文\05_实验结果\runs\abl_A3_prior-1.48_s1
== abl_A3_prior-1.48_s1  完成，用时 13.6 分钟
== abl_A5_noprice_s1  开始 12:55:47
12:55:50 INFO 运行 abl_A5_noprice_s1，设备 cuda，torch 2.11.0+cu128
12:55:51 INFO 数据：T=4344 N=275 训练/验证/测试起点 3001/409/841；{'train': ('2022-09-01', '2023-01-05'), 'val': ('2023-01-06', '2023-01-23'), 'test': ('2023-01-24', '2023-02-28')}
12:55:51 INFO 模型参数 198,211；锚定方式 cut；锚定来源 fivemin_main
12:56:22 INFO 第   1 轮  训练 0.02281  验证 pinball 0.01807  分时小区平均 β +nan  27.2s
12:56:49 INFO 第   2 轮  训练 0.01842  验证 pinball 0.01593  分时小区平均 β +nan  26.7s
12:57:15 INFO 第   3 轮  训练 0.01698  验证 pinball 0.01491  分时小区平均 β +nan  26.6s
12:57:42 INFO 第   4 轮  训练 0.01566  验证 pinball 0.01483  分时小区平均 β +nan  26.5s
12:58:08 INFO 第   5 轮  训练 0.01483  验证 pinball 0.01450  分时小区平均 β +nan  26.7s
12:58:35 INFO 第   6 轮  训练 0.01425  验证 pinball 0.01375  分时小区平均 β +nan  26.6s
12:59:02 INFO 第   7 轮  训练 0.01403  验证 pinball 0.01402  分时小区平均 β +nan  26.9s
12:59:29 INFO 第   8 轮  训练 0.01371  验证 pinball 0.01336  分时小区平均 β +nan  27.0s
12:59:56 INFO 第   9 轮  训练 0.01342  验证 pinball 0.01329  分时小区平均 β +nan  26.7s
13:00:22 INFO 第  10 轮  训练 0.01333  验证 pinball 0.01323  分时小区平均 β +nan  26.7s
13:00:49 INFO 第  11 轮  训练 0.01316  验证 pinball 0.01320  分时小区平均 β +nan  26.7s
13:01:16 INFO 第  12 轮  训练 0.01304  验证 pinball 0.01367  分时小区平均 β +nan  26.7s
13:01:43 INFO 第  13 轮  训练 0.01288  验证 pinball 0.01330  分时小区平均 β +nan  26.7s
13:02:09 INFO 第  14 轮  训练 0.01272  验证 pinball 0.01349  分时小区平均 β +nan  26.6s
13:02:36 INFO 第  15 轮  训练 0.01264  验证 pinball 0.01288  分时小区平均 β +nan  26.9s
13:03:03 INFO 第  16 轮  训练 0.01266  验证 pinball 0.01330  分时小区平均 β +nan  26.6s
13:03:29 INFO 第  17 轮  训练 0.01244  验证 pinball 0.01295  分时小区平均 β +nan  26.7s
13:03:56 INFO 第  18 轮  训练 0.01234  验证 pinball 0.01295  分时小区平均 β +nan  26.7s
13:04:23 INFO 第  19 轮  训练 0.01226  验证 pinball 0.01308  分时小区平均 β +nan  26.7s
13:04:49 INFO 第  20 轮  训练 0.01228  验证 pinball 0.01283  分时小区平均 β +nan  26.5s
13:05:16 INFO 第  21 轮  训练 0.01211  验证 pinball 0.01321  分时小区平均 β +nan  26.6s
13:05:43 INFO 第  22 轮  训练 0.01205  验证 pinball 0.01406  分时小区平均 β +nan  26.8s
13:06:09 INFO 第  23 轮  训练 0.01200  验证 pinball 0.01300  分时小区平均 β +nan  26.7s
13:06:36 INFO 第  24 轮  训练 0.01192  验证 pinball 0.01309  分时小区平均 β +nan  26.6s
13:07:03 INFO 第  25 轮  训练 0.01191  验证 pinball 0.01306  分时小区平均 β +nan  26.6s
13:07:29 INFO 第  26 轮  训练 0.01184  验证 pinball 0.01341  分时小区平均 β +nan  26.6s
13:07:56 INFO 第  27 轮  训练 0.01169  验证 pinball 0.01312  分时小区平均 β +nan  26.5s
13:08:22 INFO 第  28 轮  训练 0.01173  验证 pinball 0.01410  分时小区平均 β +nan  26.6s
13:08:49 INFO 第  29 轮  训练 0.01169  验证 pinball 0.01315  分时小区平均 β +nan  26.5s
13:09:15 INFO 第  30 轮  训练 0.01153  验证 pinball 0.01326  分时小区平均 β +nan  26.6s
13:09:42 INFO 第  31 轮  训练 0.01154  验证 pinball 0.01326  分时小区平均 β +nan  26.5s
13:10:09 INFO 第  32 轮  训练 0.01139  验证 pinball 0.01355  分时小区平均 β +nan  26.8s
13:10:36 INFO 第  33 轮  训练 0.01137  验证 pinball 0.01350  分时小区平均 β +nan  26.9s
13:11:02 INFO 第  34 轮  训练 0.01134  验证 pinball 0.01317  分时小区平均 β +nan  26.7s
13:11:29 INFO 第  35 轮  训练 0.01133  验证 pinball 0.01339  分时小区平均 β +nan  26.7s
13:11:29 INFO 验证损失 15 轮未改善，提前停止
13:11:34 INFO 切换点一致性（all）：观测 β -1.180（0.393）  模型 β -0.364（0.208）
13:11:34 INFO 切换点一致性（novel）：观测 β -0.367（0.505）  模型 β -0.071（0.258）
13:11:54 INFO 测试期 MAE 0.0449  WAPE 0.230  CRPS 0.0261  PICP90 原始 0.830 / ACI 0.900；输出 D:\EV充电因果预测sci论文\05_实验结果\runs\abl_A5_noprice_s1
== abl_A5_noprice_s1  完成，用时 16.1 分钟
== abl_A6_priceinput_s1  开始 13:11:55
13:11:57 INFO 运行 abl_A6_priceinput_s1，设备 cuda，torch 2.11.0+cu128
13:11:58 INFO 数据：T=4344 N=275 训练/验证/测试起点 3001/409/841；{'train': ('2022-09-01', '2023-01-05'), 'val': ('2023-01-06', '2023-01-23'), 'test': ('2023-01-24', '2023-02-28')}
13:11:59 INFO 模型参数 198,627；锚定方式 cut；锚定来源 fivemin_main
13:12:29 INFO 第   1 轮  训练 0.02265  验证 pinball 0.01744  分时小区平均 β +nan  27.6s
13:12:56 INFO 第   2 轮  训练 0.01848  验证 pinball 0.01594  分时小区平均 β +nan  26.8s
13:13:23 INFO 第   3 轮  训练 0.01693  验证 pinball 0.01511  分时小区平均 β +nan  26.9s
13:13:50 INFO 第   4 轮  训练 0.01590  验证 pinball 0.01449  分时小区平均 β +nan  26.9s
13:14:17 INFO 第   5 轮  训练 0.01507  验证 pinball 0.01479  分时小区平均 β +nan  27.0s
13:14:44 INFO 第   6 轮  训练 0.01451  验证 pinball 0.01384  分时小区平均 β +nan  26.9s
13:15:11 INFO 第   7 轮  训练 0.01423  验证 pinball 0.01435  分时小区平均 β +nan  27.0s
13:15:38 INFO 第   8 轮  训练 0.01389  验证 pinball 0.01373  分时小区平均 β +nan  27.0s
13:16:04 INFO 第   9 轮  训练 0.01354  验证 pinball 0.01337  分时小区平均 β +nan  26.8s
13:16:31 INFO 第  10 轮  训练 0.01344  验证 pinball 0.01350  分时小区平均 β +nan  26.9s
13:16:58 INFO 第  11 轮  训练 0.01322  验证 pinball 0.01329  分时小区平均 β +nan  26.9s
13:17:25 INFO 第  12 轮  训练 0.01308  验证 pinball 0.01425  分时小区平均 β +nan  27.2s
13:17:53 INFO 第  13 轮  训练 0.01292  验证 pinball 0.01397  分时小区平均 β +nan  27.0s
13:18:19 INFO 第  14 轮  训练 0.01273  验证 pinball 0.01365  分时小区平均 β +nan  26.9s
13:18:46 INFO 第  15 轮  训练 0.01266  验证 pinball 0.01310  分时小区平均 β +nan  27.0s
13:19:13 INFO 第  16 轮  训练 0.01260  验证 pinball 0.01360  分时小区平均 β +nan  27.0s
13:19:40 INFO 第  17 轮  训练 0.01241  验证 pinball 0.01307  分时小区平均 β +nan  26.9s
13:20:07 INFO 第  18 轮  训练 0.01231  验证 pinball 0.01327  分时小区平均 β +nan  26.9s
13:20:34 INFO 第  19 轮  训练 0.01225  验证 pinball 0.01339  分时小区平均 β +nan  26.8s
13:21:01 INFO 第  20 轮  训练 0.01227  验证 pinball 0.01303  分时小区平均 β +nan  27.1s
13:21:28 INFO 第  21 轮  训练 0.01207  验证 pinball 0.01371  分时小区平均 β +nan  27.0s
13:21:55 INFO 第  22 轮  训练 0.01211  验证 pinball 0.01370  分时小区平均 β +nan  27.0s
13:22:22 INFO 第  23 轮  训练 0.01195  验证 pinball 0.01324  分时小区平均 β +nan  26.8s
13:22:49 INFO 第  24 轮  训练 0.01189  验证 pinball 0.01347  分时小区平均 β +nan  27.0s
13:23:16 INFO 第  25 轮  训练 0.01190  验证 pinball 0.01296  分时小区平均 β +nan  26.9s
13:23:43 INFO 第  26 轮  训练 0.01185  验证 pinball 0.01374  分时小区平均 β +nan  26.9s
13:24:10 INFO 第  27 轮  训练 0.01173  验证 pinball 0.01347  分时小区平均 β +nan  26.9s
13:24:37 INFO 第  28 轮  训练 0.01177  验证 pinball 0.01436  分时小区平均 β +nan  26.8s
13:25:04 INFO 第  29 轮  训练 0.01172  验证 pinball 0.01354  分时小区平均 β +nan  27.0s
13:25:30 INFO 第  30 轮  训练 0.01156  验证 pinball 0.01338  分时小区平均 β +nan  26.9s
13:25:57 INFO 第  31 轮  训练 0.01160  验证 pinball 0.01387  分时小区平均 β +nan  26.8s
13:26:24 INFO 第  32 轮  训练 0.01147  验证 pinball 0.01380  分时小区平均 β +nan  27.0s
13:26:51 INFO 第  33 轮  训练 0.01143  验证 pinball 0.01366  分时小区平均 β +nan  26.8s
13:27:18 INFO 第  34 轮  训练 0.01140  验证 pinball 0.01364  分时小区平均 β +nan  26.8s
13:27:45 INFO 第  35 轮  训练 0.01139  验证 pinball 0.01386  分时小区平均 β +nan  27.0s
13:28:12 INFO 第  36 轮  训练 0.01138  验证 pinball 0.01429  分时小区平均 β +nan  26.8s
13:28:39 INFO 第  37 轮  训练 0.01124  验证 pinball 0.01417  分时小区平均 β +nan  27.0s
13:29:06 INFO 第  38 轮  训练 0.01123  验证 pinball 0.01364  分时小区平均 β +nan  26.9s
13:29:32 INFO 第  39 轮  训练 0.01123  验证 pinball 0.01395  分时小区平均 β +nan  26.9s
13:29:59 INFO 第  40 轮  训练 0.01120  验证 pinball 0.01418  分时小区平均 β +nan  27.0s
13:29:59 INFO 验证损失 15 轮未改善，提前停止
13:30:04 INFO 切换点一致性（all）：观测 β -1.180（0.393）  模型 β -0.543（0.227）
13:30:04 INFO 切换点一致性（novel）：观测 β -0.367（0.505）  模型 β -0.256（0.281）
13:30:24 INFO 测试期 MAE 0.0440  WAPE 0.225  CRPS 0.0257  PICP90 原始 0.822 / ACI 0.901；输出 D:\EV充电因果预测sci论文\05_实验结果\runs\abl_A6_priceinput_s1
== abl_A6_priceinput_s1  完成，用时 18.5 分钟
== abl_A10_staeformer_s1  开始 13:30:25
13:30:28 INFO 运行 abl_A10_staeformer_s1，设备 cuda，torch 2.11.0+cu128
13:30:29 INFO 数据：T=4344 N=275 训练/验证/测试起点 3001/409/841；{'train': ('2022-09-01', '2023-01-05'), 'val': ('2023-01-06', '2023-01-23'), 'test': ('2023-01-24', '2023-02-28')}
13:30:30 INFO 模型参数 1,686,391；锚定方式 cut；锚定来源 fivemin_main
Traceback (most recent call last):
  File "D:\EV充电因果预测sci论文\03_代码\scripts\train.py", line 211, in <module>
    main()
  File "D:\EV充电因果预测sci论文\03_代码\scripts\train.py", line 123, in main
    out = model(tb)
          ^^^^^^^^^
  File "D:\Program Files\Conda\envs\cpa\Lib\site-packages\torch\nn\modules\module.py", line 1779, in _wrapped_call_impl
    return self._call_impl(*args, **kwargs)
           ^^^^^^^^^^^^^^^^^^^^^^^^^^^^^^^^
  File "D:\Program Files\Conda\envs\cpa\Lib\site-packages\torch\nn\modules\module.py", line 1790, in _call_impl
    return forward_call(*args, **kwargs)
           ^^^^^^^^^^^^^^^^^^^^^^^^^^^^^
  File "D:\EV充电因果预测sci论文\03_代码\src\models\cpastgnn.py", line 93, in forward
    z = self.backbone(x, batch["cov_hist"], tod=batch.get("tod_hist"), dow=batch.get("dow_hist"))
        ^^^^^^^^^^^^^^^^^^^^^^^^^^^^^^^^^^^^^^^^^^^^^^^^^^^^^^^^^^^^^^^^^^^^^^^^^^^^^^^^^^^^^^^^^
  File "D:\Program Files\Conda\envs\cpa\Lib\site-packages\torch\nn\modules\module.py", line 1779, in _wrapped_call_impl
    return self._call_impl(*args, **kwargs)
           ^^^^^^^^^^^^^^^^^^^^^^^^^^^^^^^^
  File "D:\Program Files\Conda\envs\cpa\Lib\site-packages\torch\nn\modules\module.py", line 1790, in _call_impl
    return forward_call(*args, **kwargs)
           ^^^^^^^^^^^^^^^^^^^^^^^^^^^^^
  File "D:\EV充电因果预测sci论文\03_代码\src\models\backbones\staeformer.py", line 59, in forward
    s = blk(s)
        ^^^^^^
  File "D:\Program Files\Conda\envs\cpa\Lib\site-packages\torch\nn\modules\module.py", line 1779, in _wrapped_call_impl
    return self._call_impl(*args, **kwargs)
           ^^^^^^^^^^^^^^^^^^^^^^^^^^^^^^^^
  File "D:\Program Files\Conda\envs\cpa\Lib\site-packages\torch\nn\modules\module.py", line 1790, in _call_impl
    return forward_call(*args, **kwargs)
           ^^^^^^^^^^^^^^^^^^^^^^^^^^^^^
  File "D:\EV充电因果预测sci论文\03_代码\src\models\backbones\staeformer.py", line 22, in forward
    a, _ = self.attn(x, x, x, need_weights=False)
           ^^^^^^^^^^^^^^^^^^^^^^^^^^^^^^^^^^^^^^
  File "D:\Program Files\Conda\envs\cpa\Lib\site-packages\torch\nn\modules\module.py", line 1779, in _wrapped_call_impl
    return self._call_impl(*args, **kwargs)
           ^^^^^^^^^^^^^^^^^^^^^^^^^^^^^^^^
  File "D:\Program Files\Conda\envs\cpa\Lib\site-packages\torch\nn\modules\module.py", line 1790, in _call_impl
    return forward_call(*args, **kwargs)
           ^^^^^^^^^^^^^^^^^^^^^^^^^^^^^
  File "D:\Program Files\Conda\envs\cpa\Lib\site-packages\torch\nn\modules\activation.py", line 1492, in forward
    attn_output, attn_output_weights = F.multi_head_attention_forward(
                                       ^^^^^^^^^^^^^^^^^^^^^^^^^^^^^^^
  File "D:\Program Files\Conda\envs\cpa\Lib\site-packages\torch\nn\functional.py", line 6682, in multi_head_attention_forward
    attn_output = scaled_dot_product_attention(
                  ^^^^^^^^^^^^^^^^^^^^^^^^^^^^^
torch.OutOfMemoryError: CUDA out of memory. Tried to allocate 888.00 MiB. GPU 0 has a total capacity of 8.00 GiB of which 0 bytes is free. Of the allocated memory 13.68 GiB is allocated by PyTorch, and 544.93 MiB is reserved by PyTorch but unallocated. If reserved but unallocated memory is large try setting PYTORCH_CUDA_ALLOC_CONF=expandable_segments:True to avoid fragmentation.  See documentation for Memory Management  (https://docs.pytorch.org/docs/stable/notes/cuda.html#optimizing-memory-usage-with-pytorch-cuda-alloc-conf)
== abl_A10_staeformer_s1  失败（没有 summary.json），用时 3.9 分钟
== abl_A11_predefined_s1  开始 13:34:16
13:34:19 INFO 运行 abl_A11_predefined_s1，设备 cuda，torch 2.11.0+cu128
13:34:21 INFO 数据：T=4344 N=275 训练/验证/测试起点 3001/409/841；{'train': ('2022-09-01', '2023-01-05'), 'val': ('2023-01-06', '2023-01-23'), 'test': ('2023-01-24', '2023-02-28')}
13:34:21 INFO 模型参数 176,327；锚定方式 cut；锚定来源 fivemin_main
13:34:49 INFO 第   1 轮  训练 0.02287  验证 pinball 0.01744  分时小区平均 β -0.213  24.4s
13:35:12 INFO 第   2 轮  训练 0.01841  验证 pinball 0.01602  分时小区平均 β -0.213  23.0s
13:35:35 INFO 第   3 轮  训练 0.01726  验证 pinball 0.01508  分时小区平均 β -0.213  23.0s
13:35:58 INFO 第   4 轮  训练 0.01631  验证 pinball 0.01466  分时小区平均 β -0.213  22.9s
13:36:21 INFO 第   5 轮  训练 0.01540  验证 pinball 0.01437  分时小区平均 β -0.213  23.1s
13:36:44 INFO 第   6 轮  训练 0.01471  验证 pinball 0.01419  分时小区平均 β -0.213  23.1s
13:37:07 INFO 第   7 轮  训练 0.01450  验证 pinball 0.01401  分时小区平均 β -0.213  23.0s
13:37:30 INFO 第   8 轮  训练 0.01403  验证 pinball 0.01345  分时小区平均 β -0.213  23.0s
13:37:53 INFO 第   9 轮  训练 0.01365  验证 pinball 0.01329  分时小区平均 β -0.213  23.0s
13:38:16 INFO 第  10 轮  训练 0.01351  验证 pinball 0.01321  分时小区平均 β -0.213  23.0s
13:38:39 INFO 第  11 轮  训练 0.01335  验证 pinball 0.01409  分时小区平均 β -0.213  23.0s
13:39:02 INFO 第  12 轮  训练 0.01318  验证 pinball 0.01396  分时小区平均 β -0.213  23.1s
13:39:25 INFO 第  13 轮  训练 0.01299  验证 pinball 0.01365  分时小区平均 β -0.213  22.9s
13:39:48 INFO 第  14 轮  训练 0.01284  验证 pinball 0.01367  分时小区平均 β -0.213  23.1s
13:40:11 INFO 第  15 轮  训练 0.01275  验证 pinball 0.01316  分时小区平均 β -0.213  23.1s
13:40:34 INFO 第  16 轮  训练 0.01278  验证 pinball 0.01368  分时小区平均 β -0.213  23.1s
13:40:57 INFO 第  17 轮  训练 0.01257  验证 pinball 0.01308  分时小区平均 β -0.213  23.0s
13:41:20 INFO 第  18 轮  训练 0.01247  验证 pinball 0.01330  分时小区平均 β -0.213  23.0s
13:41:43 INFO 第  19 轮  训练 0.01244  验证 pinball 0.01324  分时小区平均 β -0.213  23.0s
13:42:06 INFO 第  20 轮  训练 0.01242  验证 pinball 0.01302  分时小区平均 β -0.213  23.0s
13:42:29 INFO 第  21 轮  训练 0.01226  验证 pinball 0.01325  分时小区平均 β -0.213  22.9s
13:42:52 INFO 第  22 轮  训练 0.01223  验证 pinball 0.01426  分时小区平均 β -0.213  22.8s
13:43:15 INFO 第  23 轮  训练 0.01215  验证 pinball 0.01314  分时小区平均 β -0.213  23.0s
13:43:38 INFO 第  24 轮  训练 0.01209  验证 pinball 0.01310  分时小区平均 β -0.213  22.9s
13:44:01 INFO 第  25 轮  训练 0.01208  验证 pinball 0.01321  分时小区平均 β -0.213  23.0s
13:44:24 INFO 第  26 轮  训练 0.01204  验证 pinball 0.01373  分时小区平均 β -0.213  23.0s
13:44:47 INFO 第  27 轮  训练 0.01188  验证 pinball 0.01333  分时小区平均 β -0.213  23.0s
13:45:10 INFO 第  28 轮  训练 0.01194  验证 pinball 0.01426  分时小区平均 β -0.213  22.9s
13:45:33 INFO 第  29 轮  训练 0.01187  验证 pinball 0.01337  分时小区平均 β -0.213  23.1s
13:45:56 INFO 第  30 轮  训练 0.01172  验证 pinball 0.01347  分时小区平均 β -0.213  22.9s
13:46:19 INFO 第  31 轮  训练 0.01175  验证 pinball 0.01349  分时小区平均 β -0.213  23.0s
13:46:42 INFO 第  32 轮  训练 0.01163  验证 pinball 0.01378  分时小区平均 β -0.213  23.2s
13:47:05 INFO 第  33 轮  训练 0.01159  验证 pinball 0.01344  分时小区平均 β -0.213  23.0s
13:47:28 INFO 第  34 轮  训练 0.01158  验证 pinball 0.01362  分时小区平均 β -0.213  23.2s
13:47:51 INFO 第  35 轮  训练 0.01158  验证 pinball 0.01328  分时小区平均 β -0.213  23.0s
13:47:51 INFO 验证损失 15 轮未改善，提前停止
13:47:56 INFO 切换点一致性（all）：观测 β -1.180（0.393）  模型 β -0.657（0.199）
13:47:56 INFO 切换点一致性（novel）：观测 β -0.367（0.505）  模型 β -0.407（0.229）
13:48:12 INFO 测试期 MAE 0.0451  WAPE 0.231  CRPS 0.0263  PICP90 原始 0.829 / ACI 0.901；输出 D:\EV充电因果预测sci论文\05_实验结果\runs\abl_A11_predefined_s1
== abl_A11_predefined_s1  完成，用时 13.9 分钟
== abl_A11_adaptive_s1  开始 13:48:13
13:48:15 INFO 运行 abl_A11_adaptive_s1，设备 cuda，torch 2.11.0+cu128
13:48:16 INFO 数据：T=4344 N=275 训练/验证/测试起点 3001/409/841；{'train': ('2022-09-01', '2023-01-05'), 'val': ('2023-01-06', '2023-01-23'), 'test': ('2023-01-24', '2023-02-28')}
13:48:16 INFO 模型参数 149,059；锚定方式 cut；锚定来源 fivemin_main
13:48:37 INFO 第   1 轮  训练 0.02281  验证 pinball 0.01736  分时小区平均 β -0.213  18.2s
13:48:55 INFO 第   2 轮  训练 0.01851  验证 pinball 0.01622  分时小区平均 β -0.213  17.6s
13:49:12 INFO 第   3 轮  训练 0.01733  验证 pinball 0.01524  分时小区平均 β -0.213  17.6s
13:49:30 INFO 第   4 轮  训练 0.01623  验证 pinball 0.01514  分时小区平均 β -0.213  17.4s
13:49:47 INFO 第   5 轮  训练 0.01533  验证 pinball 0.01471  分时小区平均 β -0.213  17.6s
13:50:05 INFO 第   6 轮  训练 0.01470  验证 pinball 0.01398  分时小区平均 β -0.213  17.6s
13:50:22 INFO 第   7 轮  训练 0.01445  验证 pinball 0.01409  分时小区平均 β -0.213  17.5s
13:50:40 INFO 第   8 轮  训练 0.01419  验证 pinball 0.01381  分时小区平均 β -0.213  17.4s
13:50:57 INFO 第   9 轮  训练 0.01391  验证 pinball 0.01352  分时小区平均 β -0.213  17.5s
13:51:15 INFO 第  10 轮  训练 0.01375  验证 pinball 0.01366  分时小区平均 β -0.213  17.6s
13:51:33 INFO 第  11 轮  训练 0.01355  验证 pinball 0.01366  分时小区平均 β -0.213  17.5s
13:51:50 INFO 第  12 轮  训练 0.01342  验证 pinball 0.01362  分时小区平均 β -0.213  17.6s
13:52:08 INFO 第  13 轮  训练 0.01326  验证 pinball 0.01321  分时小区平均 β -0.213  17.6s
13:52:25 INFO 第  14 轮  训练 0.01312  验证 pinball 0.01318  分时小区平均 β -0.213  17.5s
13:52:43 INFO 第  15 轮  训练 0.01298  验证 pinball 0.01288  分时小区平均 β -0.213  17.4s
13:53:00 INFO 第  16 轮  训练 0.01300  验证 pinball 0.01318  分时小区平均 β -0.213  17.1s
13:53:16 INFO 第  17 轮  训练 0.01280  验证 pinball 0.01299  分时小区平均 β -0.213  16.2s
13:53:32 INFO 第  18 轮  训练 0.01270  验证 pinball 0.01302  分时小区平均 β -0.213  16.2s
13:53:48 INFO 第  19 轮  训练 0.01259  验证 pinball 0.01309  分时小区平均 β -0.213  16.2s
13:54:05 INFO 第  20 轮  训练 0.01262  验证 pinball 0.01273  分时小区平均 β -0.213  16.2s
13:54:21 INFO 第  21 轮  训练 0.01245  验证 pinball 0.01303  分时小区平均 β -0.213  16.2s
13:54:37 INFO 第  22 轮  训练 0.01238  验证 pinball 0.01401  分时小区平均 β -0.213  16.2s
13:54:53 INFO 第  23 轮  训练 0.01234  验证 pinball 0.01296  分时小区平均 β -0.213  16.2s
13:55:09 INFO 第  24 轮  训练 0.01224  验证 pinball 0.01322  分时小区平均 β -0.213  16.2s
13:55:25 INFO 第  25 轮  训练 0.01220  验证 pinball 0.01282  分时小区平均 β -0.213  16.2s
13:55:42 INFO 第  26 轮  训练 0.01211  验证 pinball 0.01288  分时小区平均 β -0.213  16.2s
13:55:58 INFO 第  27 轮  训练 0.01204  验证 pinball 0.01282  分时小区平均 β -0.213  16.2s
13:56:14 INFO 第  28 轮  训练 0.01199  验证 pinball 0.01306  分时小区平均 β -0.213  16.2s
13:56:30 INFO 第  29 轮  训练 0.01198  验证 pinball 0.01316  分时小区平均 β -0.213  16.3s
13:56:46 INFO 第  30 轮  训练 0.01196  验证 pinball 0.01288  分时小区平均 β -0.213  16.2s
13:57:03 INFO 第  31 轮  训练 0.01195  验证 pinball 0.01350  分时小区平均 β -0.213  16.2s
13:57:19 INFO 第  32 轮  训练 0.01181  验证 pinball 0.01322  分时小区平均 β -0.213  16.2s
13:57:35 INFO 第  33 轮  训练 0.01176  验证 pinball 0.01329  分时小区平均 β -0.213  16.1s
13:57:51 INFO 第  34 轮  训练 0.01173  验证 pinball 0.01304  分时小区平均 β -0.213  16.1s
13:58:08 INFO 第  35 轮  训练 0.01168  验证 pinball 0.01348  分时小区平均 β -0.213  17.3s
13:58:08 INFO 验证损失 15 轮未改善，提前停止
13:58:12 INFO 切换点一致性（all）：观测 β -1.180（0.393）  模型 β -0.494（0.221）
13:58:12 INFO 切换点一致性（novel）：观测 β -0.367（0.505）  模型 β -0.211（0.255）
13:58:24 INFO 测试期 MAE 0.0435  WAPE 0.223  CRPS 0.0252  PICP90 原始 0.858 / ACI 0.900；输出 D:\EV充电因果预测sci论文\05_实验结果\runs\abl_A11_adaptive_s1
== abl_A11_adaptive_s1  完成，用时 10.2 分钟
== abl_A13_soft0.01_s1  开始 13:58:25
13:58:28 INFO 运行 abl_A13_soft0.01_s1，设备 cuda，torch 2.11.0+cu128
13:58:29 INFO 数据：T=4344 N=275 训练/验证/测试起点 3001/409/841；{'train': ('2022-09-01', '2023-01-05'), 'val': ('2023-01-06', '2023-01-23'), 'test': ('2023-01-24', '2023-02-28')}
13:58:29 INFO 模型参数 199,326；锚定方式 soft；锚定来源 fivemin_main
13:59:01 INFO 第   1 轮  训练 0.02278  验证 pinball 0.01807  分时小区平均 β -0.213  28.3s
13:59:28 INFO 第   2 轮  训练 0.01839  验证 pinball 0.01601  分时小区平均 β -0.213  27.7s
13:59:56 INFO 第   3 轮  训练 0.01698  验证 pinball 0.01493  分时小区平均 β -0.213  27.6s
14:00:24 INFO 第   4 轮  训练 0.01568  验证 pinball 0.01484  分时小区平均 β -0.213  27.6s
14:00:51 INFO 第   5 轮  训练 0.01484  验证 pinball 0.01440  分时小区平均 β -0.213  27.3s
14:01:18 INFO 第   6 轮  训练 0.01425  验证 pinball 0.01382  分时小区平均 β -0.213  27.7s
14:01:46 INFO 第   7 轮  训练 0.01404  验证 pinball 0.01402  分时小区平均 β -0.213  27.6s
14:02:14 INFO 第   8 轮  训练 0.01371  验证 pinball 0.01338  分时小区平均 β -0.213  27.7s
14:02:41 INFO 第   9 轮  训练 0.01342  验证 pinball 0.01328  分时小区平均 β -0.213  27.5s
14:03:09 INFO 第  10 轮  训练 0.01334  验证 pinball 0.01322  分时小区平均 β -0.213  27.5s
14:03:36 INFO 第  11 轮  训练 0.01318  验证 pinball 0.01322  分时小区平均 β -0.213  27.6s
14:04:04 INFO 第  12 轮  训练 0.01305  验证 pinball 0.01370  分时小区平均 β -0.213  27.4s
14:04:31 INFO 第  13 轮  训练 0.01288  验证 pinball 0.01327  分时小区平均 β -0.213  27.5s
14:04:59 INFO 第  14 轮  训练 0.01272  验证 pinball 0.01340  分时小区平均 β -0.213  27.5s
14:05:26 INFO 第  15 轮  训练 0.01263  验证 pinball 0.01287  分时小区平均 β -0.213  27.4s
14:05:54 INFO 第  16 轮  训练 0.01265  验证 pinball 0.01335  分时小区平均 β -0.213  27.6s
14:06:22 INFO 第  17 轮  训练 0.01243  验证 pinball 0.01297  分时小区平均 β -0.213  27.6s
14:06:49 INFO 第  18 轮  训练 0.01234  验证 pinball 0.01293  分时小区平均 β -0.213  27.3s
14:07:16 INFO 第  19 轮  训练 0.01225  验证 pinball 0.01308  分时小区平均 β -0.213  27.4s
14:07:44 INFO 第  20 轮  训练 0.01226  验证 pinball 0.01284  分时小区平均 β -0.213  27.5s
14:08:11 INFO 第  21 轮  训练 0.01210  验证 pinball 0.01317  分时小区平均 β -0.213  27.3s
14:08:38 INFO 第  22 轮  训练 0.01204  验证 pinball 0.01418  分时小区平均 β -0.213  27.4s
14:09:06 INFO 第  23 轮  训练 0.01200  验证 pinball 0.01308  分时小区平均 β -0.213  27.3s
14:09:33 INFO 第  24 轮  训练 0.01191  验证 pinball 0.01321  分时小区平均 β -0.213  27.4s
14:10:01 INFO 第  25 轮  训练 0.01188  验证 pinball 0.01300  分时小区平均 β -0.213  27.5s
14:10:28 INFO 第  26 轮  训练 0.01178  验证 pinball 0.01326  分时小区平均 β -0.213  27.5s
14:10:56 INFO 第  27 轮  训练 0.01172  验证 pinball 0.01309  分时小区平均 β -0.213  27.3s
14:11:23 INFO 第  28 轮  训练 0.01173  验证 pinball 0.01407  分时小区平均 β -0.213  27.5s
14:11:51 INFO 第  29 轮  训练 0.01169  验证 pinball 0.01316  分时小区平均 β -0.213  27.5s
14:12:18 INFO 第  30 轮  训练 0.01153  验证 pinball 0.01332  分时小区平均 β -0.213  27.6s
14:12:46 INFO 第  31 轮  训练 0.01155  验证 pinball 0.01322  分时小区平均 β -0.213  27.5s
14:13:14 INFO 第  32 轮  训练 0.01139  验证 pinball 0.01359  分时小区平均 β -0.213  27.9s
14:13:41 INFO 第  33 轮  训练 0.01135  验证 pinball 0.01347  分时小区平均 β -0.213  27.6s
14:14:09 INFO 第  34 轮  训练 0.01134  验证 pinball 0.01328  分时小区平均 β -0.213  27.5s
14:14:36 INFO 第  35 轮  训练 0.01131  验证 pinball 0.01345  分时小区平均 β -0.213  27.7s
14:14:36 INFO 验证损失 15 轮未改善，提前停止
14:14:42 INFO 切换点一致性（all）：观测 β -1.180（0.393）  模型 β -0.505（0.212）
14:14:42 INFO 切换点一致性（novel）：观测 β -0.367（0.505）  模型 β -0.217（0.271）
14:14:58 INFO 测试期 MAE 0.0450  WAPE 0.230  CRPS 0.0261  PICP90 原始 0.835 / ACI 0.900；输出 D:\EV充电因果预测sci论文\05_实验结果\runs\abl_A13_soft0.01_s1
== abl_A13_soft0.01_s1  完成，用时 16.6 分钟
== abl_A13_soft0.1_s1  开始 14:15:00
14:15:03 INFO 运行 abl_A13_soft0.1_s1，设备 cuda，torch 2.11.0+cu128
14:15:04 INFO 数据：T=4344 N=275 训练/验证/测试起点 3001/409/841；{'train': ('2022-09-01', '2023-01-05'), 'val': ('2023-01-06', '2023-01-23'), 'test': ('2023-01-24', '2023-02-28')}
14:15:04 INFO 模型参数 199,326；锚定方式 soft；锚定来源 fivemin_main
14:15:36 INFO 第   1 轮  训练 0.02278  验证 pinball 0.01806  分时小区平均 β -0.213  28.1s
14:16:04 INFO 第   2 轮  训练 0.01840  验证 pinball 0.01601  分时小区平均 β -0.213  27.6s
14:16:32 INFO 第   3 轮  训练 0.01699  验证 pinball 0.01493  分时小区平均 β -0.213  27.5s
14:16:59 INFO 第   4 轮  训练 0.01569  验证 pinball 0.01484  分时小区平均 β -0.213  27.4s
14:17:27 INFO 第   5 轮  训练 0.01484  验证 pinball 0.01441  分时小区平均 β -0.213  27.6s
14:17:54 INFO 第   6 轮  训练 0.01424  验证 pinball 0.01379  分时小区平均 β -0.213  27.6s
14:18:22 INFO 第   7 轮  训练 0.01403  验证 pinball 0.01399  分时小区平均 β -0.213  27.5s
14:18:49 INFO 第   8 轮  训练 0.01371  验证 pinball 0.01338  分时小区平均 β -0.213  27.7s
14:19:17 INFO 第   9 轮  训练 0.01342  验证 pinball 0.01328  分时小区平均 β -0.213  27.6s
14:19:45 INFO 第  10 轮  训练 0.01334  验证 pinball 0.01322  分时小区平均 β -0.213  27.6s
14:20:12 INFO 第  11 轮  训练 0.01317  验证 pinball 0.01321  分时小区平均 β -0.213  27.6s
14:20:40 INFO 第  12 轮  训练 0.01305  验证 pinball 0.01371  分时小区平均 β -0.213  27.6s
14:21:08 INFO 第  13 轮  训练 0.01288  验证 pinball 0.01327  分时小区平均 β -0.213  27.6s
14:21:35 INFO 第  14 轮  训练 0.01272  验证 pinball 0.01345  分时小区平均 β -0.213  27.6s
14:22:03 INFO 第  15 轮  训练 0.01264  验证 pinball 0.01288  分时小区平均 β -0.213  27.7s
14:22:30 INFO 第  16 轮  训练 0.01266  验证 pinball 0.01332  分时小区平均 β -0.213  26.9s
14:22:55 INFO 第  17 轮  训练 0.01244  验证 pinball 0.01294  分时小区平均 β -0.213  25.1s
14:23:20 INFO 第  18 轮  训练 0.01235  验证 pinball 0.01293  分时小区平均 β -0.213  25.3s
14:23:45 INFO 第  19 轮  训练 0.01226  验证 pinball 0.01309  分时小区平均 β -0.213  24.8s
14:24:10 INFO 第  20 轮  训练 0.01228  验证 pinball 0.01286  分时小区平均 β -0.213  24.9s
14:24:34 INFO 第  21 轮  训练 0.01211  验证 pinball 0.01321  分时小区平均 β -0.213  24.7s
14:24:59 INFO 第  22 轮  训练 0.01207  验证 pinball 0.01410  分时小区平均 β -0.213  24.6s
14:25:24 INFO 第  23 轮  训练 0.01202  验证 pinball 0.01302  分时小区平均 β -0.213  24.8s
14:25:49 INFO 第  24 轮  训练 0.01193  验证 pinball 0.01313  分时小区平均 β -0.213  24.7s
14:26:13 INFO 第  25 轮  训练 0.01192  验证 pinball 0.01299  分时小区平均 β -0.213  24.7s
14:26:38 INFO 第  26 轮  训练 0.01185  验证 pinball 0.01340  分时小区平均 β -0.213  24.8s
14:27:03 INFO 第  27 轮  训练 0.01171  验证 pinball 0.01311  分时小区平均 β -0.213  24.6s
14:27:27 INFO 第  28 轮  训练 0.01172  验证 pinball 0.01398  分时小区平均 β -0.213  24.7s
14:27:52 INFO 第  29 轮  训练 0.01169  验证 pinball 0.01308  分时小区平均 β -0.213  24.7s
14:28:18 INFO 第  30 轮  训练 0.01153  验证 pinball 0.01322  分时小区平均 β -0.213  26.4s
14:28:46 INFO 第  31 轮  训练 0.01154  验证 pinball 0.01316  分时小区平均 β -0.213  27.6s
14:29:14 INFO 第  32 轮  训练 0.01138  验证 pinball 0.01353  分时小区平均 β -0.213  27.8s
14:29:41 INFO 第  33 轮  训练 0.01136  验证 pinball 0.01330  分时小区平均 β -0.213  27.6s
14:30:09 INFO 第  34 轮  训练 0.01135  验证 pinball 0.01320  分时小区平均 β -0.213  27.7s
14:30:37 INFO 第  35 轮  训练 0.01131  验证 pinball 0.01327  分时小区平均 β -0.213  27.5s
14:30:37 INFO 验证损失 15 轮未改善，提前停止
14:30:42 INFO 切换点一致性（all）：观测 β -1.180（0.393）  模型 β -0.494（0.210）
14:30:42 INFO 切换点一致性（novel）：观测 β -0.367（0.505）  模型 β -0.188（0.266）
14:30:58 INFO 测试期 MAE 0.0452  WAPE 0.231  CRPS 0.0262  PICP90 原始 0.834 / ACI 0.900；输出 D:\EV充电因果预测sci论文\05_实验结果\runs\abl_A13_soft0.1_s1
== abl_A13_soft0.1_s1  完成，用时 16.0 分钟
== abl_A13_soft1_s1  开始 14:30:59
14:31:02 INFO 运行 abl_A13_soft1_s1，设备 cuda，torch 2.11.0+cu128
14:31:03 INFO 数据：T=4344 N=275 训练/验证/测试起点 3001/409/841；{'train': ('2022-09-01', '2023-01-05'), 'val': ('2023-01-06', '2023-01-23'), 'test': ('2023-01-24', '2023-02-28')}
14:31:03 INFO 模型参数 199,326；锚定方式 soft；锚定来源 fivemin_main
14:31:35 INFO 第   1 轮  训练 0.02278  验证 pinball 0.01806  分时小区平均 β -0.213  28.4s
14:32:03 INFO 第   2 轮  训练 0.01840  验证 pinball 0.01592  分时小区平均 β -0.213  27.5s
14:32:29 INFO 第   3 轮  训练 0.01698  验证 pinball 0.01493  分时小区平均 β -0.213  26.8s
14:32:54 INFO 第   4 轮  训练 0.01569  验证 pinball 0.01483  分时小区平均 β -0.213  24.8s
14:33:19 INFO 第   5 轮  训练 0.01485  验证 pinball 0.01446  分时小区平均 β -0.213  24.7s
14:33:44 INFO 第   6 轮  训练 0.01425  验证 pinball 0.01378  分时小区平均 β -0.213  24.7s
14:34:08 INFO 第   7 轮  训练 0.01403  验证 pinball 0.01402  分时小区平均 β -0.213  24.9s
14:34:33 INFO 第   8 轮  训练 0.01371  验证 pinball 0.01340  分时小区平均 β -0.213  24.7s
14:34:58 INFO 第   9 轮  训练 0.01343  验证 pinball 0.01327  分时小区平均 β -0.213  24.8s
14:35:23 INFO 第  10 轮  训练 0.01334  验证 pinball 0.01323  分时小区平均 β -0.213  24.8s
14:35:47 INFO 第  11 轮  训练 0.01317  验证 pinball 0.01319  分时小区平均 β -0.213  24.7s
14:36:12 INFO 第  12 轮  训练 0.01306  验证 pinball 0.01371  分时小区平均 β -0.213  24.8s
14:36:37 INFO 第  13 轮  训练 0.01289  验证 pinball 0.01329  分时小区平均 β -0.213  24.8s
14:37:02 INFO 第  14 轮  训练 0.01273  验证 pinball 0.01340  分时小区平均 β -0.213  24.6s
14:37:26 INFO 第  15 轮  训练 0.01264  验证 pinball 0.01288  分时小区平均 β -0.213  24.6s
14:37:51 INFO 第  16 轮  训练 0.01265  验证 pinball 0.01332  分时小区平均 β -0.213  24.8s
14:38:16 INFO 第  17 轮  训练 0.01243  验证 pinball 0.01293  分时小区平均 β -0.213  24.7s
14:38:41 INFO 第  18 轮  训练 0.01234  验证 pinball 0.01291  分时小区平均 β -0.213  24.7s
14:39:05 INFO 第  19 轮  训练 0.01225  验证 pinball 0.01305  分时小区平均 β -0.213  24.8s
14:39:30 INFO 第  20 轮  训练 0.01226  验证 pinball 0.01286  分时小区平均 β -0.213  24.7s
14:39:55 INFO 第  21 轮  训练 0.01209  验证 pinball 0.01322  分时小区平均 β -0.213  24.7s
14:40:20 INFO 第  22 轮  训练 0.01204  验证 pinball 0.01409  分时小区平均 β -0.213  24.9s
14:40:44 INFO 第  23 轮  训练 0.01200  验证 pinball 0.01300  分时小区平均 β -0.213  24.8s
14:41:09 INFO 第  24 轮  训练 0.01190  验证 pinball 0.01318  分时小区平均 β -0.213  24.9s
14:41:34 INFO 第  25 轮  训练 0.01189  验证 pinball 0.01300  分时小区平均 β -0.213  24.9s
14:41:59 INFO 第  26 轮  训练 0.01181  验证 pinball 0.01345  分时小区平均 β -0.213  24.7s
14:42:23 INFO 第  27 轮  训练 0.01172  验证 pinball 0.01316  分时小区平均 β -0.213  24.7s
14:42:48 INFO 第  28 轮  训练 0.01172  验证 pinball 0.01380  分时小区平均 β -0.213  24.8s
14:43:13 INFO 第  29 轮  训练 0.01167  验证 pinball 0.01313  分时小区平均 β -0.213  24.7s
14:43:38 INFO 第  30 轮  训练 0.01152  验证 pinball 0.01320  分时小区平均 β -0.213  24.7s
14:44:02 INFO 第  31 轮  训练 0.01154  验证 pinball 0.01317  分时小区平均 β -0.213  24.8s
14:44:27 INFO 第  32 轮  训练 0.01138  验证 pinball 0.01352  分时小区平均 β -0.213  24.7s
14:44:52 INFO 第  33 轮  训练 0.01135  验证 pinball 0.01333  分时小区平均 β -0.213  24.8s
14:45:17 INFO 第  34 轮  训练 0.01134  验证 pinball 0.01318  分时小区平均 β -0.213  24.8s
14:45:41 INFO 第  35 轮  训练 0.01130  验证 pinball 0.01331  分时小区平均 β -0.213  24.7s
14:45:41 INFO 验证损失 15 轮未改善，提前停止
14:45:46 INFO 切换点一致性（all）：观测 β -1.180（0.393）  模型 β -0.506（0.210）
14:45:46 INFO 切换点一致性（novel）：观测 β -0.367（0.505）  模型 β -0.196（0.259）
14:45:55 INFO 测试期 MAE 0.0452  WAPE 0.231  CRPS 0.0262  PICP90 原始 0.834 / ACI 0.900；输出 D:\EV充电因果预测sci论文\05_实验结果\runs\abl_A13_soft1_s1
== abl_A13_soft1_s1  完成，用时 14.9 分钟
== abl_A13_soft10_s1  开始 14:45:55
14:45:58 INFO 运行 abl_A13_soft10_s1，设备 cuda，torch 2.11.0+cu128
14:45:59 INFO 数据：T=4344 N=275 训练/验证/测试起点 3001/409/841；{'train': ('2022-09-01', '2023-01-05'), 'val': ('2023-01-06', '2023-01-23'), 'test': ('2023-01-24', '2023-02-28')}
14:45:59 INFO 模型参数 199,326；锚定方式 soft；锚定来源 fivemin_main
14:46:28 INFO 第   1 轮  训练 0.02278  验证 pinball 0.01807  分时小区平均 β -0.213  27.2s
14:46:55 INFO 第   2 轮  训练 0.01840  验证 pinball 0.01604  分时小区平均 β -0.213  27.5s
14:47:23 INFO 第   3 轮  训练 0.01698  验证 pinball 0.01493  分时小区平均 β -0.213  27.5s
14:47:50 INFO 第   4 轮  训练 0.01569  验证 pinball 0.01483  分时小区平均 β -0.213  27.6s
14:48:18 INFO 第   5 轮  训练 0.01484  验证 pinball 0.01439  分时小区平均 β -0.213  27.6s
14:48:46 INFO 第   6 轮  训练 0.01424  验证 pinball 0.01382  分时小区平均 β -0.213  27.6s
14:49:13 INFO 第   7 轮  训练 0.01404  验证 pinball 0.01401  分时小区平均 β -0.213  27.6s
14:49:41 INFO 第   8 轮  训练 0.01370  验证 pinball 0.01338  分时小区平均 β -0.213  27.8s
14:50:09 INFO 第   9 轮  训练 0.01342  验证 pinball 0.01328  分时小区平均 β -0.213  27.9s
14:50:37 INFO 第  10 轮  训练 0.01334  验证 pinball 0.01322  分时小区平均 β -0.213  27.8s
14:51:04 INFO 第  11 轮  训练 0.01317  验证 pinball 0.01321  分时小区平均 β -0.213  27.8s
14:51:32 INFO 第  12 轮  训练 0.01305  验证 pinball 0.01372  分时小区平均 β -0.213  27.6s
14:52:00 INFO 第  13 轮  训练 0.01288  验证 pinball 0.01327  分时小区平均 β -0.213  27.6s
14:52:28 INFO 第  14 轮  训练 0.01273  验证 pinball 0.01343  分时小区平均 β -0.213  27.9s
14:52:55 INFO 第  15 轮  训练 0.01264  验证 pinball 0.01288  分时小区平均 β -0.213  27.9s
14:53:23 INFO 第  16 轮  训练 0.01265  验证 pinball 0.01338  分时小区平均 β -0.213  27.8s
14:53:51 INFO 第  17 轮  训练 0.01243  验证 pinball 0.01295  分时小区平均 β -0.213  27.7s
14:54:19 INFO 第  18 轮  训练 0.01235  验证 pinball 0.01294  分时小区平均 β -0.213  27.7s
14:54:46 INFO 第  19 轮  训练 0.01225  验证 pinball 0.01309  分时小区平均 β -0.213  27.8s
14:55:14 INFO 第  20 轮  训练 0.01227  验证 pinball 0.01281  分时小区平均 β -0.213  27.7s
14:55:42 INFO 第  21 轮  训练 0.01210  验证 pinball 0.01319  分时小区平均 β -0.213  27.8s
14:56:10 INFO 第  22 轮  训练 0.01204  验证 pinball 0.01407  分时小区平均 β -0.213  27.8s
14:56:37 INFO 第  23 轮  训练 0.01199  验证 pinball 0.01301  分时小区平均 β -0.213  27.6s
14:57:05 INFO 第  24 轮  训练 0.01191  验证 pinball 0.01315  分时小区平均 β -0.213  27.6s
14:57:33 INFO 第  25 轮  训练 0.01188  验证 pinball 0.01299  分时小区平均 β -0.213  27.8s
14:58:00 INFO 第  26 轮  训练 0.01177  验证 pinball 0.01312  分时小区平均 β -0.213  27.8s
14:58:28 INFO 第  27 轮  训练 0.01170  验证 pinball 0.01301  分时小区平均 β -0.213  27.7s
14:58:56 INFO 第  28 轮  训练 0.01174  验证 pinball 0.01401  分时小区平均 β -0.213  27.8s
14:59:24 INFO 第  29 轮  训练 0.01169  验证 pinball 0.01312  分时小区平均 β -0.213  27.8s
14:59:51 INFO 第  30 轮  训练 0.01152  验证 pinball 0.01328  分时小区平均 β -0.213  27.7s
15:00:19 INFO 第  31 轮  训练 0.01154  验证 pinball 0.01312  分时小区平均 β -0.213  27.8s
15:00:47 INFO 第  32 轮  训练 0.01138  验证 pinball 0.01352  分时小区平均 β -0.213  27.6s
15:01:14 INFO 第  33 轮  训练 0.01135  验证 pinball 0.01338  分时小区平均 β -0.213  27.7s
15:01:42 INFO 第  34 轮  训练 0.01134  验证 pinball 0.01319  分时小区平均 β -0.213  27.7s
15:02:10 INFO 第  35 轮  训练 0.01132  验证 pinball 0.01328  分时小区平均 β -0.213  27.5s
15:02:10 INFO 验证损失 15 轮未改善，提前停止
15:02:15 INFO 切换点一致性（all）：观测 β -1.180（0.393）  模型 β -0.482（0.209）
15:02:15 INFO 切换点一致性（novel）：观测 β -0.367（0.505）  模型 β -0.161（0.258）
15:02:32 INFO 测试期 MAE 0.0450  WAPE 0.230  CRPS 0.0261  PICP90 原始 0.834 / ACI 0.900；输出 D:\EV充电因果预测sci论文\05_实验结果\runs\abl_A13_soft10_s1
== abl_A13_soft10_s1  完成，用时 16.6 分钟
== abl_A14_nomask_s1  开始 15:02:34
15:02:36 INFO 运行 abl_A14_nomask_s1，设备 cuda，torch 2.11.0+cu128
15:02:38 INFO 数据：T=4344 N=275 训练/验证/测试起点 3001/409/841；{'train': ('2022-09-01', '2023-01-05'), 'val': ('2023-01-06', '2023-01-23'), 'test': ('2023-01-24', '2023-02-28')}
15:02:38 INFO 模型参数 198,211；锚定方式 cut；锚定来源 fivemin_main
15:03:09 INFO 第   1 轮  训练 0.02290  验证 pinball 0.01726  分时小区平均 β -0.213  27.4s
15:03:36 INFO 第   2 轮  训练 0.01855  验证 pinball 0.01620  分时小区平均 β -0.213  26.8s
15:04:02 INFO 第   3 轮  训练 0.01741  验证 pinball 0.01498  分时小区平均 β -0.213  26.8s
15:04:29 INFO 第   4 轮  训练 0.01631  验证 pinball 0.01519  分时小区平均 β -0.213  26.8s
15:04:56 INFO 第   5 轮  训练 0.01549  验证 pinball 0.01434  分时小区平均 β -0.213  26.8s
15:05:23 INFO 第   6 轮  训练 0.01472  验证 pinball 0.01432  分时小区平均 β -0.213  26.7s
15:05:50 INFO 第   7 轮  训练 0.01442  验证 pinball 0.01403  分时小区平均 β -0.213  26.8s
15:06:16 INFO 第   8 轮  训练 0.01403  验证 pinball 0.01326  分时小区平均 β -0.213  26.8s
15:06:43 INFO 第   9 轮  训练 0.01372  验证 pinball 0.01341  分时小区平均 β -0.213  26.8s
15:07:10 INFO 第  10 轮  训练 0.01367  验证 pinball 0.01342  分时小区平均 β -0.213  26.7s
15:07:37 INFO 第  11 轮  训练 0.01348  验证 pinball 0.01484  分时小区平均 β -0.213  27.0s
15:08:04 INFO 第  12 轮  训练 0.01335  验证 pinball 0.01391  分时小区平均 β -0.213  26.7s
15:08:30 INFO 第  13 轮  训练 0.01316  验证 pinball 0.01360  分时小区平均 β -0.213  26.7s
15:08:57 INFO 第  14 轮  训练 0.01297  验证 pinball 0.01336  分时小区平均 β -0.213  26.8s
15:09:24 INFO 第  15 轮  训练 0.01290  验证 pinball 0.01288  分时小区平均 β -0.213  26.7s
15:09:51 INFO 第  16 轮  训练 0.01287  验证 pinball 0.01335  分时小区平均 β -0.213  26.7s
15:10:17 INFO 第  17 轮  训练 0.01271  验证 pinball 0.01286  分时小区平均 β -0.213  26.6s
15:10:44 INFO 第  18 轮  训练 0.01253  验证 pinball 0.01285  分时小区平均 β -0.213  26.7s
15:11:11 INFO 第  19 轮  训练 0.01247  验证 pinball 0.01309  分时小区平均 β -0.213  26.8s
15:11:37 INFO 第  20 轮  训练 0.01248  验证 pinball 0.01281  分时小区平均 β -0.213  26.7s
15:12:04 INFO 第  21 轮  训练 0.01228  验证 pinball 0.01334  分时小区平均 β -0.213  26.8s
15:12:31 INFO 第  22 轮  训练 0.01227  验证 pinball 0.01418  分时小区平均 β -0.213  26.8s
15:12:58 INFO 第  23 轮  训练 0.01217  验证 pinball 0.01326  分时小区平均 β -0.213  26.7s
15:13:24 INFO 第  24 轮  训练 0.01209  验证 pinball 0.01311  分时小区平均 β -0.213  26.8s
15:13:51 INFO 第  25 轮  训练 0.01204  验证 pinball 0.01286  分时小区平均 β -0.213  26.6s
15:14:18 INFO 第  26 轮  训练 0.01195  验证 pinball 0.01310  分时小区平均 β -0.213  26.7s
15:14:45 INFO 第  27 轮  训练 0.01186  验证 pinball 0.01337  分时小区平均 β -0.213  26.8s
15:15:11 INFO 第  28 轮  训练 0.01201  验证 pinball 0.01412  分时小区平均 β -0.213  26.8s
15:15:38 INFO 第  29 轮  训练 0.01184  验证 pinball 0.01308  分时小区平均 β -0.213  26.7s
15:16:05 INFO 第  30 轮  训练 0.01170  验证 pinball 0.01316  分时小区平均 β -0.213  26.9s
15:16:32 INFO 第  31 轮  训练 0.01173  验证 pinball 0.01401  分时小区平均 β -0.213  26.8s
15:16:58 INFO 第  32 轮  训练 0.01163  验证 pinball 0.01396  分时小区平均 β -0.213  26.7s
15:17:25 INFO 第  33 轮  训练 0.01154  验证 pinball 0.01358  分时小区平均 β -0.213  26.6s
15:17:52 INFO 第  34 轮  训练 0.01152  验证 pinball 0.01320  分时小区平均 β -0.213  26.6s
15:18:18 INFO 第  35 轮  训练 0.01148  验证 pinball 0.01426  分时小区平均 β -0.213  26.8s
15:18:18 INFO 验证损失 15 轮未改善，提前停止
15:18:23 INFO 切换点一致性（all）：观测 β -1.180（0.393）  模型 β -0.521（0.199）
15:18:24 INFO 切换点一致性（novel）：观测 β -0.367（0.505）  模型 β -0.374（0.247）
15:18:40 INFO 测试期 MAE 0.0420  WAPE 0.251  CRPS 0.0244  PICP90 原始 0.828 / ACI 0.900；输出 D:\EV充电因果预测sci论文\05_实验结果\runs\abl_A14_nomask_s1
== abl_A14_nomask_s1  完成，用时 16.1 分钟
== abl_A1_free_s2  开始 15:18:41
15:18:44 INFO 运行 abl_A1_free_s2，设备 cuda，torch 2.11.0+cu128
15:18:46 INFO 数据：T=4344 N=275 训练/验证/测试起点 3001/409/841；{'train': ('2022-09-01', '2023-01-05'), 'val': ('2023-01-06', '2023-01-23'), 'test': ('2023-01-24', '2023-02-28')}
15:18:46 INFO 模型参数 199,326；锚定方式 free；锚定来源 fivemin_main
15:19:18 INFO 第   1 轮  训练 0.02312  验证 pinball 0.01823  分时小区平均 β -0.223  27.7s
15:19:45 INFO 第   2 轮  训练 0.01843  验证 pinball 0.01581  分时小区平均 β -0.223  27.0s
15:20:12 INFO 第   3 轮  训练 0.01689  验证 pinball 0.01475  分时小区平均 β -0.219  26.9s
15:20:38 INFO 第   4 轮  训练 0.01554  验证 pinball 0.01443  分时小区平均 β -0.214  26.8s
15:21:05 INFO 第   5 轮  训练 0.01478  验证 pinball 0.01437  分时小区平均 β -0.209  26.8s
15:21:32 INFO 第   6 轮  训练 0.01439  验证 pinball 0.01393  分时小区平均 β -0.206  26.9s
15:21:59 INFO 第   7 轮  训练 0.01405  验证 pinball 0.01374  分时小区平均 β -0.203  27.0s
15:22:26 INFO 第   8 轮  训练 0.01375  验证 pinball 0.01370  分时小区平均 β -0.201  26.9s
15:22:53 INFO 第   9 轮  训练 0.01355  验证 pinball 0.01346  分时小区平均 β -0.199  27.0s
15:23:20 INFO 第  10 轮  训练 0.01341  验证 pinball 0.01358  分时小区平均 β -0.198  26.8s
15:23:47 INFO 第  11 轮  训练 0.01322  验证 pinball 0.01363  分时小区平均 β -0.196  26.8s
15:24:14 INFO 第  12 轮  训练 0.01302  验证 pinball 0.01318  分时小区平均 β -0.195  26.9s
15:24:41 INFO 第  13 轮  训练 0.01298  验证 pinball 0.01366  分时小区平均 β -0.194  26.9s
15:25:07 INFO 第  14 轮  训练 0.01284  验证 pinball 0.01380  分时小区平均 β -0.192  27.0s
15:25:34 INFO 第  15 轮  训练 0.01270  验证 pinball 0.01316  分时小区平均 β -0.191  26.7s
15:26:01 INFO 第  16 轮  训练 0.01260  验证 pinball 0.01414  分时小区平均 β -0.189  26.8s
15:26:28 INFO 第  17 轮  训练 0.01259  验证 pinball 0.01315  分时小区平均 β -0.187  27.1s
15:26:55 INFO 第  18 轮  训练 0.01243  验证 pinball 0.01316  分时小区平均 β -0.185  26.8s
15:27:22 INFO 第  19 轮  训练 0.01230  验证 pinball 0.01351  分时小区平均 β -0.184  26.9s
15:27:49 INFO 第  20 轮  训练 0.01224  验证 pinball 0.01379  分时小区平均 β -0.182  26.8s
15:28:15 INFO 第  21 轮  训练 0.01216  验证 pinball 0.01384  分时小区平均 β -0.181  26.8s
15:28:42 INFO 第  22 轮  训练 0.01211  验证 pinball 0.01333  分时小区平均 β -0.180  26.8s
15:29:09 INFO 第  23 轮  训练 0.01202  验证 pinball 0.01370  分时小区平均 β -0.179  27.1s
15:29:36 INFO 第  24 轮  训练 0.01191  验证 pinball 0.01321  分时小区平均 β -0.178  26.8s
15:30:03 INFO 第  25 轮  训练 0.01186  验证 pinball 0.01325  分时小区平均 β -0.176  27.0s
15:30:30 INFO 第  26 轮  训练 0.01186  验证 pinball 0.01358  分时小区平均 β -0.175  26.8s
15:30:57 INFO 第  27 轮  训练 0.01173  验证 pinball 0.01364  分时小区平均 β -0.174  27.0s
15:31:24 INFO 第  28 轮  训练 0.01169  验证 pinball 0.01358  分时小区平均 β -0.173  26.8s
15:31:51 INFO 第  29 轮  训练 0.01169  验证 pinball 0.01338  分时小区平均 β -0.171  26.9s
15:32:18 INFO 第  30 轮  训练 0.01155  验证 pinball 0.01473  分时小区平均 β -0.170  27.0s
15:32:45 INFO 第  31 轮  训练 0.01158  验证 pinball 0.01344  分时小区平均 β -0.168  26.9s
15:33:12 INFO 第  32 轮  训练 0.01150  验证 pinball 0.01397  分时小区平均 β -0.167  26.9s
15:33:12 INFO 验证损失 15 轮未改善，提前停止
15:33:17 INFO 切换点一致性（all）：观测 β -1.180（0.393）  模型 β -0.502（0.187）
15:33:17 INFO 切换点一致性（novel）：观测 β -0.367（0.505）  模型 β -0.175（0.210）
15:33:33 INFO 测试期 MAE 0.0444  WAPE 0.227  CRPS 0.0256  PICP90 原始 0.851 / ACI 0.902；输出 D:\EV充电因果预测sci论文\05_实验结果\runs\abl_A1_free_s2
== abl_A1_free_s2  完成，用时 14.9 分钟
== abl_A2_none_s2  开始 15:33:34
15:33:36 INFO 运行 abl_A2_none_s2，设备 cuda，torch 2.11.0+cu128
15:33:38 INFO 数据：T=4344 N=275 训练/验证/测试起点 3001/409/841；{'train': ('2022-09-01', '2023-01-05'), 'val': ('2023-01-06', '2023-01-23'), 'test': ('2023-01-24', '2023-02-28')}
15:33:38 INFO 模型参数 199,326；锚定方式 none；锚定来源 fivemin_main
15:34:08 INFO 第   1 轮  训练 0.02309  验证 pinball 0.01820  分时小区平均 β -0.280  27.7s
15:34:35 INFO 第   2 轮  训练 0.01839  验证 pinball 0.01578  分时小区平均 β -0.259  26.8s
15:35:02 INFO 第   3 轮  训练 0.01685  验证 pinball 0.01473  分时小区平均 β -0.221  26.8s
15:35:29 INFO 第   4 轮  训练 0.01550  验证 pinball 0.01440  分时小区平均 β -0.188  26.8s
15:35:55 INFO 第   5 轮  训练 0.01474  验证 pinball 0.01437  分时小区平均 β -0.165  26.8s
15:36:22 INFO 第   6 轮  训练 0.01436  验证 pinball 0.01391  分时小区平均 β -0.158  26.8s
15:36:49 INFO 第   7 轮  训练 0.01401  验证 pinball 0.01373  分时小区平均 β -0.157  26.8s
15:37:16 INFO 第   8 轮  训练 0.01371  验证 pinball 0.01368  分时小区平均 β -0.159  26.8s
15:37:43 INFO 第   9 轮  训练 0.01351  验证 pinball 0.01346  分时小区平均 β -0.163  26.8s
15:38:09 INFO 第  10 轮  训练 0.01337  验证 pinball 0.01358  分时小区平均 β -0.165  26.8s
15:38:36 INFO 第  11 轮  训练 0.01318  验证 pinball 0.01360  分时小区平均 β -0.169  26.8s
15:39:03 INFO 第  12 轮  训练 0.01297  验证 pinball 0.01314  分时小区平均 β -0.171  26.8s
15:39:30 INFO 第  13 轮  训练 0.01293  验证 pinball 0.01358  分时小区平均 β -0.173  26.8s
15:39:57 INFO 第  14 轮  训练 0.01279  验证 pinball 0.01380  分时小区平均 β -0.175  26.7s
15:40:24 INFO 第  15 轮  训练 0.01265  验证 pinball 0.01312  分时小区平均 β -0.175  27.0s
15:40:50 INFO 第  16 轮  训练 0.01255  验证 pinball 0.01408  分时小区平均 β -0.173  26.8s
15:41:17 INFO 第  17 轮  训练 0.01254  验证 pinball 0.01311  分时小区平均 β -0.173  26.8s
15:41:44 INFO 第  18 轮  训练 0.01239  验证 pinball 0.01312  分时小区平均 β -0.172  26.9s
15:42:11 INFO 第  19 轮  训练 0.01226  验证 pinball 0.01344  分时小区平均 β -0.171  26.7s
15:42:37 INFO 第  20 轮  训练 0.01220  验证 pinball 0.01370  分时小区平均 β -0.171  26.7s
15:43:04 INFO 第  21 轮  训练 0.01211  验证 pinball 0.01382  分时小区平均 β -0.171  26.7s
15:43:31 INFO 第  22 轮  训练 0.01208  验证 pinball 0.01329  分时小区平均 β -0.171  26.9s
15:43:58 INFO 第  23 轮  训练 0.01198  验证 pinball 0.01367  分时小区平均 β -0.171  26.7s
15:44:25 INFO 第  24 轮  训练 0.01187  验证 pinball 0.01324  分时小区平均 β -0.170  26.9s
15:44:51 INFO 第  25 轮  训练 0.01182  验证 pinball 0.01326  分时小区平均 β -0.169  26.7s
15:45:18 INFO 第  26 轮  训练 0.01183  验证 pinball 0.01364  分时小区平均 β -0.167  26.7s
15:45:45 INFO 第  27 轮  训练 0.01170  验证 pinball 0.01365  分时小区平均 β -0.166  26.6s
15:46:11 INFO 第  28 轮  训练 0.01166  验证 pinball 0.01356  分时小区平均 β -0.165  26.7s
15:46:38 INFO 第  29 轮  训练 0.01166  验证 pinball 0.01347  分时小区平均 β -0.164  26.8s
15:47:05 INFO 第  30 轮  训练 0.01152  验证 pinball 0.01478  分时小区平均 β -0.162  26.7s
15:47:32 INFO 第  31 轮  训练 0.01156  验证 pinball 0.01355  分时小区平均 β -0.161  26.8s
15:47:58 INFO 第  32 轮  训练 0.01147  验证 pinball 0.01394  分时小区平均 β -0.160  26.6s
15:47:58 INFO 验证损失 15 轮未改善，提前停止
15:48:03 INFO 切换点一致性（all）：观测 β -1.180（0.393）  模型 β -0.462（0.213）
15:48:04 INFO 切换点一致性（novel）：观测 β -0.367（0.505）  模型 β -0.119（0.224）
15:48:18 INFO 测试期 MAE 0.0443  WAPE 0.227  CRPS 0.0256  PICP90 原始 0.850 / ACI 0.902；输出 D:\EV充电因果预测sci论文\05_实验结果\runs\abl_A2_none_s2
== abl_A2_none_s2  完成，用时 14.8 分钟
== abl_A3_prior-0.45_s2  开始 15:48:19
15:48:32 INFO 运行 abl_A3_prior-0.45_s2，设备 cuda，torch 2.11.0+cu128
15:48:33 INFO 数据：T=4344 N=275 训练/验证/测试起点 3001/409/841；{'train': ('2022-09-01', '2023-01-05'), 'val': ('2023-01-06', '2023-01-23'), 'test': ('2023-01-24', '2023-02-28')}
15:48:33 INFO 模型参数 198,211；锚定方式 cut；锚定来源 fivemin_main|fixed_beta=-0.45
15:49:04 INFO 第   1 轮  训练 0.02309  验证 pinball 0.01826  分时小区平均 β -0.450  27.2s
15:49:31 INFO 第   2 轮  训练 0.01842  验证 pinball 0.01580  分时小区平均 β -0.450  26.6s
15:49:58 INFO 第   3 轮  训练 0.01690  验证 pinball 0.01475  分时小区平均 β -0.450  26.5s
15:50:24 INFO 第   4 轮  训练 0.01558  验证 pinball 0.01450  分时小区平均 β -0.450  26.7s
15:50:51 INFO 第   5 轮  训练 0.01478  验证 pinball 0.01439  分时小区平均 β -0.450  26.7s
15:51:18 INFO 第   6 轮  训练 0.01438  验证 pinball 0.01390  分时小区平均 β -0.450  26.7s
15:51:44 INFO 第   7 轮  训练 0.01405  验证 pinball 0.01375  分时小区平均 β -0.450  26.8s
15:52:11 INFO 第   8 轮  训练 0.01375  验证 pinball 0.01371  分时小区平均 β -0.450  26.8s
15:52:38 INFO 第   9 轮  训练 0.01355  验证 pinball 0.01348  分时小区平均 β -0.450  26.7s
15:53:05 INFO 第  10 轮  训练 0.01341  验证 pinball 0.01357  分时小区平均 β -0.450  26.7s
15:53:32 INFO 第  11 轮  训练 0.01322  验证 pinball 0.01363  分时小区平均 β -0.450  26.8s
15:53:58 INFO 第  12 轮  训练 0.01301  验证 pinball 0.01316  分时小区平均 β -0.450  26.7s
15:54:25 INFO 第  13 轮  训练 0.01298  验证 pinball 0.01368  分时小区平均 β -0.450  26.7s
15:54:52 INFO 第  14 轮  训练 0.01284  验证 pinball 0.01377  分时小区平均 β -0.450  26.7s
15:55:18 INFO 第  15 轮  训练 0.01270  验证 pinball 0.01316  分时小区平均 β -0.450  26.8s
15:55:45 INFO 第  16 轮  训练 0.01260  验证 pinball 0.01416  分时小区平均 β -0.450  26.9s
15:56:12 INFO 第  17 轮  训练 0.01260  验证 pinball 0.01315  分时小区平均 β -0.450  27.0s
15:56:39 INFO 第  18 轮  训练 0.01244  验证 pinball 0.01320  分时小区平均 β -0.450  26.7s
15:57:06 INFO 第  19 轮  训练 0.01230  验证 pinball 0.01355  分时小区平均 β -0.450  26.7s
15:57:33 INFO 第  20 轮  训练 0.01225  验证 pinball 0.01382  分时小区平均 β -0.450  26.8s
15:57:59 INFO 第  21 轮  训练 0.01216  验证 pinball 0.01387  分时小区平均 β -0.450  26.7s
15:58:26 INFO 第  22 轮  训练 0.01211  验证 pinball 0.01329  分时小区平均 β -0.450  26.6s
15:58:53 INFO 第  23 轮  训练 0.01203  验证 pinball 0.01365  分时小区平均 β -0.450  26.9s
15:59:19 INFO 第  24 轮  训练 0.01191  验证 pinball 0.01334  分时小区平均 β -0.450  26.8s
15:59:46 INFO 第  25 轮  训练 0.01186  验证 pinball 0.01337  分时小区平均 β -0.450  26.7s
16:00:13 INFO 第  26 轮  训练 0.01188  验证 pinball 0.01347  分时小区平均 β -0.450  26.8s
16:00:40 INFO 第  27 轮  训练 0.01173  验证 pinball 0.01380  分时小区平均 β -0.450  26.7s
16:01:06 INFO 第  28 轮  训练 0.01170  验证 pinball 0.01356  分时小区平均 β -0.450  26.7s
16:01:33 INFO 第  29 轮  训练 0.01170  验证 pinball 0.01358  分时小区平均 β -0.450  26.9s
16:02:00 INFO 第  30 轮  训练 0.01155  验证 pinball 0.01474  分时小区平均 β -0.450  26.8s
16:02:27 INFO 第  31 轮  训练 0.01159  验证 pinball 0.01350  分时小区平均 β -0.450  26.8s
16:02:54 INFO 第  32 轮  训练 0.01150  验证 pinball 0.01407  分时小区平均 β -0.450  27.0s
16:02:54 INFO 验证损失 15 轮未改善，提前停止
16:02:59 INFO 切换点一致性（all）：观测 β -1.180（0.393）  模型 β -0.672（0.188）
16:02:59 INFO 切换点一致性（novel）：观测 β -0.367（0.505）  模型 β -0.305（0.221）
16:03:17 INFO 测试期 MAE 0.0444  WAPE 0.227  CRPS 0.0256  PICP90 原始 0.849 / ACI 0.902；输出 D:\EV充电因果预测sci论文\05_实验结果\runs\abl_A3_prior-0.45_s2
== abl_A3_prior-0.45_s2  完成，用时 15.0 分钟
== abl_A3_prior-0.76_s2  开始 16:03:18
16:03:21 INFO 运行 abl_A3_prior-0.76_s2，设备 cuda，torch 2.11.0+cu128
16:03:22 INFO 数据：T=4344 N=275 训练/验证/测试起点 3001/409/841；{'train': ('2022-09-01', '2023-01-05'), 'val': ('2023-01-06', '2023-01-23'), 'test': ('2023-01-24', '2023-02-28')}
16:03:22 INFO 模型参数 198,211；锚定方式 cut；锚定来源 fivemin_main|fixed_beta=-0.76
16:03:53 INFO 第   1 轮  训练 0.02306  验证 pinball 0.01825  分时小区平均 β -0.760  27.6s
16:04:20 INFO 第   2 轮  训练 0.01843  验证 pinball 0.01579  分时小区平均 β -0.760  26.6s
16:04:47 INFO 第   3 轮  训练 0.01694  验证 pinball 0.01480  分时小区平均 β -0.760  26.9s
16:05:13 INFO 第   4 轮  训练 0.01564  验证 pinball 0.01453  分时小区平均 β -0.760  26.8s
16:05:40 INFO 第   5 轮  训练 0.01482  验证 pinball 0.01444  分时小区平均 β -0.760  26.7s
16:06:07 INFO 第   6 轮  训练 0.01444  验证 pinball 0.01397  分时小区平均 β -0.760  26.7s
16:06:34 INFO 第   7 轮  训练 0.01407  验证 pinball 0.01377  分时小区平均 β -0.760  26.7s
16:07:00 INFO 第   8 轮  训练 0.01378  验证 pinball 0.01367  分时小区平均 β -0.760  26.7s
16:07:27 INFO 第   9 轮  训练 0.01357  验证 pinball 0.01346  分时小区平均 β -0.760  26.8s
16:07:54 INFO 第  10 轮  训练 0.01343  验证 pinball 0.01358  分时小区平均 β -0.760  26.7s
16:08:20 INFO 第  11 轮  训练 0.01324  验证 pinball 0.01362  分时小区平均 β -0.760  26.7s
16:08:47 INFO 第  12 轮  训练 0.01303  验证 pinball 0.01317  分时小区平均 β -0.760  26.8s
16:09:14 INFO 第  13 轮  训练 0.01300  验证 pinball 0.01371  分时小区平均 β -0.760  26.6s
16:09:41 INFO 第  14 轮  训练 0.01285  验证 pinball 0.01380  分时小区平均 β -0.760  26.7s
16:10:07 INFO 第  15 轮  训练 0.01271  验证 pinball 0.01314  分时小区平均 β -0.760  26.9s
16:10:34 INFO 第  16 轮  训练 0.01261  验证 pinball 0.01421  分时小区平均 β -0.760  26.7s
16:11:01 INFO 第  17 轮  训练 0.01261  验证 pinball 0.01316  分时小区平均 β -0.760  26.8s
16:11:28 INFO 第  18 轮  训练 0.01245  验证 pinball 0.01315  分时小区平均 β -0.760  26.9s
16:11:55 INFO 第  19 轮  训练 0.01232  验证 pinball 0.01351  分时小区平均 β -0.760  26.8s
16:12:21 INFO 第  20 轮  训练 0.01227  验证 pinball 0.01383  分时小区平均 β -0.760  26.6s
16:12:48 INFO 第  21 轮  训练 0.01219  验证 pinball 0.01375  分时小区平均 β -0.760  26.8s
16:13:15 INFO 第  22 轮  训练 0.01215  验证 pinball 0.01329  分时小区平均 β -0.760  26.8s
16:13:42 INFO 第  23 轮  训练 0.01206  验证 pinball 0.01355  分时小区平均 β -0.760  26.6s
16:14:08 INFO 第  24 轮  训练 0.01195  验证 pinball 0.01333  分时小区平均 β -0.760  26.7s
16:14:35 INFO 第  25 轮  训练 0.01190  验证 pinball 0.01331  分时小区平均 β -0.760  26.9s
16:15:02 INFO 第  26 轮  训练 0.01191  验证 pinball 0.01366  分时小区平均 β -0.760  26.7s
16:15:28 INFO 第  27 轮  训练 0.01178  验证 pinball 0.01380  分时小区平均 β -0.760  26.6s
16:15:55 INFO 第  28 轮  训练 0.01175  验证 pinball 0.01351  分时小区平均 β -0.760  26.8s
16:16:22 INFO 第  29 轮  训练 0.01174  验证 pinball 0.01346  分时小区平均 β -0.760  26.8s
16:16:49 INFO 第  30 轮  训练 0.01160  验证 pinball 0.01490  分时小区平均 β -0.760  26.7s
16:16:49 INFO 验证损失 15 轮未改善，提前停止
16:16:54 INFO 切换点一致性（all）：观测 β -1.180（0.393）  模型 β -0.918（0.184）
16:16:54 INFO 切换点一致性（novel）：观测 β -0.367（0.505）  模型 β -0.542（0.215）
16:17:11 INFO 测试期 MAE 0.0444  WAPE 0.227  CRPS 0.0256  PICP90 原始 0.856 / ACI 0.902；输出 D:\EV充电因果预测sci论文\05_实验结果\runs\abl_A3_prior-0.76_s2
== abl_A3_prior-0.76_s2  完成，用时 13.9 分钟
== abl_A3_prior-1.48_s2  开始 16:17:12
16:17:15 INFO 运行 abl_A3_prior-1.48_s2，设备 cuda，torch 2.11.0+cu128
16:17:16 INFO 数据：T=4344 N=275 训练/验证/测试起点 3001/409/841；{'train': ('2022-09-01', '2023-01-05'), 'val': ('2023-01-06', '2023-01-23'), 'test': ('2023-01-24', '2023-02-28')}
16:17:16 INFO 模型参数 198,211；锚定方式 cut；锚定来源 fivemin_main|fixed_beta=-1.48
16:17:47 INFO 第   1 轮  训练 0.02308  验证 pinball 0.01825  分时小区平均 β -1.480  27.4s
16:18:13 INFO 第   2 轮  训练 0.01855  验证 pinball 0.01594  分时小区平均 β -1.480  26.9s
16:18:40 INFO 第   3 轮  训练 0.01715  验证 pinball 0.01498  分时小区平均 β -1.480  26.8s
16:19:07 INFO 第   4 轮  训练 0.01587  验证 pinball 0.01457  分时小区平均 β -1.480  26.7s
16:19:34 INFO 第   5 轮  训练 0.01503  验证 pinball 0.01455  分时小区平均 β -1.480  26.9s
16:20:01 INFO 第   6 轮  训练 0.01464  验证 pinball 0.01405  分时小区平均 β -1.480  26.8s
16:20:28 INFO 第   7 轮  训练 0.01423  验证 pinball 0.01383  分时小区平均 β -1.480  26.8s
16:20:54 INFO 第   8 轮  训练 0.01395  验证 pinball 0.01382  分时小区平均 β -1.480  26.8s
16:21:21 INFO 第   9 轮  训练 0.01372  验证 pinball 0.01358  分时小区平均 β -1.480  26.8s
16:21:48 INFO 第  10 轮  训练 0.01358  验证 pinball 0.01373  分时小区平均 β -1.480  26.7s
16:22:14 INFO 第  11 轮  训练 0.01337  验证 pinball 0.01374  分时小区平均 β -1.480  26.7s
16:22:41 INFO 第  12 轮  训练 0.01316  验证 pinball 0.01326  分时小区平均 β -1.480  26.8s
16:23:08 INFO 第  13 轮  训练 0.01311  验证 pinball 0.01385  分时小区平均 β -1.480  26.7s
16:23:35 INFO 第  14 轮  训练 0.01297  验证 pinball 0.01386  分时小区平均 β -1.480  26.7s
16:24:02 INFO 第  15 轮  训练 0.01281  验证 pinball 0.01322  分时小区平均 β -1.480  26.9s
16:24:28 INFO 第  16 轮  训练 0.01274  验证 pinball 0.01416  分时小区平均 β -1.480  26.7s
16:24:55 INFO 第  17 轮  训练 0.01271  验证 pinball 0.01322  分时小区平均 β -1.480  26.7s
16:25:22 INFO 第  18 轮  训练 0.01255  验证 pinball 0.01323  分时小区平均 β -1.480  26.8s
16:25:49 INFO 第  19 轮  训练 0.01243  验证 pinball 0.01351  分时小区平均 β -1.480  26.7s
16:26:15 INFO 第  20 轮  训练 0.01238  验证 pinball 0.01387  分时小区平均 β -1.480  26.8s
16:26:42 INFO 第  21 轮  训练 0.01230  验证 pinball 0.01379  分时小区平均 β -1.480  26.7s
16:27:09 INFO 第  22 轮  训练 0.01224  验证 pinball 0.01323  分时小区平均 β -1.480  26.8s
16:27:36 INFO 第  23 轮  训练 0.01217  验证 pinball 0.01355  分时小区平均 β -1.480  26.8s
16:28:03 INFO 第  24 轮  训练 0.01204  验证 pinball 0.01340  分时小区平均 β -1.480  26.9s
16:28:29 INFO 第  25 轮  训练 0.01198  验证 pinball 0.01342  分时小区平均 β -1.480  26.8s
16:28:56 INFO 第  26 轮  训练 0.01200  验证 pinball 0.01359  分时小区平均 β -1.480  26.8s
16:29:23 INFO 第  27 轮  训练 0.01188  验证 pinball 0.01372  分时小区平均 β -1.480  26.8s
16:29:50 INFO 第  28 轮  训练 0.01183  验证 pinball 0.01347  分时小区平均 β -1.480  26.8s
16:30:16 INFO 第  29 轮  训练 0.01179  验证 pinball 0.01338  分时小区平均 β -1.480  26.7s
16:30:43 INFO 第  30 轮  训练 0.01171  验证 pinball 0.01452  分时小区平均 β -1.480  26.7s
16:31:10 INFO 第  31 轮  训练 0.01170  验证 pinball 0.01335  分时小区平均 β -1.480  26.7s
16:31:37 INFO 第  32 轮  训练 0.01162  验证 pinball 0.01380  分时小区平均 β -1.480  26.7s
16:31:37 INFO 验证损失 15 轮未改善，提前停止
16:31:41 INFO 切换点一致性（all）：观测 β -1.180（0.393）  模型 β -1.294（0.197）
16:31:42 INFO 切换点一致性（novel）：观测 β -0.367（0.505）  模型 β -0.782（0.220）
16:32:00 INFO 测试期 MAE 0.0456  WAPE 0.233  CRPS 0.0265  PICP90 原始 0.838 / ACI 0.901；输出 D:\EV充电因果预测sci论文\05_实验结果\runs\abl_A3_prior-1.48_s2
== abl_A3_prior-1.48_s2  完成，用时 14.8 分钟
== abl_A5_noprice_s2  开始 16:32:01
16:32:03 INFO 运行 abl_A5_noprice_s2，设备 cuda，torch 2.11.0+cu128
16:32:04 INFO 数据：T=4344 N=275 训练/验证/测试起点 3001/409/841；{'train': ('2022-09-01', '2023-01-05'), 'val': ('2023-01-06', '2023-01-23'), 'test': ('2023-01-24', '2023-02-28')}
16:32:04 INFO 模型参数 198,211；锚定方式 cut；锚定来源 fivemin_main
16:32:35 INFO 第   1 轮  训练 0.02316  验证 pinball 0.01823  分时小区平均 β +nan  27.3s
16:33:02 INFO 第   2 轮  训练 0.01844  验证 pinball 0.01582  分时小区平均 β +nan  26.7s
16:33:29 INFO 第   3 轮  训练 0.01689  验证 pinball 0.01476  分时小区平均 β +nan  26.7s
16:33:55 INFO 第   4 轮  训练 0.01551  验证 pinball 0.01446  分时小区平均 β +nan  26.7s
16:34:22 INFO 第   5 轮  训练 0.01478  验证 pinball 0.01444  分时小区平均 β +nan  26.9s
16:34:49 INFO 第   6 轮  训练 0.01440  验证 pinball 0.01394  分时小区平均 β +nan  26.7s
16:35:16 INFO 第   7 轮  训练 0.01406  验证 pinball 0.01373  分时小区平均 β +nan  26.8s
16:35:43 INFO 第   8 轮  训练 0.01377  验证 pinball 0.01372  分时小区平均 β +nan  26.8s
16:36:09 INFO 第   9 轮  训练 0.01356  验证 pinball 0.01350  分时小区平均 β +nan  26.7s
16:36:36 INFO 第  10 轮  训练 0.01343  验证 pinball 0.01362  分时小区平均 β +nan  26.6s
16:37:03 INFO 第  11 轮  训练 0.01323  验证 pinball 0.01365  分时小区平均 β +nan  26.7s
16:37:29 INFO 第  12 轮  训练 0.01303  验证 pinball 0.01319  分时小区平均 β +nan  26.8s
16:37:56 INFO 第  13 轮  训练 0.01299  验证 pinball 0.01366  分时小区平均 β +nan  26.6s
16:38:23 INFO 第  14 轮  训练 0.01285  验证 pinball 0.01389  分时小区平均 β +nan  26.7s
16:38:49 INFO 第  15 轮  训练 0.01272  验证 pinball 0.01317  分时小区平均 β +nan  26.7s
16:39:16 INFO 第  16 轮  训练 0.01262  验证 pinball 0.01408  分时小区平均 β +nan  26.7s
16:39:43 INFO 第  17 轮  训练 0.01261  验证 pinball 0.01324  分时小区平均 β +nan  26.6s
16:40:09 INFO 第  18 轮  训练 0.01244  验证 pinball 0.01318  分时小区平均 β +nan  26.8s
16:40:36 INFO 第  19 轮  训练 0.01231  验证 pinball 0.01346  分时小区平均 β +nan  26.7s
16:41:03 INFO 第  20 轮  训练 0.01226  验证 pinball 0.01374  分时小区平均 β +nan  26.9s
16:41:30 INFO 第  21 轮  训练 0.01217  验证 pinball 0.01387  分时小区平均 β +nan  26.8s
16:41:57 INFO 第  22 轮  训练 0.01213  验证 pinball 0.01328  分时小区平均 β +nan  26.7s
16:42:23 INFO 第  23 轮  训练 0.01204  验证 pinball 0.01371  分时小区平均 β +nan  26.7s
16:42:50 INFO 第  24 轮  训练 0.01192  验证 pinball 0.01324  分时小区平均 β +nan  26.7s
16:43:17 INFO 第  25 轮  训练 0.01186  验证 pinball 0.01333  分时小区平均 β +nan  26.9s
16:43:44 INFO 第  26 轮  训练 0.01188  验证 pinball 0.01362  分时小区平均 β +nan  26.7s
16:44:10 INFO 第  27 轮  训练 0.01173  验证 pinball 0.01374  分时小区平均 β +nan  26.8s
16:44:37 INFO 第  28 轮  训练 0.01171  验证 pinball 0.01360  分时小区平均 β +nan  26.8s
16:45:04 INFO 第  29 轮  训练 0.01170  验证 pinball 0.01350  分时小区平均 β +nan  26.7s
16:45:31 INFO 第  30 轮  训练 0.01156  验证 pinball 0.01462  分时小区平均 β +nan  26.7s
16:45:31 INFO 验证损失 15 轮未改善，提前停止
16:45:35 INFO 切换点一致性（all）：观测 β -1.180（0.393）  模型 β -0.450（0.176）
16:45:36 INFO 切换点一致性（novel）：观测 β -0.367（0.505）  模型 β -0.194（0.180）
16:45:54 INFO 测试期 MAE 0.0443  WAPE 0.227  CRPS 0.0255  PICP90 原始 0.857 / ACI 0.902；输出 D:\EV充电因果预测sci论文\05_实验结果\runs\abl_A5_noprice_s2
== abl_A5_noprice_s2  完成，用时 13.9 分钟
== abl_A6_priceinput_s2  开始 16:45:55
16:45:58 INFO 运行 abl_A6_priceinput_s2，设备 cuda，torch 2.11.0+cu128
16:45:59 INFO 数据：T=4344 N=275 训练/验证/测试起点 3001/409/841；{'train': ('2022-09-01', '2023-01-05'), 'val': ('2023-01-06', '2023-01-23'), 'test': ('2023-01-24', '2023-02-28')}
16:45:59 INFO 模型参数 198,627；锚定方式 cut；锚定来源 fivemin_main
16:46:30 INFO 第   1 轮  训练 0.02275  验证 pinball 0.01737  分时小区平均 β +nan  27.8s
16:46:57 INFO 第   2 轮  训练 0.01836  验证 pinball 0.01578  分时小区平均 β +nan  27.0s
16:47:24 INFO 第   3 轮  训练 0.01709  验证 pinball 0.01506  分时小区平均 β +nan  27.0s
16:47:51 INFO 第   4 轮  训练 0.01584  验证 pinball 0.01485  分时小区平均 β +nan  26.9s
16:48:18 INFO 第   5 轮  训练 0.01491  验证 pinball 0.01410  分时小区平均 β +nan  27.0s
16:48:45 INFO 第   6 轮  训练 0.01440  验证 pinball 0.01389  分时小区平均 β +nan  26.8s
16:49:12 INFO 第   7 轮  训练 0.01403  验证 pinball 0.01374  分时小区平均 β +nan  26.9s
16:49:39 INFO 第   8 轮  训练 0.01379  验证 pinball 0.01372  分时小区平均 β +nan  26.9s
16:50:06 INFO 第   9 轮  训练 0.01359  验证 pinball 0.01372  分时小区平均 β +nan  27.0s
16:50:32 INFO 第  10 轮  训练 0.01343  验证 pinball 0.01385  分时小区平均 β +nan  26.9s
16:50:59 INFO 第  11 轮  训练 0.01323  验证 pinball 0.01370  分时小区平均 β +nan  26.9s
16:51:26 INFO 第  12 轮  训练 0.01301  验证 pinball 0.01335  分时小区平均 β +nan  27.0s
16:51:53 INFO 第  13 轮  训练 0.01299  验证 pinball 0.01386  分时小区平均 β +nan  27.0s
16:52:20 INFO 第  14 轮  训练 0.01282  验证 pinball 0.01365  分时小区平均 β +nan  26.9s
16:52:47 INFO 第  15 轮  训练 0.01270  验证 pinball 0.01311  分时小区平均 β +nan  26.9s
16:53:14 INFO 第  16 轮  训练 0.01260  验证 pinball 0.01435  分时小区平均 β +nan  26.8s
16:53:41 INFO 第  17 轮  训练 0.01255  验证 pinball 0.01333  分时小区平均 β +nan  27.0s
16:54:08 INFO 第  18 轮  训练 0.01237  验证 pinball 0.01337  分时小区平均 β +nan  27.0s
16:54:35 INFO 第  19 轮  训练 0.01226  验证 pinball 0.01348  分时小区平均 β +nan  26.8s
16:55:02 INFO 第  20 轮  训练 0.01222  验证 pinball 0.01337  分时小区平均 β +nan  26.9s
16:55:28 INFO 第  21 轮  训练 0.01213  验证 pinball 0.01381  分时小区平均 β +nan  26.9s
16:55:55 INFO 第  22 轮  训练 0.01207  验证 pinball 0.01313  分时小区平均 β +nan  27.0s
16:56:22 INFO 第  23 轮  训练 0.01206  验证 pinball 0.01372  分时小区平均 β +nan  27.0s
16:56:49 INFO 第  24 轮  训练 0.01192  验证 pinball 0.01335  分时小区平均 β +nan  26.9s
16:57:16 INFO 第  25 轮  训练 0.01184  验证 pinball 0.01352  分时小区平均 β +nan  27.0s
16:57:43 INFO 第  26 轮  训练 0.01189  验证 pinball 0.01345  分时小区平均 β +nan  26.8s
16:58:10 INFO 第  27 轮  训练 0.01176  验证 pinball 0.01350  分时小区平均 β +nan  26.9s
16:58:37 INFO 第  28 轮  训练 0.01173  验证 pinball 0.01370  分时小区平均 β +nan  27.0s
16:59:04 INFO 第  29 轮  训练 0.01171  验证 pinball 0.01377  分时小区平均 β +nan  26.9s
16:59:31 INFO 第  30 轮  训练 0.01160  验证 pinball 0.01492  分时小区平均 β +nan  26.9s
16:59:31 INFO 验证损失 15 轮未改善，提前停止
16:59:36 INFO 切换点一致性（all）：观测 β -1.180（0.393）  模型 β -0.479（0.186）
16:59:36 INFO 切换点一致性（novel）：观测 β -0.367（0.505）  模型 β -0.100（0.232）
16:59:55 INFO 测试期 MAE 0.0441  WAPE 0.226  CRPS 0.0254  PICP90 原始 0.855 / ACI 0.901；输出 D:\EV充电因果预测sci论文\05_实验结果\runs\abl_A6_priceinput_s2
== abl_A6_priceinput_s2  完成，用时 14.0 分钟
== abl_A10_staeformer_s2  开始 16:59:56
16:59:58 INFO 运行 abl_A10_staeformer_s2，设备 cuda，torch 2.11.0+cu128
17:00:00 INFO 数据：T=4344 N=275 训练/验证/测试起点 3001/409/841；{'train': ('2022-09-01', '2023-01-05'), 'val': ('2023-01-06', '2023-01-23'), 'test': ('2023-01-24', '2023-02-28')}
17:00:00 INFO 模型参数 1,686,391；锚定方式 cut；锚定来源 fivemin_main
Traceback (most recent call last):
  File "D:\EV充电因果预测sci论文\03_代码\scripts\train.py", line 211, in <module>
    main()
  File "D:\EV充电因果预测sci论文\03_代码\scripts\train.py", line 123, in main
    out = model(tb)
          ^^^^^^^^^
  File "D:\Program Files\Conda\envs\cpa\Lib\site-packages\torch\nn\modules\module.py", line 1779, in _wrapped_call_impl
    return self._call_impl(*args, **kwargs)
           ^^^^^^^^^^^^^^^^^^^^^^^^^^^^^^^^
  File "D:\Program Files\Conda\envs\cpa\Lib\site-packages\torch\nn\modules\module.py", line 1790, in _call_impl
    return forward_call(*args, **kwargs)
           ^^^^^^^^^^^^^^^^^^^^^^^^^^^^^
  File "D:\EV充电因果预测sci论文\03_代码\src\models\cpastgnn.py", line 93, in forward
    z = self.backbone(x, batch["cov_hist"], tod=batch.get("tod_hist"), dow=batch.get("dow_hist"))
        ^^^^^^^^^^^^^^^^^^^^^^^^^^^^^^^^^^^^^^^^^^^^^^^^^^^^^^^^^^^^^^^^^^^^^^^^^^^^^^^^^^^^^^^^^
  File "D:\Program Files\Conda\envs\cpa\Lib\site-packages\torch\nn\modules\module.py", line 1779, in _wrapped_call_impl
    return self._call_impl(*args, **kwargs)
           ^^^^^^^^^^^^^^^^^^^^^^^^^^^^^^^^
  File "D:\Program Files\Conda\envs\cpa\Lib\site-packages\torch\nn\modules\module.py", line 1790, in _call_impl
    return forward_call(*args, **kwargs)
           ^^^^^^^^^^^^^^^^^^^^^^^^^^^^^
  File "D:\EV充电因果预测sci论文\03_代码\src\models\backbones\staeformer.py", line 59, in forward
    s = blk(s)
        ^^^^^^
  File "D:\Program Files\Conda\envs\cpa\Lib\site-packages\torch\nn\modules\module.py", line 1779, in _wrapped_call_impl
    return self._call_impl(*args, **kwargs)
           ^^^^^^^^^^^^^^^^^^^^^^^^^^^^^^^^
  File "D:\Program Files\Conda\envs\cpa\Lib\site-packages\torch\nn\modules\module.py", line 1790, in _call_impl
    return forward_call(*args, **kwargs)
           ^^^^^^^^^^^^^^^^^^^^^^^^^^^^^
  File "D:\EV充电因果预测sci论文\03_代码\src\models\backbones\staeformer.py", line 22, in forward
    a, _ = self.attn(x, x, x, need_weights=False)
           ^^^^^^^^^^^^^^^^^^^^^^^^^^^^^^^^^^^^^^
  File "D:\Program Files\Conda\envs\cpa\Lib\site-packages\torch\nn\modules\module.py", line 1779, in _wrapped_call_impl
    return self._call_impl(*args, **kwargs)
           ^^^^^^^^^^^^^^^^^^^^^^^^^^^^^^^^
  File "D:\Program Files\Conda\envs\cpa\Lib\site-packages\torch\nn\modules\module.py", line 1790, in _call_impl
    return forward_call(*args, **kwargs)
           ^^^^^^^^^^^^^^^^^^^^^^^^^^^^^
  File "D:\Program Files\Conda\envs\cpa\Lib\site-packages\torch\nn\modules\activation.py", line 1492, in forward
    attn_output, attn_output_weights = F.multi_head_attention_forward(
                                       ^^^^^^^^^^^^^^^^^^^^^^^^^^^^^^^
  File "D:\Program Files\Conda\envs\cpa\Lib\site-packages\torch\nn\functional.py", line 6682, in multi_head_attention_forward
    attn_output = scaled_dot_product_attention(
                  ^^^^^^^^^^^^^^^^^^^^^^^^^^^^^
torch.OutOfMemoryError: CUDA out of memory. Tried to allocate 888.00 MiB. GPU 0 has a total capacity of 8.00 GiB of which 0 bytes is free. Of the allocated memory 13.68 GiB is allocated by PyTorch, and 544.93 MiB is reserved by PyTorch but unallocated. If reserved but unallocated memory is large try setting PYTORCH_CUDA_ALLOC_CONF=expandable_segments:True to avoid fragmentation.  See documentation for Memory Management  (https://docs.pytorch.org/docs/stable/notes/cuda.html#optimizing-memory-usage-with-pytorch-cuda-alloc-conf)
== abl_A10_staeformer_s2  失败（没有 summary.json），用时 1.2 分钟
== abl_A11_predefined_s2  开始 17:01:10
17:01:13 INFO 运行 abl_A11_predefined_s2，设备 cuda，torch 2.11.0+cu128
17:01:15 INFO 数据：T=4344 N=275 训练/验证/测试起点 3001/409/841；{'train': ('2022-09-01', '2023-01-05'), 'val': ('2023-01-06', '2023-01-23'), 'test': ('2023-01-24', '2023-02-28')}
17:01:15 INFO 模型参数 176,327；锚定方式 cut；锚定来源 fivemin_main
17:01:43 INFO 第   1 轮  训练 0.02320  验证 pinball 0.01791  分时小区平均 β -0.213  24.5s
17:02:06 INFO 第   2 轮  训练 0.01843  验证 pinball 0.01601  分时小区平均 β -0.213  23.0s
17:02:29 INFO 第   3 轮  训练 0.01732  验证 pinball 0.01536  分时小区平均 β -0.213  23.1s
17:02:52 INFO 第   4 轮  训练 0.01638  验证 pinball 0.01501  分时小区平均 β -0.213  23.1s
17:03:15 INFO 第   5 轮  训练 0.01539  验证 pinball 0.01412  分时小区平均 β -0.213  23.0s
17:03:38 INFO 第   6 轮  训练 0.01489  验证 pinball 0.01381  分时小区平均 β -0.213  23.0s
17:04:01 INFO 第   7 轮  训练 0.01447  验证 pinball 0.01359  分时小区平均 β -0.213  22.9s
17:04:24 INFO 第   8 轮  训练 0.01419  验证 pinball 0.01357  分时小区平均 β -0.213  22.9s
17:04:47 INFO 第   9 轮  训练 0.01396  验证 pinball 0.01391  分时小区平均 β -0.213  23.1s
17:05:10 INFO 第  10 轮  训练 0.01370  验证 pinball 0.01388  分时小区平均 β -0.213  22.9s
17:05:33 INFO 第  11 轮  训练 0.01350  验证 pinball 0.01406  分时小区平均 β -0.213  23.0s
17:05:56 INFO 第  12 轮  训练 0.01329  验证 pinball 0.01334  分时小区平均 β -0.213  22.9s
17:06:19 INFO 第  13 轮  训练 0.01322  验证 pinball 0.01408  分时小区平均 β -0.213  23.0s
17:06:42 INFO 第  14 轮  训练 0.01304  验证 pinball 0.01341  分时小区平均 β -0.213  23.0s
17:07:04 INFO 第  15 轮  训练 0.01290  验证 pinball 0.01361  分时小区平均 β -0.213  23.0s
17:07:28 INFO 第  16 轮  训练 0.01273  验证 pinball 0.01434  分时小区平均 β -0.213  23.1s
17:07:50 INFO 第  17 轮  训练 0.01271  验证 pinball 0.01317  分时小区平均 β -0.213  22.9s
17:08:14 INFO 第  18 轮  训练 0.01255  验证 pinball 0.01351  分时小区平均 β -0.213  23.1s
17:08:37 INFO 第  19 轮  训练 0.01245  验证 pinball 0.01356  分时小区平均 β -0.213  23.0s
17:09:00 INFO 第  20 轮  训练 0.01238  验证 pinball 0.01426  分时小区平均 β -0.213  23.0s
17:09:22 INFO 第  21 轮  训练 0.01228  验证 pinball 0.01354  分时小区平均 β -0.213  22.8s
17:09:46 INFO 第  22 轮  训练 0.01224  验证 pinball 0.01377  分时小区平均 β -0.213  23.1s
17:10:09 INFO 第  23 轮  训练 0.01215  验证 pinball 0.01338  分时小区平均 β -0.213  23.0s
17:10:32 INFO 第  24 轮  训练 0.01210  验证 pinball 0.01369  分时小区平均 β -0.213  22.9s
17:10:54 INFO 第  25 轮  训练 0.01198  验证 pinball 0.01372  分时小区平均 β -0.213  23.0s
17:11:17 INFO 第  26 轮  训练 0.01194  验证 pinball 0.01353  分时小区平均 β -0.213  22.9s
17:11:40 INFO 第  27 轮  训练 0.01184  验证 pinball 0.01354  分时小区平均 β -0.213  23.0s
17:12:03 INFO 第  28 轮  训练 0.01183  验证 pinball 0.01378  分时小区平均 β -0.213  23.0s
17:12:26 INFO 第  29 轮  训练 0.01176  验证 pinball 0.01381  分时小区平均 β -0.213  23.1s
17:12:49 INFO 第  30 轮  训练 0.01166  验证 pinball 0.01439  分时小区平均 β -0.213  23.0s
17:13:13 INFO 第  31 轮  训练 0.01162  验证 pinball 0.01386  分时小区平均 β -0.213  23.1s
17:13:36 INFO 第  32 轮  训练 0.01163  验证 pinball 0.01401  分时小区平均 β -0.213  23.0s
17:13:36 INFO 验证损失 15 轮未改善，提前停止
17:13:40 INFO 切换点一致性（all）：观测 β -1.180（0.393）  模型 β -0.656（0.217）
17:13:40 INFO 切换点一致性（novel）：观测 β -0.367（0.505）  模型 β -0.409（0.264）
17:13:57 INFO 测试期 MAE 0.0452  WAPE 0.231  CRPS 0.0263  PICP90 原始 0.843 / ACI 0.901；输出 D:\EV充电因果预测sci论文\05_实验结果\runs\abl_A11_predefined_s2
== abl_A11_predefined_s2  完成，用时 12.8 分钟
== abl_A11_adaptive_s2  开始 17:13:58
17:14:00 INFO 运行 abl_A11_adaptive_s2，设备 cuda，torch 2.11.0+cu128
17:14:01 INFO 数据：T=4344 N=275 训练/验证/测试起点 3001/409/841；{'train': ('2022-09-01', '2023-01-05'), 'val': ('2023-01-06', '2023-01-23'), 'test': ('2023-01-24', '2023-02-28')}
17:14:01 INFO 模型参数 149,059；锚定方式 cut；锚定来源 fivemin_main
17:14:23 INFO 第   1 轮  训练 0.02333  验证 pinball 0.01762  分时小区平均 β -0.213  18.7s
17:14:41 INFO 第   2 轮  训练 0.01858  验证 pinball 0.01589  分时小区平均 β -0.213  18.0s
17:14:59 INFO 第   3 轮  训练 0.01725  验证 pinball 0.01539  分时小区平均 β -0.213  17.9s
17:15:17 INFO 第   4 轮  训练 0.01635  验证 pinball 0.01550  分时小区平均 β -0.213  17.9s
17:15:35 INFO 第   5 轮  训练 0.01557  验证 pinball 0.01458  分时小区平均 β -0.213  18.0s
17:15:53 INFO 第   6 轮  训练 0.01499  验证 pinball 0.01415  分时小区平均 β -0.213  17.8s
17:16:11 INFO 第   7 轮  训练 0.01457  验证 pinball 0.01394  分时小区平均 β -0.213  18.0s
17:16:29 INFO 第   8 轮  训练 0.01426  验证 pinball 0.01367  分时小区平均 β -0.213  17.8s
17:16:47 INFO 第   9 轮  训练 0.01398  验证 pinball 0.01417  分时小区平均 β -0.213  17.9s
17:17:05 INFO 第  10 轮  训练 0.01373  验证 pinball 0.01358  分时小区平均 β -0.213  18.0s
17:17:23 INFO 第  11 轮  训练 0.01351  验证 pinball 0.01415  分时小区平均 β -0.213  17.9s
17:17:41 INFO 第  12 轮  训练 0.01335  验证 pinball 0.01300  分时小区平均 β -0.213  17.9s
17:17:59 INFO 第  13 轮  训练 0.01332  验证 pinball 0.01397  分时小区平均 β -0.213  17.9s
17:18:17 INFO 第  14 轮  训练 0.01314  验证 pinball 0.01304  分时小区平均 β -0.213  18.0s
17:18:35 INFO 第  15 轮  训练 0.01305  验证 pinball 0.01303  分时小区平均 β -0.213  18.0s
17:18:52 INFO 第  16 轮  训练 0.01286  验证 pinball 0.01337  分时小区平均 β -0.213  17.8s
17:19:10 INFO 第  17 轮  训练 0.01284  验证 pinball 0.01313  分时小区平均 β -0.213  17.9s
17:19:28 INFO 第  18 轮  训练 0.01274  验证 pinball 0.01306  分时小区平均 β -0.213  17.9s
17:19:46 INFO 第  19 轮  训练 0.01267  验证 pinball 0.01311  分时小区平均 β -0.213  18.0s
17:20:04 INFO 第  20 轮  训练 0.01261  验证 pinball 0.01325  分时小区平均 β -0.213  17.8s
17:20:22 INFO 第  21 轮  训练 0.01250  验证 pinball 0.01303  分时小区平均 β -0.213  17.9s
17:20:40 INFO 第  22 轮  训练 0.01246  验证 pinball 0.01331  分时小区平均 β -0.213  17.9s
17:20:58 INFO 第  23 轮  训练 0.01241  验证 pinball 0.01294  分时小区平均 β -0.213  18.1s
17:21:16 INFO 第  24 轮  训练 0.01235  验证 pinball 0.01331  分时小区平均 β -0.213  17.9s
17:21:34 INFO 第  25 轮  训练 0.01227  验证 pinball 0.01298  分时小区平均 β -0.213  18.0s
17:21:52 INFO 第  26 轮  训练 0.01223  验证 pinball 0.01298  分时小区平均 β -0.213  17.9s
17:22:10 INFO 第  27 轮  训练 0.01214  验证 pinball 0.01307  分时小区平均 β -0.213  17.9s
17:22:28 INFO 第  28 轮  训练 0.01214  验证 pinball 0.01281  分时小区平均 β -0.213  17.8s
17:22:46 INFO 第  29 轮  训练 0.01212  验证 pinball 0.01295  分时小区平均 β -0.213  18.0s
17:23:03 INFO 第  30 轮  训练 0.01199  验证 pinball 0.01365  分时小区平均 β -0.213  17.9s
17:23:21 INFO 第  31 轮  训练 0.01197  验证 pinball 0.01293  分时小区平均 β -0.213  18.0s
17:23:39 INFO 第  32 轮  训练 0.01193  验证 pinball 0.01321  分时小区平均 β -0.213  17.9s
17:23:57 INFO 第  33 轮  训练 0.01190  验证 pinball 0.01313  分时小区平均 β -0.213  17.9s
17:24:15 INFO 第  34 轮  训练 0.01186  验证 pinball 0.01306  分时小区平均 β -0.213  18.1s
17:24:33 INFO 第  35 轮  训练 0.01181  验证 pinball 0.01346  分时小区平均 β -0.213  17.9s
17:24:51 INFO 第  36 轮  训练 0.01175  验证 pinball 0.01296  分时小区平均 β -0.213  18.0s
17:25:09 INFO 第  37 轮  训练 0.01168  验证 pinball 0.01288  分时小区平均 β -0.213  18.0s
17:25:27 INFO 第  38 轮  训练 0.01168  验证 pinball 0.01320  分时小区平均 β -0.213  17.9s
17:25:45 INFO 第  39 轮  训练 0.01166  验证 pinball 0.01398  分时小区平均 β -0.213  18.0s
17:26:03 INFO 第  40 轮  训练 0.01161  验证 pinball 0.01325  分时小区平均 β -0.213  17.9s
17:26:21 INFO 第  41 轮  训练 0.01155  验证 pinball 0.01348  分时小区平均 β -0.213  17.8s
17:26:39 INFO 第  42 轮  训练 0.01156  验证 pinball 0.01342  分时小区平均 β -0.213  17.9s
17:26:57 INFO 第  43 轮  训练 0.01150  验证 pinball 0.01315  分时小区平均 β -0.213  18.0s
17:26:57 INFO 验证损失 15 轮未改善，提前停止
17:27:00 INFO 切换点一致性（all）：观测 β -1.180（0.393）  模型 β -0.520（0.210）
17:27:01 INFO 切换点一致性（novel）：观测 β -0.367（0.505）  模型 β -0.174（0.258）
17:27:19 INFO 测试期 MAE 0.0424  WAPE 0.217  CRPS 0.0245  PICP90 原始 0.855 / ACI 0.902；输出 D:\EV充电因果预测sci论文\05_实验结果\runs\abl_A11_adaptive_s2
== abl_A11_adaptive_s2  完成，用时 13.4 分钟
== abl_A13_soft0.01_s2  开始 17:27:20
17:27:23 INFO 运行 abl_A13_soft0.01_s2，设备 cuda，torch 2.11.0+cu128
17:27:24 INFO 数据：T=4344 N=275 训练/验证/测试起点 3001/409/841；{'train': ('2022-09-01', '2023-01-05'), 'val': ('2023-01-06', '2023-01-23'), 'test': ('2023-01-24', '2023-02-28')}
17:27:24 INFO 模型参数 199,326；锚定方式 soft；锚定来源 fivemin_main
17:27:56 INFO 第   1 轮  训练 0.02312  验证 pinball 0.01823  分时小区平均 β -0.213  28.4s
17:28:23 INFO 第   2 轮  训练 0.01843  验证 pinball 0.01581  分时小区平均 β -0.213  27.6s
17:28:51 INFO 第   3 轮  训练 0.01688  验证 pinball 0.01475  分时小区平均 β -0.213  27.6s
17:29:18 INFO 第   4 轮  训练 0.01553  验证 pinball 0.01443  分时小区平均 β -0.213  27.6s
17:29:46 INFO 第   5 轮  训练 0.01478  验证 pinball 0.01438  分时小区平均 β -0.213  27.7s
17:30:14 INFO 第   6 轮  训练 0.01439  验证 pinball 0.01393  分时小区平均 β -0.213  27.5s
17:30:41 INFO 第   7 轮  训练 0.01405  验证 pinball 0.01375  分时小区平均 β -0.213  27.5s
17:31:09 INFO 第   8 轮  训练 0.01375  验证 pinball 0.01369  分时小区平均 β -0.213  27.5s
17:31:36 INFO 第   9 轮  训练 0.01355  验证 pinball 0.01346  分时小区平均 β -0.213  27.5s
17:32:04 INFO 第  10 轮  训练 0.01341  验证 pinball 0.01360  分时小区平均 β -0.213  27.7s
17:32:31 INFO 第  11 轮  训练 0.01322  验证 pinball 0.01363  分时小区平均 β -0.213  27.5s
17:32:59 INFO 第  12 轮  训练 0.01301  验证 pinball 0.01315  分时小区平均 β -0.213  27.7s
17:33:27 INFO 第  13 轮  训练 0.01298  验证 pinball 0.01367  分时小区平均 β -0.213  27.6s
17:33:54 INFO 第  14 轮  训练 0.01283  验证 pinball 0.01382  分时小区平均 β -0.213  27.7s
17:34:22 INFO 第  15 轮  训练 0.01270  验证 pinball 0.01315  分时小区平均 β -0.213  27.5s
17:34:49 INFO 第  16 轮  训练 0.01259  验证 pinball 0.01414  分时小区平均 β -0.213  27.6s
17:35:17 INFO 第  17 轮  训练 0.01258  验证 pinball 0.01318  分时小区平均 β -0.213  27.6s
17:35:45 INFO 第  18 轮  训练 0.01242  验证 pinball 0.01317  分时小区平均 β -0.213  27.7s
17:36:12 INFO 第  19 轮  训练 0.01229  验证 pinball 0.01349  分时小区平均 β -0.213  27.5s
17:36:40 INFO 第  20 轮  训练 0.01223  验证 pinball 0.01376  分时小区平均 β -0.213  27.6s
17:37:07 INFO 第  21 轮  训练 0.01215  验证 pinball 0.01390  分时小区平均 β -0.213  27.6s
17:37:35 INFO 第  22 轮  训练 0.01211  验证 pinball 0.01334  分时小区平均 β -0.213  27.7s
17:38:03 INFO 第  23 轮  训练 0.01202  验证 pinball 0.01371  分时小区平均 β -0.213  27.5s
17:38:30 INFO 第  24 轮  训练 0.01191  验证 pinball 0.01327  分时小区平均 β -0.213  27.6s
17:38:58 INFO 第  25 轮  训练 0.01186  验证 pinball 0.01333  分时小区平均 β -0.213  27.8s
17:39:26 INFO 第  26 轮  训练 0.01187  验证 pinball 0.01366  分时小区平均 β -0.213  27.7s
17:39:53 INFO 第  27 轮  训练 0.01174  验证 pinball 0.01373  分时小区平均 β -0.213  27.7s
17:40:21 INFO 第  28 轮  训练 0.01170  验证 pinball 0.01359  分时小区平均 β -0.213  27.6s
17:40:49 INFO 第  29 轮  训练 0.01171  验证 pinball 0.01355  分时小区平均 β -0.213  27.7s
17:41:16 INFO 第  30 轮  训练 0.01155  验证 pinball 0.01473  分时小区平均 β -0.213  27.5s
17:41:16 INFO 验证损失 15 轮未改善，提前停止
17:41:21 INFO 切换点一致性（all）：观测 β -1.180（0.393）  模型 β -0.585（0.172）
17:41:21 INFO 切换点一致性（novel）：观测 β -0.367（0.505）  模型 β -0.281（0.180）
17:41:40 INFO 测试期 MAE 0.0444  WAPE 0.227  CRPS 0.0256  PICP90 原始 0.855 / ACI 0.902；输出 D:\EV充电因果预测sci论文\05_实验结果\runs\abl_A13_soft0.01_s2
== abl_A13_soft0.01_s2  完成，用时 14.3 分钟
== abl_A13_soft0.1_s2  开始 17:41:41
17:41:43 INFO 运行 abl_A13_soft0.1_s2，设备 cuda，torch 2.11.0+cu128
17:41:45 INFO 数据：T=4344 N=275 训练/验证/测试起点 3001/409/841；{'train': ('2022-09-01', '2023-01-05'), 'val': ('2023-01-06', '2023-01-23'), 'test': ('2023-01-24', '2023-02-28')}
17:41:45 INFO 模型参数 199,326；锚定方式 soft；锚定来源 fivemin_main
17:42:16 INFO 第   1 轮  训练 0.02312  验证 pinball 0.01822  分时小区平均 β -0.213  28.5s
17:42:44 INFO 第   2 轮  训练 0.01843  验证 pinball 0.01582  分时小区平均 β -0.213  27.6s
17:43:12 INFO 第   3 轮  训练 0.01689  验证 pinball 0.01476  分时小区平均 β -0.213  27.4s
17:43:39 INFO 第   4 轮  训练 0.01553  验证 pinball 0.01443  分时小区平均 β -0.213  27.7s
17:44:07 INFO 第   5 轮  训练 0.01478  验证 pinball 0.01439  分时小区平均 β -0.213  27.6s
17:44:34 INFO 第   6 轮  训练 0.01440  验证 pinball 0.01394  分时小区平均 β -0.213  27.5s
17:45:02 INFO 第   7 轮  训练 0.01406  验证 pinball 0.01374  分时小区平均 β -0.213  27.6s
17:45:30 INFO 第   8 轮  训练 0.01376  验证 pinball 0.01369  分时小区平均 β -0.213  27.7s
17:45:57 INFO 第   9 轮  训练 0.01355  验证 pinball 0.01346  分时小区平均 β -0.213  27.6s
17:46:25 INFO 第  10 轮  训练 0.01341  验证 pinball 0.01359  分时小区平均 β -0.213  27.5s
17:46:52 INFO 第  11 轮  训练 0.01322  验证 pinball 0.01363  分时小区平均 β -0.213  27.7s
17:47:20 INFO 第  12 轮  训练 0.01301  验证 pinball 0.01316  分时小区平均 β -0.213  27.6s
17:47:48 INFO 第  13 轮  训练 0.01298  验证 pinball 0.01364  分时小区平均 β -0.213  27.8s
17:48:15 INFO 第  14 轮  训练 0.01284  验证 pinball 0.01379  分时小区平均 β -0.213  27.5s
17:48:43 INFO 第  15 轮  训练 0.01271  验证 pinball 0.01315  分时小区平均 β -0.213  27.6s
17:49:11 INFO 第  16 轮  训练 0.01260  验证 pinball 0.01412  分时小区平均 β -0.213  27.7s
17:49:38 INFO 第  17 轮  训练 0.01259  验证 pinball 0.01316  分时小区平均 β -0.213  27.7s
17:50:06 INFO 第  18 轮  训练 0.01243  验证 pinball 0.01318  分时小区平均 β -0.213  27.5s
17:50:33 INFO 第  19 轮  训练 0.01230  验证 pinball 0.01351  分时小区平均 β -0.213  27.7s
17:51:01 INFO 第  20 轮  训练 0.01224  验证 pinball 0.01383  分时小区平均 β -0.213  27.5s
17:51:28 INFO 第  21 轮  训练 0.01216  验证 pinball 0.01387  分时小区平均 β -0.213  27.5s
17:51:56 INFO 第  22 轮  训练 0.01212  验证 pinball 0.01352  分时小区平均 β -0.213  27.5s
17:52:24 INFO 第  23 轮  训练 0.01201  验证 pinball 0.01373  分时小区平均 β -0.213  27.7s
17:52:51 INFO 第  24 轮  训练 0.01191  验证 pinball 0.01326  分时小区平均 β -0.213  27.8s
17:53:19 INFO 第  25 轮  训练 0.01186  验证 pinball 0.01325  分时小区平均 β -0.213  27.4s
17:53:46 INFO 第  26 轮  训练 0.01186  验证 pinball 0.01361  分时小区平均 β -0.213  27.6s
17:54:14 INFO 第  27 轮  训练 0.01173  验证 pinball 0.01366  分时小区平均 β -0.213  27.5s
17:54:42 INFO 第  28 轮  训练 0.01170  验证 pinball 0.01359  分时小区平均 β -0.213  27.6s
17:55:09 INFO 第  29 轮  训练 0.01171  验证 pinball 0.01352  分时小区平均 β -0.213  27.6s
17:55:37 INFO 第  30 轮  训练 0.01155  验证 pinball 0.01471  分时小区平均 β -0.213  27.5s
17:55:37 INFO 验证损失 15 轮未改善，提前停止
17:55:42 INFO 切换点一致性（all）：观测 β -1.180（0.393）  模型 β -0.580（0.174）
17:55:42 INFO 切换点一致性（novel）：观测 β -0.367（0.505）  模型 β -0.264（0.184）
17:55:59 INFO 测试期 MAE 0.0444  WAPE 0.227  CRPS 0.0256  PICP90 原始 0.856 / ACI 0.902；输出 D:\EV充电因果预测sci论文\05_实验结果\runs\abl_A13_soft0.1_s2
== abl_A13_soft0.1_s2  完成，用时 14.3 分钟
== abl_A13_soft1_s2  开始 17:56:00
17:56:03 INFO 运行 abl_A13_soft1_s2，设备 cuda，torch 2.11.0+cu128
17:56:04 INFO 数据：T=4344 N=275 训练/验证/测试起点 3001/409/841；{'train': ('2022-09-01', '2023-01-05'), 'val': ('2023-01-06', '2023-01-23'), 'test': ('2023-01-24', '2023-02-28')}
17:56:04 INFO 模型参数 199,326；锚定方式 soft；锚定来源 fivemin_main
17:56:35 INFO 第   1 轮  训练 0.02312  验证 pinball 0.01823  分时小区平均 β -0.213  28.1s
17:57:02 INFO 第   2 轮  训练 0.01843  验证 pinball 0.01581  分时小区平均 β -0.213  27.5s
17:57:30 INFO 第   3 轮  训练 0.01689  验证 pinball 0.01476  分时小区平均 β -0.213  27.5s
17:57:58 INFO 第   4 轮  训练 0.01553  验证 pinball 0.01443  分时小区平均 β -0.213  27.7s
17:58:25 INFO 第   5 轮  训练 0.01478  验证 pinball 0.01439  分时小区平均 β -0.213  27.6s
17:58:53 INFO 第   6 轮  训练 0.01440  验证 pinball 0.01393  分时小区平均 β -0.213  27.6s
17:59:20 INFO 第   7 轮  训练 0.01405  验证 pinball 0.01374  分时小区平均 β -0.213  27.2s
17:59:48 INFO 第   8 轮  训练 0.01376  验证 pinball 0.01368  分时小区平均 β -0.213  27.4s
18:00:15 INFO 第   9 轮  训练 0.01355  验证 pinball 0.01347  分时小区平均 β -0.213  27.5s
18:00:42 INFO 第  10 轮  训练 0.01342  验证 pinball 0.01358  分时小区平均 β -0.213  27.4s
18:01:10 INFO 第  11 轮  训练 0.01323  验证 pinball 0.01363  分时小区平均 β -0.213  27.6s
18:01:38 INFO 第  12 轮  训练 0.01302  验证 pinball 0.01316  分时小区平均 β -0.213  27.5s
18:02:05 INFO 第  13 轮  训练 0.01299  验证 pinball 0.01364  分时小区平均 β -0.213  27.5s
18:02:33 INFO 第  14 轮  训练 0.01285  验证 pinball 0.01379  分时小区平均 β -0.213  27.8s
18:03:00 INFO 第  15 轮  训练 0.01271  验证 pinball 0.01314  分时小区平均 β -0.213  27.5s
18:03:28 INFO 第  16 轮  训练 0.01261  验证 pinball 0.01412  分时小区平均 β -0.213  27.5s
18:03:56 INFO 第  17 轮  训练 0.01259  验证 pinball 0.01315  分时小区平均 β -0.213  27.7s
18:04:23 INFO 第  18 轮  训练 0.01244  验证 pinball 0.01316  分时小区平均 β -0.213  27.6s
18:04:51 INFO 第  19 轮  训练 0.01230  验证 pinball 0.01349  分时小区平均 β -0.213  27.6s
18:05:18 INFO 第  20 轮  训练 0.01225  验证 pinball 0.01375  分时小区平均 β -0.213  27.7s
18:05:46 INFO 第  21 轮  训练 0.01216  验证 pinball 0.01387  分时小区平均 β -0.213  27.3s
18:06:13 INFO 第  22 轮  训练 0.01213  验证 pinball 0.01335  分时小区平均 β -0.213  27.5s
18:06:41 INFO 第  23 轮  训练 0.01203  验证 pinball 0.01373  分时小区平均 β -0.213  27.3s
18:07:08 INFO 第  24 轮  训练 0.01192  验证 pinball 0.01326  分时小区平均 β -0.213  27.5s
18:07:35 INFO 第  25 轮  训练 0.01187  验证 pinball 0.01329  分时小区平均 β -0.213  27.5s
18:08:03 INFO 第  26 轮  训练 0.01188  验证 pinball 0.01364  分时小区平均 β -0.213  27.7s
18:08:31 INFO 第  27 轮  训练 0.01174  验证 pinball 0.01372  分时小区平均 β -0.213  27.5s
18:08:58 INFO 第  28 轮  训练 0.01171  验证 pinball 0.01360  分时小区平均 β -0.213  27.6s
18:09:26 INFO 第  29 轮  训练 0.01171  验证 pinball 0.01355  分时小区平均 β -0.213  27.5s
18:09:53 INFO 第  30 轮  训练 0.01156  验证 pinball 0.01474  分时小区平均 β -0.213  27.5s
18:09:53 INFO 验证损失 15 轮未改善，提前停止
18:09:58 INFO 切换点一致性（all）：观测 β -1.180（0.393）  模型 β -0.577（0.173）
18:09:58 INFO 切换点一致性（novel）：观测 β -0.367（0.505）  模型 β -0.250（0.181）
18:10:15 INFO 测试期 MAE 0.0444  WAPE 0.227  CRPS 0.0256  PICP90 原始 0.856 / ACI 0.902；输出 D:\EV充电因果预测sci论文\05_实验结果\runs\abl_A13_soft1_s2
== abl_A13_soft1_s2  完成，用时 14.3 分钟
== abl_A13_soft10_s2  开始 18:10:16
18:10:18 INFO 运行 abl_A13_soft10_s2，设备 cuda，torch 2.11.0+cu128
18:10:19 INFO 数据：T=4344 N=275 训练/验证/测试起点 3001/409/841；{'train': ('2022-09-01', '2023-01-05'), 'val': ('2023-01-06', '2023-01-23'), 'test': ('2023-01-24', '2023-02-28')}
18:10:19 INFO 模型参数 199,326；锚定方式 soft；锚定来源 fivemin_main
18:10:51 INFO 第   1 轮  训练 0.02312  验证 pinball 0.01823  分时小区平均 β -0.213  28.3s
18:11:19 INFO 第   2 轮  训练 0.01843  验证 pinball 0.01581  分时小区平均 β -0.213  28.0s
18:11:47 INFO 第   3 轮  训练 0.01690  验证 pinball 0.01476  分时小区平均 β -0.213  27.6s
18:12:14 INFO 第   4 轮  训练 0.01554  验证 pinball 0.01442  分时小区平均 β -0.213  27.6s
18:12:42 INFO 第   5 轮  训练 0.01478  验证 pinball 0.01439  分时小区平均 β -0.213  27.5s
18:13:10 INFO 第   6 轮  训练 0.01440  验证 pinball 0.01394  分时小区平均 β -0.213  27.6s
18:13:37 INFO 第   7 轮  训练 0.01406  验证 pinball 0.01374  分时小区平均 β -0.213  27.5s
18:14:05 INFO 第   8 轮  训练 0.01376  验证 pinball 0.01369  分时小区平均 β -0.213  27.6s
18:14:32 INFO 第   9 轮  训练 0.01355  验证 pinball 0.01347  分时小区平均 β -0.213  27.6s
18:15:00 INFO 第  10 轮  训练 0.01342  验证 pinball 0.01360  分时小区平均 β -0.213  27.7s
18:15:28 INFO 第  11 轮  训练 0.01323  验证 pinball 0.01362  分时小区平均 β -0.213  27.6s
18:15:55 INFO 第  12 轮  训练 0.01302  验证 pinball 0.01317  分时小区平均 β -0.213  27.6s
18:16:22 INFO 第  13 轮  训练 0.01299  验证 pinball 0.01366  分时小区平均 β -0.213  27.3s
18:16:50 INFO 第  14 轮  训练 0.01284  验证 pinball 0.01381  分时小区平均 β -0.213  27.4s
18:17:18 INFO 第  15 轮  训练 0.01271  验证 pinball 0.01314  分时小区平均 β -0.213  27.7s
18:17:45 INFO 第  16 轮  训练 0.01260  验证 pinball 0.01412  分时小区平均 β -0.213  27.5s
18:18:13 INFO 第  17 轮  训练 0.01259  验证 pinball 0.01318  分时小区平均 β -0.213  27.6s
18:18:40 INFO 第  18 轮  训练 0.01242  验证 pinball 0.01319  分时小区平均 β -0.213  27.8s
18:19:08 INFO 第  19 轮  训练 0.01229  验证 pinball 0.01349  分时小区平均 β -0.213  27.7s
18:19:36 INFO 第  20 轮  训练 0.01224  验证 pinball 0.01380  分时小区平均 β -0.213  27.6s
18:20:03 INFO 第  21 轮  训练 0.01215  验证 pinball 0.01382  分时小区平均 β -0.213  27.6s
18:20:31 INFO 第  22 轮  训练 0.01212  验证 pinball 0.01346  分时小区平均 β -0.213  27.7s
18:20:59 INFO 第  23 轮  训练 0.01202  验证 pinball 0.01376  分时小区平均 β -0.213  27.7s
18:21:26 INFO 第  24 轮  训练 0.01191  验证 pinball 0.01325  分时小区平均 β -0.213  27.4s
18:21:54 INFO 第  25 轮  训练 0.01186  验证 pinball 0.01328  分时小区平均 β -0.213  27.6s
18:22:22 INFO 第  26 轮  训练 0.01187  验证 pinball 0.01351  分时小区平均 β -0.213  27.8s
18:22:49 INFO 第  27 轮  训练 0.01173  验证 pinball 0.01374  分时小区平均 β -0.213  27.8s
18:23:17 INFO 第  28 轮  训练 0.01170  验证 pinball 0.01360  分时小区平均 β -0.213  27.9s
18:23:45 INFO 第  29 轮  训练 0.01170  验证 pinball 0.01355  分时小区平均 β -0.213  27.7s
18:24:13 INFO 第  30 轮  训练 0.01155  验证 pinball 0.01459  分时小区平均 β -0.213  27.6s
18:24:13 INFO 验证损失 15 轮未改善，提前停止
18:24:18 INFO 切换点一致性（all）：观测 β -1.180（0.393）  模型 β -0.570（0.170）
18:24:18 INFO 切换点一致性（novel）：观测 β -0.367（0.505）  模型 β -0.263（0.172）
18:24:36 INFO 测试期 MAE 0.0444  WAPE 0.227  CRPS 0.0255  PICP90 原始 0.856 / ACI 0.902；输出 D:\EV充电因果预测sci论文\05_实验结果\runs\abl_A13_soft10_s2
== abl_A13_soft10_s2  完成，用时 14.4 分钟
== abl_A14_nomask_s2  开始 18:24:38
18:24:40 INFO 运行 abl_A14_nomask_s2，设备 cuda，torch 2.11.0+cu128
18:24:41 INFO 数据：T=4344 N=275 训练/验证/测试起点 3001/409/841；{'train': ('2022-09-01', '2023-01-05'), 'val': ('2023-01-06', '2023-01-23'), 'test': ('2023-01-24', '2023-02-28')}
18:24:41 INFO 模型参数 198,211；锚定方式 cut；锚定来源 fivemin_main
18:25:12 INFO 第   1 轮  训练 0.02345  验证 pinball 0.01818  分时小区平均 β -0.213  27.4s
18:25:39 INFO 第   2 轮  训练 0.01865  验证 pinball 0.01591  分时小区平均 β -0.213  26.7s
18:26:06 INFO 第   3 轮  训练 0.01742  验证 pinball 0.01485  分时小区平均 β -0.213  26.9s
18:26:33 INFO 第   4 轮  训练 0.01630  验证 pinball 0.01465  分时小区平均 β -0.213  26.8s
18:26:59 INFO 第   5 轮  训练 0.01535  验证 pinball 0.01413  分时小区平均 β -0.213  26.7s
18:27:26 INFO 第   6 轮  训练 0.01483  验证 pinball 0.01372  分时小区平均 β -0.213  26.6s
18:27:53 INFO 第   7 轮  训练 0.01437  验证 pinball 0.01380  分时小区平均 β -0.213  26.7s
18:28:19 INFO 第   8 轮  训练 0.01399  验证 pinball 0.01350  分时小区平均 β -0.213  26.7s
18:28:46 INFO 第   9 轮  训练 0.01390  验证 pinball 0.01379  分时小区平均 β -0.213  26.6s
18:29:13 INFO 第  10 轮  训练 0.01367  验证 pinball 0.01372  分时小区平均 β -0.213  26.8s
18:29:39 INFO 第  11 轮  训练 0.01350  验证 pinball 0.01413  分时小区平均 β -0.213  26.7s
18:30:06 INFO 第  12 轮  训练 0.01327  验证 pinball 0.01310  分时小区平均 β -0.213  26.7s
18:30:33 INFO 第  13 轮  训练 0.01319  验证 pinball 0.01396  分时小区平均 β -0.213  26.8s
18:31:00 INFO 第  14 轮  训练 0.01305  验证 pinball 0.01346  分时小区平均 β -0.213  26.7s
18:31:26 INFO 第  15 轮  训练 0.01289  验证 pinball 0.01291  分时小区平均 β -0.213  26.7s
18:31:53 INFO 第  16 轮  训练 0.01283  验证 pinball 0.01420  分时小区平均 β -0.213  26.7s
18:32:20 INFO 第  17 轮  训练 0.01274  验证 pinball 0.01288  分时小区平均 β -0.213  26.8s
18:32:47 INFO 第  18 轮  训练 0.01258  验证 pinball 0.01295  分时小区平均 β -0.213  26.7s
18:33:13 INFO 第  19 轮  训练 0.01250  验证 pinball 0.01344  分时小区平均 β -0.213  26.8s
18:33:40 INFO 第  20 轮  训练 0.01241  验证 pinball 0.01352  分时小区平均 β -0.213  26.7s
18:34:07 INFO 第  21 轮  训练 0.01234  验证 pinball 0.01384  分时小区平均 β -0.213  26.7s
18:34:33 INFO 第  22 轮  训练 0.01228  验证 pinball 0.01287  分时小区平均 β -0.213  26.7s
18:35:00 INFO 第  23 轮  训练 0.01220  验证 pinball 0.01327  分时小区平均 β -0.213  26.8s
18:35:27 INFO 第  24 轮  训练 0.01203  验证 pinball 0.01316  分时小区平均 β -0.213  26.7s
18:35:54 INFO 第  25 轮  训练 0.01195  验证 pinball 0.01304  分时小区平均 β -0.213  26.6s
18:36:20 INFO 第  26 轮  训练 0.01203  验证 pinball 0.01355  分时小区平均 β -0.213  26.8s
18:36:47 INFO 第  27 轮  训练 0.01197  验证 pinball 0.01287  分时小区平均 β -0.213  26.7s
18:37:14 INFO 第  28 轮  训练 0.01182  验证 pinball 0.01320  分时小区平均 β -0.213  26.8s
18:37:41 INFO 第  29 轮  训练 0.01178  验证 pinball 0.01293  分时小区平均 β -0.213  26.8s
18:38:07 INFO 第  30 轮  训练 0.01170  验证 pinball 0.01393  分时小区平均 β -0.213  26.7s
18:38:34 INFO 第  31 轮  训练 0.01176  验证 pinball 0.01296  分时小区平均 β -0.213  26.6s
18:39:01 INFO 第  32 轮  训练 0.01166  验证 pinball 0.01324  分时小区平均 β -0.213  26.7s
18:39:28 INFO 第  33 轮  训练 0.01159  验证 pinball 0.01302  分时小区平均 β -0.213  26.8s
18:39:54 INFO 第  34 轮  训练 0.01163  验证 pinball 0.01383  分时小区平均 β -0.213  26.6s
18:40:21 INFO 第  35 轮  训练 0.01150  验证 pinball 0.01357  分时小区平均 β -0.213  26.7s
18:40:48 INFO 第  36 轮  训练 0.01139  验证 pinball 0.01297  分时小区平均 β -0.213  26.9s
18:41:14 INFO 第  37 轮  训练 0.01142  验证 pinball 0.01291  分时小区平均 β -0.213  26.7s
18:41:14 INFO 验证损失 15 轮未改善，提前停止
18:41:19 INFO 切换点一致性（all）：观测 β -1.180（0.393）  模型 β -0.511（0.195）
18:41:20 INFO 切换点一致性（novel）：观测 β -0.367（0.505）  模型 β -0.154（0.225）
18:41:38 INFO 测试期 MAE 0.0411  WAPE 0.246  CRPS 0.0239  PICP90 原始 0.838 / ACI 0.902；输出 D:\EV充电因果预测sci论文\05_实验结果\runs\abl_A14_nomask_s2
== abl_A14_nomask_s2  完成，用时 17.0 分钟
阶段 ablations 结束
